well	run_accession	sample_alias	experiment_alias	library_name	experiment_title.x	sample_description	sample_accession	experiment_accession	sample_title	experiment_title.y	read_count	base_count	fastq_ftp	fastq_md5	fastq_bytes	library_layout	passage	subsample	population	example_sample	treatment	replicate
A3	SRR10557492	exp-2_well-A3_passage-02_subsample-1	exp-2_well-A3_passage-02_subsample-1	exp-2_well-A3_passage-02_subsample-1	NextSeq 500 sequencing: Barcode sequencing of E. coli evolving in antibiotics	Microbe sample from Escherichia coli	SAMN13427760	SRX7239003	Microbe sample from Escherichia coli	NextSeq 500 sequencing: Barcode sequencing of E. coli evolving in antibiotics	886977	44348850	ftp.sra.ebi.ac.uk/vol1/fastq/SRR105/092/SRR10557492/SRR10557492.fastq.gz	f776a10b9e11b836c1b18aaaa9b9d0c3	21936879	SINGLE	2	1	Low CMP r1	SAMN13427806	Chloramphenicol 1 microgram/mL	1
A3	SRR10557481	exp-2_well-A3_passage-02_subsample-2	exp-2_well-A3_passage-02_subsample-2	exp-2_well-A3_passage-02_subsample-2	NextSeq 500 sequencing: Barcode sequencing of E. coli evolving in antibiotics	Microbe sample from Escherichia coli	SAMN13427761	SRX7239014	Microbe sample from Escherichia coli	NextSeq 500 sequencing: Barcode sequencing of E. coli evolving in antibiotics	843528	42176400	ftp.sra.ebi.ac.uk/vol1/fastq/SRR105/081/SRR10557481/SRR10557481.fastq.gz	dc8ec4b8461cdf521df9194a52777cfb	21162179	SINGLE	2	2	Low CMP r1	SAMN13427806	Chloramphenicol 1 microgram/mL	1
A3	SRR10557178	exp-2_well-A3_passage-02_subsample-3	exp-2_well-A3_passage-02_subsample-3	exp-2_well-A3_passage-02_subsample-3	NextSeq 500 sequencing: Barcode sequencing of E. coli evolving in antibiotics	Microbe sample from Escherichia coli	SAMN13427762	SRX7238645	Microbe sample from Escherichia coli	NextSeq 500 sequencing: Barcode sequencing of E. coli evolving in antibiotics	779155	38957750	ftp.sra.ebi.ac.uk/vol1/fastq/SRR105/078/SRR10557178/SRR10557178.fastq.gz	1cfdc4f570ba9826425d47b142a8366a	20724078	SINGLE	2	3	Low CMP r1	SAMN13427806	Chloramphenicol 1 microgram/mL	1
A3	SRR10557167	exp-2_well-A3_passage-02_subsample-4	exp-2_well-A3_passage-02_subsample-4	exp-2_well-A3_passage-02_subsample-4	NextSeq 500 sequencing: Barcode sequencing of E. coli evolving in antibiotics	Microbe sample from Escherichia coli	SAMN13427763	SRX7238656	Microbe sample from Escherichia coli	NextSeq 500 sequencing: Barcode sequencing of E. coli evolving in antibiotics	815935	40796750	ftp.sra.ebi.ac.uk/vol1/fastq/SRR105/067/SRR10557167/SRR10557167.fastq.gz	7d85eb2563e7da540c94347cb2578ddd	21379232	SINGLE	2	4	Low CMP r1	SAMN13427806	Chloramphenicol 1 microgram/mL	1
A3	SRR10557060	exp-2_well-A3_passage-04_subsample-1	exp-2_well-A3_passage-04_subsample-1	exp-2_well-A3_passage-04_subsample-1	NextSeq 500 sequencing: Barcode sequencing of E. coli evolving in antibiotics	Microbe sample from Escherichia coli	SAMN13427764	SRX7238763	Microbe sample from Escherichia coli	NextSeq 500 sequencing: Barcode sequencing of E. coli evolving in antibiotics	958010	47900500	ftp.sra.ebi.ac.uk/vol1/fastq/SRR105/060/SRR10557060/SRR10557060.fastq.gz	9627a0b435bc85bfbf345523c978af3c	22231529	SINGLE	4	1	Low CMP r1	SAMN13427806	Chloramphenicol 1 microgram/mL	1
A3	SRR10557049	exp-2_well-A3_passage-04_subsample-2	exp-2_well-A3_passage-04_subsample-2	exp-2_well-A3_passage-04_subsample-2	NextSeq 500 sequencing: Barcode sequencing of E. coli evolving in antibiotics	Microbe sample from Escherichia coli	SAMN13427765	SRX7238774	Microbe sample from Escherichia coli	NextSeq 500 sequencing: Barcode sequencing of E. coli evolving in antibiotics	916840	45842000	ftp.sra.ebi.ac.uk/vol1/fastq/SRR105/049/SRR10557049/SRR10557049.fastq.gz	a3cb8dc6153f53b56c9006b1f3a39474	21571224	SINGLE	4	2	Low CMP r1	SAMN13427806	Chloramphenicol 1 microgram/mL	1
A3	SRR10557038	exp-2_well-A3_passage-04_subsample-3	exp-2_well-A3_passage-04_subsample-3	exp-2_well-A3_passage-04_subsample-3	NextSeq 500 sequencing: Barcode sequencing of E. coli evolving in antibiotics	Microbe sample from Escherichia coli	SAMN13427766	SRX7238785	Microbe sample from Escherichia coli	NextSeq 500 sequencing: Barcode sequencing of E. coli evolving in antibiotics	864311	43215550	ftp.sra.ebi.ac.uk/vol1/fastq/SRR105/038/SRR10557038/SRR10557038.fastq.gz	413c25f08970664ab0361232718532bd	21605976	SINGLE	4	3	Low CMP r1	SAMN13427806	Chloramphenicol 1 microgram/mL	1
A3	SRR10556963	exp-2_well-A3_passage-04_subsample-4	exp-2_well-A3_passage-04_subsample-4	exp-2_well-A3_passage-04_subsample-4	NextSeq 500 sequencing: Barcode sequencing of E. coli evolving in antibiotics	Microbe sample from Escherichia coli	SAMN13427767	SRX7238860	Microbe sample from Escherichia coli	NextSeq 500 sequencing: Barcode sequencing of E. coli evolving in antibiotics	899371	44968550	ftp.sra.ebi.ac.uk/vol1/fastq/SRR105/063/SRR10556963/SRR10556963.fastq.gz	a85d60f8b903a920a88780ec07737754	22108887	SINGLE	4	4	Low CMP r1	SAMN13427806	Chloramphenicol 1 microgram/mL	1
A3	SRR10556951	exp-2_well-A3_passage-06_subsample-1	exp-2_well-A3_passage-06_subsample-1	exp-2_well-A3_passage-06_subsample-1	NextSeq 500 sequencing: Barcode sequencing of E. coli evolving in antibiotics	Microbe sample from Escherichia coli	SAMN13427768	SRX7238872	Microbe sample from Escherichia coli	NextSeq 500 sequencing: Barcode sequencing of E. coli evolving in antibiotics	997108	49855400	ftp.sra.ebi.ac.uk/vol1/fastq/SRR105/051/SRR10556951/SRR10556951.fastq.gz	f1b9d3040dba40eb24281faf35e1e1e0	24064628	SINGLE	6	1	Low CMP r1	SAMN13427806	Chloramphenicol 1 microgram/mL	1
A3	SRR10556940	exp-2_well-A3_passage-06_subsample-2	exp-2_well-A3_passage-06_subsample-2	exp-2_well-A3_passage-06_subsample-2	NextSeq 500 sequencing: Barcode sequencing of E. coli evolving in antibiotics	Microbe sample from Escherichia coli	SAMN13427769	SRX7238883	Microbe sample from Escherichia coli	NextSeq 500 sequencing: Barcode sequencing of E. coli evolving in antibiotics	966773	48338650	ftp.sra.ebi.ac.uk/vol1/fastq/SRR105/040/SRR10556940/SRR10556940.fastq.gz	b93a4d3d42d8e386f627f501bb0cd5f9	23622033	SINGLE	6	2	Low CMP r1	SAMN13427806	Chloramphenicol 1 microgram/mL	1
A3	SRR10557577	exp-2_well-A3_passage-06_subsample-3	exp-2_well-A3_passage-06_subsample-3	exp-2_well-A3_passage-06_subsample-3	NextSeq 500 sequencing: Barcode sequencing of E. coli evolving in antibiotics	Microbe sample from Escherichia coli	SAMN13427770	SRX7239326	Microbe sample from Escherichia coli	NextSeq 500 sequencing: Barcode sequencing of E. coli evolving in antibiotics	887872	44393600	ftp.sra.ebi.ac.uk/vol1/fastq/SRR105/077/SRR10557577/SRR10557577.fastq.gz	cde0d2f760a23ddb8b3f73109d57959f	23127006	SINGLE	6	3	Low CMP r1	SAMN13427806	Chloramphenicol 1 microgram/mL	1
A3	SRR10557566	exp-2_well-A3_passage-06_subsample-4	exp-2_well-A3_passage-06_subsample-4	exp-2_well-A3_passage-06_subsample-4	NextSeq 500 sequencing: Barcode sequencing of E. coli evolving in antibiotics	Microbe sample from Escherichia coli	SAMN13427771	SRX7239337	Microbe sample from Escherichia coli	NextSeq 500 sequencing: Barcode sequencing of E. coli evolving in antibiotics	938330	46916500	ftp.sra.ebi.ac.uk/vol1/fastq/SRR105/066/SRR10557566/SRR10557566.fastq.gz	ba012815a7fd6e9e54ab083657572cee	24078051	SINGLE	6	4	Low CMP r1	SAMN13427806	Chloramphenicol 1 microgram/mL	1
A3	SRR10557555	exp-2_well-A3_passage-08_subsample-1	exp-2_well-A3_passage-08_subsample-1	exp-2_well-A3_passage-08_subsample-1	NextSeq 500 sequencing: Barcode sequencing of E. coli evolving in antibiotics	Microbe sample from Escherichia coli	SAMN13427772	SRX7239348	Microbe sample from Escherichia coli	NextSeq 500 sequencing: Barcode sequencing of E. coli evolving in antibiotics	1217734	60886700	ftp.sra.ebi.ac.uk/vol1/fastq/SRR105/055/SRR10557555/SRR10557555.fastq.gz	3b9be546309761a866b79f4a73b106d7	29680623	SINGLE	8	1	Low CMP r1	SAMN13427806	Chloramphenicol 1 microgram/mL	1
A3	SRR10557024	exp-2_well-A3_passage-08_subsample-2	exp-2_well-A3_passage-08_subsample-2	exp-2_well-A3_passage-08_subsample-2	NextSeq 500 sequencing: Barcode sequencing of E. coli evolving in antibiotics	Microbe sample from Escherichia coli	SAMN13427773	SRX7238799	Microbe sample from Escherichia coli	NextSeq 500 sequencing: Barcode sequencing of E. coli evolving in antibiotics	1169209	58460450	ftp.sra.ebi.ac.uk/vol1/fastq/SRR105/024/SRR10557024/SRR10557024.fastq.gz	6cda3b4cebebe97260aeda99030ebe91	28923964	SINGLE	8	2	Low CMP r1	SAMN13427806	Chloramphenicol 1 microgram/mL	1
A3	SRR10557013	exp-2_well-A3_passage-08_subsample-3	exp-2_well-A3_passage-08_subsample-3	exp-2_well-A3_passage-08_subsample-3	NextSeq 500 sequencing: Barcode sequencing of E. coli evolving in antibiotics	Microbe sample from Escherichia coli	SAMN13427774	SRX7238810	Microbe sample from Escherichia coli	NextSeq 500 sequencing: Barcode sequencing of E. coli evolving in antibiotics	1090354	54517700	ftp.sra.ebi.ac.uk/vol1/fastq/SRR105/013/SRR10557013/SRR10557013.fastq.gz	ea4a2a57545e1928fffcc5eddecf723d	28592892	SINGLE	8	3	Low CMP r1	SAMN13427806	Chloramphenicol 1 microgram/mL	1
A3	SRR10557002	exp-2_well-A3_passage-08_subsample-4	exp-2_well-A3_passage-08_subsample-4	exp-2_well-A3_passage-08_subsample-4	NextSeq 500 sequencing: Barcode sequencing of E. coli evolving in antibiotics	Microbe sample from Escherichia coli	SAMN13427775	SRX7238821	Microbe sample from Escherichia coli	NextSeq 500 sequencing: Barcode sequencing of E. coli evolving in antibiotics	1136539	56826950	ftp.sra.ebi.ac.uk/vol1/fastq/SRR105/002/SRR10557002/SRR10557002.fastq.gz	f74dd5cca859c28e0a04ce320cdd33b8	29440236	SINGLE	8	4	Low CMP r1	SAMN13427806	Chloramphenicol 1 microgram/mL	1
A3	SRR10557119	exp-2_well-A3_passage-10_subsample-1	exp-2_well-A3_passage-10_subsample-1	exp-2_well-A3_passage-10_subsample-1	NextSeq 500 sequencing: Barcode sequencing of E. coli evolving in antibiotics	Microbe sample from Escherichia coli	SAMN13427776	SRX7238704	Microbe sample from Escherichia coli	NextSeq 500 sequencing: Barcode sequencing of E. coli evolving in antibiotics	1435127	71756350	ftp.sra.ebi.ac.uk/vol1/fastq/SRR105/019/SRR10557119/SRR10557119.fastq.gz	ae495b23c0dc0b82f49103c95f4a5065	33899032	SINGLE	10	1	Low CMP r1	SAMN13427806	Chloramphenicol 1 microgram/mL	1
A3	SRR10557108	exp-2_well-A3_passage-10_subsample-2	exp-2_well-A3_passage-10_subsample-2	exp-2_well-A3_passage-10_subsample-2	NextSeq 500 sequencing: Barcode sequencing of E. coli evolving in antibiotics	Microbe sample from Escherichia coli	SAMN13427777	SRX7238715	Microbe sample from Escherichia coli	NextSeq 500 sequencing: Barcode sequencing of E. coli evolving in antibiotics	1374645	68732250	ftp.sra.ebi.ac.uk/vol1/fastq/SRR105/008/SRR10557108/SRR10557108.fastq.gz	280082e64f89edcfe4c238837d06b867	32974736	SINGLE	10	2	Low CMP r1	SAMN13427806	Chloramphenicol 1 microgram/mL	1
A3	SRR10557096	exp-2_well-A3_passage-10_subsample-3	exp-2_well-A3_passage-10_subsample-3	exp-2_well-A3_passage-10_subsample-3	NextSeq 500 sequencing: Barcode sequencing of E. coli evolving in antibiotics	Microbe sample from Escherichia coli	SAMN13427778	SRX7238727	Microbe sample from Escherichia coli	NextSeq 500 sequencing: Barcode sequencing of E. coli evolving in antibiotics	1294552	64727600	ftp.sra.ebi.ac.uk/vol1/fastq/SRR105/096/SRR10557096/SRR10557096.fastq.gz	bb1fbd0e161a267bf8a75356757adc33	32921572	SINGLE	10	3	Low CMP r1	SAMN13427806	Chloramphenicol 1 microgram/mL	1
A3	SRR10557473	exp-2_well-A3_passage-10_subsample-4	exp-2_well-A3_passage-10_subsample-4	exp-2_well-A3_passage-10_subsample-4	NextSeq 500 sequencing: Barcode sequencing of E. coli evolving in antibiotics	Microbe sample from Escherichia coli	SAMN13427779	SRX7239022	Microbe sample from Escherichia coli	NextSeq 500 sequencing: Barcode sequencing of E. coli evolving in antibiotics	1345016	67250800	ftp.sra.ebi.ac.uk/vol1/fastq/SRR105/073/SRR10557473/SRR10557473.fastq.gz	00d3e9a315260a956c933e7a3f9b05a0	33718706	SINGLE	10	4	Low CMP r1	SAMN13427806	Chloramphenicol 1 microgram/mL	1
A3	SRR10557462	exp-2_well-A3_passage-12_subsample-1	exp-2_well-A3_passage-12_subsample-1	exp-2_well-A3_passage-12_subsample-1	NextSeq 500 sequencing: Barcode sequencing of E. coli evolving in antibiotics	Microbe sample from Escherichia coli	SAMN13427780	SRX7239033	Microbe sample from Escherichia coli	NextSeq 500 sequencing: Barcode sequencing of E. coli evolving in antibiotics	1055485	52774250	ftp.sra.ebi.ac.uk/vol1/fastq/SRR105/062/SRR10557462/SRR10557462.fastq.gz	eece6f0fd96eaae56ae56bbbc6733821	24202475	SINGLE	12	1	Low CMP r1	SAMN13427806	Chloramphenicol 1 microgram/mL	1
A3	SRR10557451	exp-2_well-A3_passage-12_subsample-2	exp-2_well-A3_passage-12_subsample-2	exp-2_well-A3_passage-12_subsample-2	NextSeq 500 sequencing: Barcode sequencing of E. coli evolving in antibiotics	Microbe sample from Escherichia coli	SAMN13427781	SRX7239044	Microbe sample from Escherichia coli	NextSeq 500 sequencing: Barcode sequencing of E. coli evolving in antibiotics	1009182	50459100	ftp.sra.ebi.ac.uk/vol1/fastq/SRR105/051/SRR10557451/SRR10557451.fastq.gz	cfe9f0789161d8c38028c73ea35c6712	23508078	SINGLE	12	2	Low CMP r1	SAMN13427806	Chloramphenicol 1 microgram/mL	1
A3	SRR10557148	exp-2_well-A3_passage-12_subsample-3	exp-2_well-A3_passage-12_subsample-3	exp-2_well-A3_passage-12_subsample-3	NextSeq 500 sequencing: Barcode sequencing of E. coli evolving in antibiotics	Microbe sample from Escherichia coli	SAMN13427782	SRX7238675	Microbe sample from Escherichia coli	NextSeq 500 sequencing: Barcode sequencing of E. coli evolving in antibiotics	950977	47548850	ftp.sra.ebi.ac.uk/vol1/fastq/SRR105/048/SRR10557148/SRR10557148.fastq.gz	f19dfb436475185c75d11a5abeb50eab	23550389	SINGLE	12	3	Low CMP r1	SAMN13427806	Chloramphenicol 1 microgram/mL	1
A3	SRR10557137	exp-2_well-A3_passage-12_subsample-4	exp-2_well-A3_passage-12_subsample-4	exp-2_well-A3_passage-12_subsample-4	NextSeq 500 sequencing: Barcode sequencing of E. coli evolving in antibiotics	Microbe sample from Escherichia coli	SAMN13427783	SRX7238686	Microbe sample from Escherichia coli	NextSeq 500 sequencing: Barcode sequencing of E. coli evolving in antibiotics	988700	49435000	ftp.sra.ebi.ac.uk/vol1/fastq/SRR105/037/SRR10557137/SRR10557137.fastq.gz	df764d06622689b5290fededddae01fb	24116792	SINGLE	12	4	Low CMP r1	SAMN13427806	Chloramphenicol 1 microgram/mL	1
A3	SRR10557126	exp-2_well-A3_passage-14_subsample-1	exp-2_well-A3_passage-14_subsample-1	exp-2_well-A3_passage-14_subsample-1	NextSeq 500 sequencing: Barcode sequencing of E. coli evolving in antibiotics	Microbe sample from Escherichia coli	SAMN13427784	SRX7238697	Microbe sample from Escherichia coli	NextSeq 500 sequencing: Barcode sequencing of E. coli evolving in antibiotics	1159591	57979550	ftp.sra.ebi.ac.uk/vol1/fastq/SRR105/026/SRR10557126/SRR10557126.fastq.gz	8b1678ccb51d38b20cf90f8bb12e9296	26743021	SINGLE	14	1	Low CMP r1	SAMN13427806	Chloramphenicol 1 microgram/mL	1
A3	SRR10557083	exp-2_well-A3_passage-14_subsample-2	exp-2_well-A3_passage-14_subsample-2	exp-2_well-A3_passage-14_subsample-2	NextSeq 500 sequencing: Barcode sequencing of E. coli evolving in antibiotics	Microbe sample from Escherichia coli	SAMN13427785	SRX7238740	Microbe sample from Escherichia coli	NextSeq 500 sequencing: Barcode sequencing of E. coli evolving in antibiotics	1110882	55544100	ftp.sra.ebi.ac.uk/vol1/fastq/SRR105/083/SRR10557083/SRR10557083.fastq.gz	1a2e4482f34b36e48896706b56243197	25213841	SINGLE	14	2	Low CMP r1	SAMN13427806	Chloramphenicol 1 microgram/mL	1
A3	SRR10557072	exp-2_well-A3_passage-14_subsample-3	exp-2_well-A3_passage-14_subsample-3	exp-2_well-A3_passage-14_subsample-3	NextSeq 500 sequencing: Barcode sequencing of E. coli evolving in antibiotics	Microbe sample from Escherichia coli	SAMN13427786	SRX7238751	Microbe sample from Escherichia coli	NextSeq 500 sequencing: Barcode sequencing of E. coli evolving in antibiotics	1145818	57290900	ftp.sra.ebi.ac.uk/vol1/fastq/SRR105/072/SRR10557072/SRR10557072.fastq.gz	87384236655aeec124e780ed5fdd66d7	27447021	SINGLE	14	3	Low CMP r1	SAMN13427806	Chloramphenicol 1 microgram/mL	1
A3	SRR10557061	exp-2_well-A3_passage-14_subsample-4	exp-2_well-A3_passage-14_subsample-4	exp-2_well-A3_passage-14_subsample-4	NextSeq 500 sequencing: Barcode sequencing of E. coli evolving in antibiotics	Microbe sample from Escherichia coli	SAMN13427787	SRX7238762	Microbe sample from Escherichia coli	NextSeq 500 sequencing: Barcode sequencing of E. coli evolving in antibiotics	1060097	53004850	ftp.sra.ebi.ac.uk/vol1/fastq/SRR105/061/SRR10557061/SRR10557061.fastq.gz	e13ad90094c8458fa8d16cc19b353970	26512070	SINGLE	14	4	Low CMP r1	SAMN13427806	Chloramphenicol 1 microgram/mL	1
A3	SRR10557405	exp-2_well-A3_passage-16_subsample-1	exp-2_well-A3_passage-16_subsample-1	exp-2_well-A3_passage-16_subsample-1	NextSeq 500 sequencing: Barcode sequencing of E. coli evolving in antibiotics	Microbe sample from Escherichia coli	SAMN13427788	SRX7239090	Microbe sample from Escherichia coli	NextSeq 500 sequencing: Barcode sequencing of E. coli evolving in antibiotics	1038859	51942950	ftp.sra.ebi.ac.uk/vol1/fastq/SRR105/005/SRR10557405/SRR10557405.fastq.gz	a25393c96918663e41e0d1682bee5700	23003582	SINGLE	16	1	Low CMP r1	SAMN13427806	Chloramphenicol 1 microgram/mL	1
A3	SRR10557394	exp-2_well-A3_passage-16_subsample-2	exp-2_well-A3_passage-16_subsample-2	exp-2_well-A3_passage-16_subsample-2	NextSeq 500 sequencing: Barcode sequencing of E. coli evolving in antibiotics	Microbe sample from Escherichia coli	SAMN13427789	SRX7239101	Microbe sample from Escherichia coli	NextSeq 500 sequencing: Barcode sequencing of E. coli evolving in antibiotics	996092	49804600	ftp.sra.ebi.ac.uk/vol1/fastq/SRR105/094/SRR10557394/SRR10557394.fastq.gz	4a9171e26433e1183576ff2b72d6f324	21676837	SINGLE	16	2	Low CMP r1	SAMN13427806	Chloramphenicol 1 microgram/mL	1
A3	SRR10556995	exp-2_well-A3_passage-16_subsample-3	exp-2_well-A3_passage-16_subsample-3	exp-2_well-A3_passage-16_subsample-3	NextSeq 500 sequencing: Barcode sequencing of E. coli evolving in antibiotics	Microbe sample from Escherichia coli	SAMN13427790	SRX7238828	Microbe sample from Escherichia coli	NextSeq 500 sequencing: Barcode sequencing of E. coli evolving in antibiotics	1036322	51816100	ftp.sra.ebi.ac.uk/vol1/fastq/SRR105/095/SRR10556995/SRR10556995.fastq.gz	b93dad524c50dfcd1188725899c14a55	23892410	SINGLE	16	3	Low CMP r1	SAMN13427806	Chloramphenicol 1 microgram/mL	1
A3	SRR10556984	exp-2_well-A3_passage-16_subsample-4	exp-2_well-A3_passage-16_subsample-4	exp-2_well-A3_passage-16_subsample-4	NextSeq 500 sequencing: Barcode sequencing of E. coli evolving in antibiotics	Microbe sample from Escherichia coli	SAMN13427791	SRX7238839	Microbe sample from Escherichia coli	NextSeq 500 sequencing: Barcode sequencing of E. coli evolving in antibiotics	956453	47822650	ftp.sra.ebi.ac.uk/vol1/fastq/SRR105/084/SRR10556984/SRR10556984.fastq.gz	6c886a80616404ecb2cdaf90762afe64	23165041	SINGLE	16	4	Low CMP r1	SAMN13427806	Chloramphenicol 1 microgram/mL	1
A3	SRR10556973	exp-2_well-A3_passage-18_subsample-1	exp-2_well-A3_passage-18_subsample-1	exp-2_well-A3_passage-18_subsample-1	NextSeq 500 sequencing: Barcode sequencing of E. coli evolving in antibiotics	Microbe sample from Escherichia coli	SAMN13427792	SRX7238850	Microbe sample from Escherichia coli	NextSeq 500 sequencing: Barcode sequencing of E. coli evolving in antibiotics	1279687	63984350	ftp.sra.ebi.ac.uk/vol1/fastq/SRR105/073/SRR10556973/SRR10556973.fastq.gz	f585c5fea8fc402cc628663581d7fdaa	27645917	SINGLE	18	1	Low CMP r1	SAMN13427806	Chloramphenicol 1 microgram/mL	1
A3	SRR10556930	exp-2_well-A3_passage-18_subsample-2	exp-2_well-A3_passage-18_subsample-2	exp-2_well-A3_passage-18_subsample-2	NextSeq 500 sequencing: Barcode sequencing of E. coli evolving in antibiotics	Microbe sample from Escherichia coli	SAMN13427793	SRX7238893	Microbe sample from Escherichia coli	NextSeq 500 sequencing: Barcode sequencing of E. coli evolving in antibiotics	1230420	61521000	ftp.sra.ebi.ac.uk/vol1/fastq/SRR105/030/SRR10556930/SRR10556930.fastq.gz	7a8955ad6ba33938025206d16b35fd03	26118511	SINGLE	18	2	Low CMP r1	SAMN13427806	Chloramphenicol 1 microgram/mL	1
A3	SRR10556919	exp-2_well-A3_passage-18_subsample-3	exp-2_well-A3_passage-18_subsample-3	exp-2_well-A3_passage-18_subsample-3	NextSeq 500 sequencing: Barcode sequencing of E. coli evolving in antibiotics	Microbe sample from Escherichia coli	SAMN13427794	SRX7238904	Microbe sample from Escherichia coli	NextSeq 500 sequencing: Barcode sequencing of E. coli evolving in antibiotics	1276799	63839950	ftp.sra.ebi.ac.uk/vol1/fastq/SRR105/019/SRR10556919/SRR10556919.fastq.gz	bd99d460c1455e5c93710a75c7dc1db4	28805180	SINGLE	18	3	Low CMP r1	SAMN13427806	Chloramphenicol 1 microgram/mL	1
A3	SRR10556908	exp-2_well-A3_passage-18_subsample-4	exp-2_well-A3_passage-18_subsample-4	exp-2_well-A3_passage-18_subsample-4	NextSeq 500 sequencing: Barcode sequencing of E. coli evolving in antibiotics	Microbe sample from Escherichia coli	SAMN13427795	SRX7238915	Microbe sample from Escherichia coli	NextSeq 500 sequencing: Barcode sequencing of E. coli evolving in antibiotics	1184100	59205000	ftp.sra.ebi.ac.uk/vol1/fastq/SRR105/008/SRR10556908/SRR10556908.fastq.gz	0f699d5cbd31e8f24ae0e002126c26a7	28034407	SINGLE	18	4	Low CMP r1	SAMN13427806	Chloramphenicol 1 microgram/mL	1
A3	SRR10557445	exp-2_well-A3_passage-20_subsample-1	exp-2_well-A3_passage-20_subsample-1	exp-2_well-A3_passage-20_subsample-1	NextSeq 500 sequencing: Barcode sequencing of E. coli evolving in antibiotics	Microbe sample from Escherichia coli	SAMN13427796	SRX7239050	Microbe sample from Escherichia coli	NextSeq 500 sequencing: Barcode sequencing of E. coli evolving in antibiotics	1303924	65196200	ftp.sra.ebi.ac.uk/vol1/fastq/SRR105/045/SRR10557445/SRR10557445.fastq.gz	50682bd6fe8e5d097e990c86e317cb64	27653185	SINGLE	20	1	Low CMP r1	SAMN13427806	Chloramphenicol 1 microgram/mL	1
A3	SRR10557434	exp-2_well-A3_passage-20_subsample-2	exp-2_well-A3_passage-20_subsample-2	exp-2_well-A3_passage-20_subsample-2	NextSeq 500 sequencing: Barcode sequencing of E. coli evolving in antibiotics	Microbe sample from Escherichia coli	SAMN13427797	SRX7239061	Microbe sample from Escherichia coli	NextSeq 500 sequencing: Barcode sequencing of E. coli evolving in antibiotics	1250106	62505300	ftp.sra.ebi.ac.uk/vol1/fastq/SRR105/034/SRR10557434/SRR10557434.fastq.gz	8f2df846326f30cbfc63140fbca653b5	26008618	SINGLE	20	2	Low CMP r1	SAMN13427806	Chloramphenicol 1 microgram/mL	1
A3	SRR10557422	exp-2_well-A3_passage-20_subsample-3	exp-2_well-A3_passage-20_subsample-3	exp-2_well-A3_passage-20_subsample-3	NextSeq 500 sequencing: Barcode sequencing of E. coli evolving in antibiotics	Microbe sample from Escherichia coli	SAMN13427798	SRX7239073	Microbe sample from Escherichia coli	NextSeq 500 sequencing: Barcode sequencing of E. coli evolving in antibiotics	1302854	65142700	ftp.sra.ebi.ac.uk/vol1/fastq/SRR105/022/SRR10557422/SRR10557422.fastq.gz	6100fba33e711eb8c16bae57cf0b1f21	28791927	SINGLE	20	3	Low CMP r1	SAMN13427806	Chloramphenicol 1 microgram/mL	1
A3	SRR10557379	exp-2_well-A3_passage-20_subsample-4	exp-2_well-A3_passage-20_subsample-4	exp-2_well-A3_passage-20_subsample-4	NextSeq 500 sequencing: Barcode sequencing of E. coli evolving in antibiotics	Microbe sample from Escherichia coli	SAMN13427799	SRX7239116	Microbe sample from Escherichia coli	NextSeq 500 sequencing: Barcode sequencing of E. coli evolving in antibiotics	1202349	60117450	ftp.sra.ebi.ac.uk/vol1/fastq/SRR105/079/SRR10557379/SRR10557379.fastq.gz	655635cf547d56fb99d0d88d56607c22	28025476	SINGLE	20	4	Low CMP r1	SAMN13427806	Chloramphenicol 1 microgram/mL	1
A3	SRR10557368	exp-2_well-A3_passage-22_subsample-1	exp-2_well-A3_passage-22_subsample-1	exp-2_well-A3_passage-22_subsample-1	NextSeq 500 sequencing: Barcode sequencing of E. coli evolving in antibiotics	Microbe sample from Escherichia coli	SAMN13427800	SRX7239127	Microbe sample from Escherichia coli	NextSeq 500 sequencing: Barcode sequencing of E. coli evolving in antibiotics	1026491	51324550	ftp.sra.ebi.ac.uk/vol1/fastq/SRR105/068/SRR10557368/SRR10557368.fastq.gz	ea96b2ff6849623b4b1e059a52e6236f	21172817	SINGLE	22	1	Low CMP r1	SAMN13427806	Chloramphenicol 1 microgram/mL	1
A3	SRR10557357	exp-2_well-A3_passage-22_subsample-2	exp-2_well-A3_passage-22_subsample-2	exp-2_well-A3_passage-22_subsample-2	NextSeq 500 sequencing: Barcode sequencing of E. coli evolving in antibiotics	Microbe sample from Escherichia coli	SAMN13427801	SRX7239138	Microbe sample from Escherichia coli	NextSeq 500 sequencing: Barcode sequencing of E. coli evolving in antibiotics	986570	49328500	ftp.sra.ebi.ac.uk/vol1/fastq/SRR105/057/SRR10557357/SRR10557357.fastq.gz	0a79b6e7784645b8f562740a4e5d4d35	19954147	SINGLE	22	2	Low CMP r1	SAMN13427806	Chloramphenicol 1 microgram/mL	1
A3	SRR10557538	exp-2_well-A3_passage-22_subsample-3	exp-2_well-A3_passage-22_subsample-3	exp-2_well-A3_passage-22_subsample-3	NextSeq 500 sequencing: Barcode sequencing of E. coli evolving in antibiotics	Microbe sample from Escherichia coli	SAMN13427802	SRX7238957	Microbe sample from Escherichia coli	NextSeq 500 sequencing: Barcode sequencing of E. coli evolving in antibiotics	1027989	51399450	ftp.sra.ebi.ac.uk/vol1/fastq/SRR105/038/SRR10557538/SRR10557538.fastq.gz	cd8631aea460c286cde165fc3a5fde25	22120577	SINGLE	22	3	Low CMP r1	SAMN13427806	Chloramphenicol 1 microgram/mL	1
A3	SRR10557527	exp-2_well-A3_passage-22_subsample-4	exp-2_well-A3_passage-22_subsample-4	exp-2_well-A3_passage-22_subsample-4	NextSeq 500 sequencing: Barcode sequencing of E. coli evolving in antibiotics	Microbe sample from Escherichia coli	SAMN13427803	SRX7238968	Microbe sample from Escherichia coli	NextSeq 500 sequencing: Barcode sequencing of E. coli evolving in antibiotics	953026	47651300	ftp.sra.ebi.ac.uk/vol1/fastq/SRR105/027/SRR10557527/SRR10557527.fastq.gz	f919e280b541de71fbd399087cfe5b3a	21708323	SINGLE	22	4	Low CMP r1	SAMN13427806	Chloramphenicol 1 microgram/mL	1
A3	SRR10557516	exp-2_well-A3_passage-30_subsample-1	exp-2_well-A3_passage-30_subsample-1	exp-2_well-A3_passage-30_subsample-1	NextSeq 500 sequencing: Barcode sequencing of E. coli evolving in antibiotics	Microbe sample from Escherichia coli	SAMN13427804	SRX7238979	Microbe sample from Escherichia coli	NextSeq 500 sequencing: Barcode sequencing of E. coli evolving in antibiotics	1055401	52770050	ftp.sra.ebi.ac.uk/vol1/fastq/SRR105/016/SRR10557516/SRR10557516.fastq.gz	7f5a4fb60ecd6e628899757e791f2356	20653916	SINGLE	30	1	Low CMP r1	SAMN13427806	Chloramphenicol 1 microgram/mL	1
A3	SRR10556893	exp-2_well-A3_passage-30_subsample-2	exp-2_well-A3_passage-30_subsample-2	exp-2_well-A3_passage-30_subsample-2	NextSeq 500 sequencing: Barcode sequencing of E. coli evolving in antibiotics	Microbe sample from Escherichia coli	SAMN13427805	SRX7238930	Microbe sample from Escherichia coli	NextSeq 500 sequencing: Barcode sequencing of E. coli evolving in antibiotics	1011437	50571850	ftp.sra.ebi.ac.uk/vol1/fastq/SRR105/093/SRR10556893/SRR10556893.fastq.gz	f998681c5058fc1c53972ff37ac3b04f	19382834	SINGLE	30	2	Low CMP r1	SAMN13427806	Chloramphenicol 1 microgram/mL	1
A3	SRR10556882	exp-2_well-A3_passage-30_subsample-3	exp-2_well-A3_passage-30_subsample-3	exp-2_well-A3_passage-30_subsample-3	NextSeq 500 sequencing: Barcode sequencing of E. coli evolving in antibiotics	Microbe sample from Escherichia coli	SAMN13427806	SRX7238941	Microbe sample from Escherichia coli	NextSeq 500 sequencing: Barcode sequencing of E. coli evolving in antibiotics	1049725	52486250	ftp.sra.ebi.ac.uk/vol1/fastq/SRR105/082/SRR10556882/SRR10556882.fastq.gz	4bb7ef49aac5596efc5c86c9d44e6a4b	21536449	SINGLE	30	3	Low CMP r1	SAMN13427806	Chloramphenicol 1 microgram/mL	1
A3	SRR10557615	exp-2_well-A3_passage-30_subsample-4	exp-2_well-A3_passage-30_subsample-4	exp-2_well-A3_passage-30_subsample-4	NextSeq 500 sequencing: Barcode sequencing of E. coli evolving in antibiotics	Microbe sample from Escherichia coli	SAMN13427807	SRX7239288	Microbe sample from Escherichia coli	NextSeq 500 sequencing: Barcode sequencing of E. coli evolving in antibiotics	978378	48918900	ftp.sra.ebi.ac.uk/vol1/fastq/SRR105/015/SRR10557615/SRR10557615.fastq.gz	c72ef662f483a8a56e51ee1172d720ae	21164594	SINGLE	30	4	Low CMP r1	SAMN13427806	Chloramphenicol 1 microgram/mL	1
B3	SRR10557343	exp-2_well-B3_passage-02_subsample-1	exp-2_well-B3_passage-02_subsample-1	exp-2_well-B3_passage-02_subsample-1	NextSeq 500 sequencing: Barcode sequencing of E. coli evolving in antibiotics	Microbe sample from Escherichia coli	SAMN13427808	SRX7239152	Microbe sample from Escherichia coli	NextSeq 500 sequencing: Barcode sequencing of E. coli evolving in antibiotics	898173	44908650	ftp.sra.ebi.ac.uk/vol1/fastq/SRR105/043/SRR10557343/SRR10557343.fastq.gz	e188f1f79de753226b580298318fb498	21967163	SINGLE	2	1	Low CMP r2	SAMN13427847	Chloramphenicol 1 microgram/mL	2
B3	SRR10557332	exp-2_well-B3_passage-02_subsample-2	exp-2_well-B3_passage-02_subsample-2	exp-2_well-B3_passage-02_subsample-2	NextSeq 500 sequencing: Barcode sequencing of E. coli evolving in antibiotics	Microbe sample from Escherichia coli	SAMN13427809	SRX7239163	Microbe sample from Escherichia coli	NextSeq 500 sequencing: Barcode sequencing of E. coli evolving in antibiotics	856345	42817250	ftp.sra.ebi.ac.uk/vol1/fastq/SRR105/032/SRR10557332/SRR10557332.fastq.gz	e6e6204a458d9d051787a65f311328d2	21253067	SINGLE	2	2	Low CMP r2	SAMN13427847	Chloramphenicol 1 microgram/mL	2
B3	SRR10557321	exp-2_well-B3_passage-02_subsample-3	exp-2_well-B3_passage-02_subsample-3	exp-2_well-B3_passage-02_subsample-3	NextSeq 500 sequencing: Barcode sequencing of E. coli evolving in antibiotics	Microbe sample from Escherichia coli	SAMN13427810	SRX7239174	Microbe sample from Escherichia coli	NextSeq 500 sequencing: Barcode sequencing of E. coli evolving in antibiotics	795147	39757350	ftp.sra.ebi.ac.uk/vol1/fastq/SRR105/021/SRR10557321/SRR10557321.fastq.gz	8f2c4c78f0ae91d7e8c315fc77dcbf9c	20953915	SINGLE	2	3	Low CMP r2	SAMN13427847	Chloramphenicol 1 microgram/mL	2
B3	SRR10557310	exp-2_well-B3_passage-02_subsample-4	exp-2_well-B3_passage-02_subsample-4	exp-2_well-B3_passage-02_subsample-4	NextSeq 500 sequencing: Barcode sequencing of E. coli evolving in antibiotics	Microbe sample from Escherichia coli	SAMN13427811	SRX7239185	Microbe sample from Escherichia coli	NextSeq 500 sequencing: Barcode sequencing of E. coli evolving in antibiotics	824777	41238850	ftp.sra.ebi.ac.uk/vol1/fastq/SRR105/010/SRR10557310/SRR10557310.fastq.gz	f1069592867102492cfada0cf6ea894e	21417935	SINGLE	2	4	Low CMP r2	SAMN13427847	Chloramphenicol 1 microgram/mL	2
B3	SRR10557299	exp-2_well-B3_passage-04_subsample-1	exp-2_well-B3_passage-04_subsample-1	exp-2_well-B3_passage-04_subsample-1	NextSeq 500 sequencing: Barcode sequencing of E. coli evolving in antibiotics	Microbe sample from Escherichia coli	SAMN13427812	SRX7239196	Microbe sample from Escherichia coli	NextSeq 500 sequencing: Barcode sequencing of E. coli evolving in antibiotics	1144951	57247550	ftp.sra.ebi.ac.uk/vol1/fastq/SRR105/099/SRR10557299/SRR10557299.fastq.gz	db1b165744aa2e768739110bfe0d481e	28022597	SINGLE	4	1	Low CMP r2	SAMN13427847	Chloramphenicol 1 microgram/mL	2
B3	SRR10557256	exp-2_well-B3_passage-04_subsample-2	exp-2_well-B3_passage-04_subsample-2	exp-2_well-B3_passage-04_subsample-2	NextSeq 500 sequencing: Barcode sequencing of E. coli evolving in antibiotics	Microbe sample from Escherichia coli	SAMN13427813	SRX7239239	Microbe sample from Escherichia coli	NextSeq 500 sequencing: Barcode sequencing of E. coli evolving in antibiotics	1096119	54805950	ftp.sra.ebi.ac.uk/vol1/fastq/SRR105/056/SRR10557256/SRR10557256.fastq.gz	786c53fa4d581df8c4a024f3a1483a24	27243843	SINGLE	4	2	Low CMP r2	SAMN13427847	Chloramphenicol 1 microgram/mL	2
B3	SRR10557245	exp-2_well-B3_passage-04_subsample-3	exp-2_well-B3_passage-04_subsample-3	exp-2_well-B3_passage-04_subsample-3	NextSeq 500 sequencing: Barcode sequencing of E. coli evolving in antibiotics	Microbe sample from Escherichia coli	SAMN13427814	SRX7239250	Microbe sample from Escherichia coli	NextSeq 500 sequencing: Barcode sequencing of E. coli evolving in antibiotics	1013502	50675100	ftp.sra.ebi.ac.uk/vol1/fastq/SRR105/045/SRR10557245/SRR10557245.fastq.gz	12003fa761b3938ba5349804896c557e	26714161	SINGLE	4	3	Low CMP r2	SAMN13427847	Chloramphenicol 1 microgram/mL	2
B3	SRR10557234	exp-2_well-B3_passage-04_subsample-4	exp-2_well-B3_passage-04_subsample-4	exp-2_well-B3_passage-04_subsample-4	NextSeq 500 sequencing: Barcode sequencing of E. coli evolving in antibiotics	Microbe sample from Escherichia coli	SAMN13427815	SRX7239261	Microbe sample from Escherichia coli	NextSeq 500 sequencing: Barcode sequencing of E. coli evolving in antibiotics	1053756	52687800	ftp.sra.ebi.ac.uk/vol1/fastq/SRR105/034/SRR10557234/SRR10557234.fastq.gz	d2e392b7840208f748d16f567ea68b22	27454413	SINGLE	4	4	Low CMP r2	SAMN13427847	Chloramphenicol 1 microgram/mL	2
B3	SRR10557223	exp-2_well-B3_passage-06_subsample-1	exp-2_well-B3_passage-06_subsample-1	exp-2_well-B3_passage-06_subsample-1	NextSeq 500 sequencing: Barcode sequencing of E. coli evolving in antibiotics	Microbe sample from Escherichia coli	SAMN13427816	SRX7239272	Microbe sample from Escherichia coli	NextSeq 500 sequencing: Barcode sequencing of E. coli evolving in antibiotics	892672	44633600	ftp.sra.ebi.ac.uk/vol1/fastq/SRR105/023/SRR10557223/SRR10557223.fastq.gz	965fa438c1dd1d54a81fa6e2e1515c23	21680184	SINGLE	6	1	Low CMP r2	SAMN13427847	Chloramphenicol 1 microgram/mL	2
B3	SRR10557212	exp-2_well-B3_passage-06_subsample-2	exp-2_well-B3_passage-06_subsample-2	exp-2_well-B3_passage-06_subsample-2	NextSeq 500 sequencing: Barcode sequencing of E. coli evolving in antibiotics	Microbe sample from Escherichia coli	SAMN13427817	SRX7238611	Microbe sample from Escherichia coli	NextSeq 500 sequencing: Barcode sequencing of E. coli evolving in antibiotics	856322	42816100	ftp.sra.ebi.ac.uk/vol1/fastq/SRR105/012/SRR10557212/SRR10557212.fastq.gz	92f20051203f8082a6fab6cda303961d	21094706	SINGLE	6	2	Low CMP r2	SAMN13427847	Chloramphenicol 1 microgram/mL	2
B3	SRR10557200	exp-2_well-B3_passage-06_subsample-3	exp-2_well-B3_passage-06_subsample-3	exp-2_well-B3_passage-06_subsample-3	NextSeq 500 sequencing: Barcode sequencing of E. coli evolving in antibiotics	Microbe sample from Escherichia coli	SAMN13427818	SRX7238623	Microbe sample from Escherichia coli	NextSeq 500 sequencing: Barcode sequencing of E. coli evolving in antibiotics	789505	39475250	ftp.sra.ebi.ac.uk/vol1/fastq/SRR105/000/SRR10557200/SRR10557200.fastq.gz	628c80d6c3034f65544203f4fe51142a	20686192	SINGLE	6	3	Low CMP r2	SAMN13427847	Chloramphenicol 1 microgram/mL	2
B3	SRR10557609	exp-2_well-B3_passage-06_subsample-4	exp-2_well-B3_passage-06_subsample-4	exp-2_well-B3_passage-06_subsample-4	NextSeq 500 sequencing: Barcode sequencing of E. coli evolving in antibiotics	Microbe sample from Escherichia coli	SAMN13427819	SRX7239294	Microbe sample from Escherichia coli	NextSeq 500 sequencing: Barcode sequencing of E. coli evolving in antibiotics	826993	41349650	ftp.sra.ebi.ac.uk/vol1/fastq/SRR105/009/SRR10557609/SRR10557609.fastq.gz	3b560e5e8423a4790e3d58f3a5cf815f	21345303	SINGLE	6	4	Low CMP r2	SAMN13427847	Chloramphenicol 1 microgram/mL	2
B3	SRR10557598	exp-2_well-B3_passage-08_subsample-1	exp-2_well-B3_passage-08_subsample-1	exp-2_well-B3_passage-08_subsample-1	NextSeq 500 sequencing: Barcode sequencing of E. coli evolving in antibiotics	Microbe sample from Escherichia coli	SAMN13427820	SRX7239305	Microbe sample from Escherichia coli	NextSeq 500 sequencing: Barcode sequencing of E. coli evolving in antibiotics	1636572	81828600	ftp.sra.ebi.ac.uk/vol1/fastq/SRR105/098/SRR10557598/SRR10557598.fastq.gz	9b1a362fd3eda0cd20eaf50f3e094f7d	39773878	SINGLE	8	1	Low CMP r2	SAMN13427847	Chloramphenicol 1 microgram/mL	2
B3	SRR10557587	exp-2_well-B3_passage-08_subsample-2	exp-2_well-B3_passage-08_subsample-2	exp-2_well-B3_passage-08_subsample-2	NextSeq 500 sequencing: Barcode sequencing of E. coli evolving in antibiotics	Microbe sample from Escherichia coli	SAMN13427821	SRX7239316	Microbe sample from Escherichia coli	NextSeq 500 sequencing: Barcode sequencing of E. coli evolving in antibiotics	1578742	78937100	ftp.sra.ebi.ac.uk/vol1/fastq/SRR105/087/SRR10557587/SRR10557587.fastq.gz	78c02045eaeed1ddc6d78bc62226d0a5	38873901	SINGLE	8	2	Low CMP r2	SAMN13427847	Chloramphenicol 1 microgram/mL	2
B3	SRR10557284	exp-2_well-B3_passage-08_subsample-3	exp-2_well-B3_passage-08_subsample-3	exp-2_well-B3_passage-08_subsample-3	NextSeq 500 sequencing: Barcode sequencing of E. coli evolving in antibiotics	Microbe sample from Escherichia coli	SAMN13427822	SRX7239211	Microbe sample from Escherichia coli	NextSeq 500 sequencing: Barcode sequencing of E. coli evolving in antibiotics	1461162	73058100	ftp.sra.ebi.ac.uk/vol1/fastq/SRR105/084/SRR10557284/SRR10557284.fastq.gz	6637631f4793ba0dfe765ede8cc38e2b	38224008	SINGLE	8	3	Low CMP r2	SAMN13427847	Chloramphenicol 1 microgram/mL	2
B3	SRR10557279	exp-2_well-B3_passage-08_subsample-4	exp-2_well-B3_passage-08_subsample-4	exp-2_well-B3_passage-08_subsample-4	NextSeq 500 sequencing: Barcode sequencing of E. coli evolving in antibiotics	Microbe sample from Escherichia coli	SAMN13427823	SRX7239216	Microbe sample from Escherichia coli	NextSeq 500 sequencing: Barcode sequencing of E. coli evolving in antibiotics	1534720	76736000	ftp.sra.ebi.ac.uk/vol1/fastq/SRR105/079/SRR10557279/SRR10557279.fastq.gz	7f3d6d8e7561ae0c5fd59d709b4cd4eb	39646961	SINGLE	8	4	Low CMP r2	SAMN13427847	Chloramphenicol 1 microgram/mL	2
B3	SRR10557278	exp-2_well-B3_passage-10_subsample-1	exp-2_well-B3_passage-10_subsample-1	exp-2_well-B3_passage-10_subsample-1	NextSeq 500 sequencing: Barcode sequencing of E. coli evolving in antibiotics	Microbe sample from Escherichia coli	SAMN13427824	SRX7239217	Microbe sample from Escherichia coli	NextSeq 500 sequencing: Barcode sequencing of E. coli evolving in antibiotics	1303049	65152450	ftp.sra.ebi.ac.uk/vol1/fastq/SRR105/078/SRR10557278/SRR10557278.fastq.gz	5ca1316db3abadbdec7182210ebaacd1	31265989	SINGLE	10	1	Low CMP r2	SAMN13427847	Chloramphenicol 1 microgram/mL	2
B3	SRR10557277	exp-2_well-B3_passage-10_subsample-2	exp-2_well-B3_passage-10_subsample-2	exp-2_well-B3_passage-10_subsample-2	NextSeq 500 sequencing: Barcode sequencing of E. coli evolving in antibiotics	Microbe sample from Escherichia coli	SAMN13427825	SRX7239218	Microbe sample from Escherichia coli	NextSeq 500 sequencing: Barcode sequencing of E. coli evolving in antibiotics	1257453	62872650	ftp.sra.ebi.ac.uk/vol1/fastq/SRR105/077/SRR10557277/SRR10557277.fastq.gz	51f88d734480cc8be7ce535223da717b	30615661	SINGLE	10	2	Low CMP r2	SAMN13427847	Chloramphenicol 1 microgram/mL	2
B3	SRR10557276	exp-2_well-B3_passage-10_subsample-3	exp-2_well-B3_passage-10_subsample-3	exp-2_well-B3_passage-10_subsample-3	NextSeq 500 sequencing: Barcode sequencing of E. coli evolving in antibiotics	Microbe sample from Escherichia coli	SAMN13427826	SRX7239219	Microbe sample from Escherichia coli	NextSeq 500 sequencing: Barcode sequencing of E. coli evolving in antibiotics	1175809	58790450	ftp.sra.ebi.ac.uk/vol1/fastq/SRR105/076/SRR10557276/SRR10557276.fastq.gz	26b635f021253ad7a2e1c5ee2bd9b4ca	30457889	SINGLE	10	3	Low CMP r2	SAMN13427847	Chloramphenicol 1 microgram/mL	2
B3	SRR10557275	exp-2_well-B3_passage-10_subsample-4	exp-2_well-B3_passage-10_subsample-4	exp-2_well-B3_passage-10_subsample-4	NextSeq 500 sequencing: Barcode sequencing of E. coli evolving in antibiotics	Microbe sample from Escherichia coli	SAMN13427827	SRX7239220	Microbe sample from Escherichia coli	NextSeq 500 sequencing: Barcode sequencing of E. coli evolving in antibiotics	1220282	61014100	ftp.sra.ebi.ac.uk/vol1/fastq/SRR105/075/SRR10557275/SRR10557275.fastq.gz	abff56b7436aef30f2122dbc77efb372	31208392	SINGLE	10	4	Low CMP r2	SAMN13427847	Chloramphenicol 1 microgram/mL	2
B3	SRR10557273	exp-2_well-B3_passage-12_subsample-1	exp-2_well-B3_passage-12_subsample-1	exp-2_well-B3_passage-12_subsample-1	NextSeq 500 sequencing: Barcode sequencing of E. coli evolving in antibiotics	Microbe sample from Escherichia coli	SAMN13427828	SRX7239222	Microbe sample from Escherichia coli	NextSeq 500 sequencing: Barcode sequencing of E. coli evolving in antibiotics	1344774	67238700	ftp.sra.ebi.ac.uk/vol1/fastq/SRR105/073/SRR10557273/SRR10557273.fastq.gz	77339ff4dcf0285833d60ac1dd4b515c	31639857	SINGLE	12	1	Low CMP r2	SAMN13427847	Chloramphenicol 1 microgram/mL	2
B3	SRR10557272	exp-2_well-B3_passage-12_subsample-2	exp-2_well-B3_passage-12_subsample-2	exp-2_well-B3_passage-12_subsample-2	NextSeq 500 sequencing: Barcode sequencing of E. coli evolving in antibiotics	Microbe sample from Escherichia coli	SAMN13427829	SRX7239223	Microbe sample from Escherichia coli	NextSeq 500 sequencing: Barcode sequencing of E. coli evolving in antibiotics	1298905	64945250	ftp.sra.ebi.ac.uk/vol1/fastq/SRR105/072/SRR10557272/SRR10557272.fastq.gz	3f77a9bd739d1eab5b72bc0fd7e04fc7	30975354	SINGLE	12	2	Low CMP r2	SAMN13427847	Chloramphenicol 1 microgram/mL	2
B3	SRR10557271	exp-2_well-B3_passage-12_subsample-3	exp-2_well-B3_passage-12_subsample-3	exp-2_well-B3_passage-12_subsample-3	NextSeq 500 sequencing: Barcode sequencing of E. coli evolving in antibiotics	Microbe sample from Escherichia coli	SAMN13427830	SRX7239224	Microbe sample from Escherichia coli	NextSeq 500 sequencing: Barcode sequencing of E. coli evolving in antibiotics	1202219	60110950	ftp.sra.ebi.ac.uk/vol1/fastq/SRR105/071/SRR10557271/SRR10557271.fastq.gz	3852c08387c50c26b825982d3a1e7f95	30562742	SINGLE	12	3	Low CMP r2	SAMN13427847	Chloramphenicol 1 microgram/mL	2
B3	SRR10557270	exp-2_well-B3_passage-12_subsample-4	exp-2_well-B3_passage-12_subsample-4	exp-2_well-B3_passage-12_subsample-4	NextSeq 500 sequencing: Barcode sequencing of E. coli evolving in antibiotics	Microbe sample from Escherichia coli	SAMN13427831	SRX7239225	Microbe sample from Escherichia coli	NextSeq 500 sequencing: Barcode sequencing of E. coli evolving in antibiotics	1264292	63214600	ftp.sra.ebi.ac.uk/vol1/fastq/SRR105/070/SRR10557270/SRR10557270.fastq.gz	e68084a285e4f3ee05ba32cd02380235	31690810	SINGLE	12	4	Low CMP r2	SAMN13427847	Chloramphenicol 1 microgram/mL	2
B3	SRR10557269	exp-2_well-B3_passage-14_subsample-1	exp-2_well-B3_passage-14_subsample-1	exp-2_well-B3_passage-14_subsample-1	NextSeq 500 sequencing: Barcode sequencing of E. coli evolving in antibiotics	Microbe sample from Escherichia coli	SAMN13427832	SRX7239226	Microbe sample from Escherichia coli	NextSeq 500 sequencing: Barcode sequencing of E. coli evolving in antibiotics	1280561	64028050	ftp.sra.ebi.ac.uk/vol1/fastq/SRR105/069/SRR10557269/SRR10557269.fastq.gz	214b8dfec89a2ac521ae137c109348e0	29139281	SINGLE	14	1	Low CMP r2	SAMN13427847	Chloramphenicol 1 microgram/mL	2
B3	SRR10557268	exp-2_well-B3_passage-14_subsample-2	exp-2_well-B3_passage-14_subsample-2	exp-2_well-B3_passage-14_subsample-2	NextSeq 500 sequencing: Barcode sequencing of E. coli evolving in antibiotics	Microbe sample from Escherichia coli	SAMN13427833	SRX7239227	Microbe sample from Escherichia coli	NextSeq 500 sequencing: Barcode sequencing of E. coli evolving in antibiotics	1221995	61099750	ftp.sra.ebi.ac.uk/vol1/fastq/SRR105/068/SRR10557268/SRR10557268.fastq.gz	7a63df728a97ed0837a8c9518ef276e7	27340708	SINGLE	14	2	Low CMP r2	SAMN13427847	Chloramphenicol 1 microgram/mL	2
B3	SRR10557267	exp-2_well-B3_passage-14_subsample-3	exp-2_well-B3_passage-14_subsample-3	exp-2_well-B3_passage-14_subsample-3	NextSeq 500 sequencing: Barcode sequencing of E. coli evolving in antibiotics	Microbe sample from Escherichia coli	SAMN13427834	SRX7239228	Microbe sample from Escherichia coli	NextSeq 500 sequencing: Barcode sequencing of E. coli evolving in antibiotics	1269273	63463650	ftp.sra.ebi.ac.uk/vol1/fastq/SRR105/067/SRR10557267/SRR10557267.fastq.gz	3a8a3b5f98810712c049b8a84269f2f9	30080951	SINGLE	14	3	Low CMP r2	SAMN13427847	Chloramphenicol 1 microgram/mL	2
B3	SRR10557266	exp-2_well-B3_passage-14_subsample-4	exp-2_well-B3_passage-14_subsample-4	exp-2_well-B3_passage-14_subsample-4	NextSeq 500 sequencing: Barcode sequencing of E. coli evolving in antibiotics	Microbe sample from Escherichia coli	SAMN13427835	SRX7239229	Microbe sample from Escherichia coli	NextSeq 500 sequencing: Barcode sequencing of E. coli evolving in antibiotics	1171342	58567100	ftp.sra.ebi.ac.uk/vol1/fastq/SRR105/066/SRR10557266/SRR10557266.fastq.gz	8df80ec3e5194bec50b691edf782fc4c	29011272	SINGLE	14	4	Low CMP r2	SAMN13427847	Chloramphenicol 1 microgram/mL	2
B3	SRR10557265	exp-2_well-B3_passage-16_subsample-1	exp-2_well-B3_passage-16_subsample-1	exp-2_well-B3_passage-16_subsample-1	NextSeq 500 sequencing: Barcode sequencing of E. coli evolving in antibiotics	Microbe sample from Escherichia coli	SAMN13427836	SRX7239230	Microbe sample from Escherichia coli	NextSeq 500 sequencing: Barcode sequencing of E. coli evolving in antibiotics	1343686	67184300	ftp.sra.ebi.ac.uk/vol1/fastq/SRR105/065/SRR10557265/SRR10557265.fastq.gz	8837f0b8b686d136e45ee20c5593c3cf	29711478	SINGLE	16	1	Low CMP r2	SAMN13427847	Chloramphenicol 1 microgram/mL	2
B3	SRR10557264	exp-2_well-B3_passage-16_subsample-2	exp-2_well-B3_passage-16_subsample-2	exp-2_well-B3_passage-16_subsample-2	NextSeq 500 sequencing: Barcode sequencing of E. coli evolving in antibiotics	Microbe sample from Escherichia coli	SAMN13427837	SRX7239231	Microbe sample from Escherichia coli	NextSeq 500 sequencing: Barcode sequencing of E. coli evolving in antibiotics	1284517	64225850	ftp.sra.ebi.ac.uk/vol1/fastq/SRR105/064/SRR10557264/SRR10557264.fastq.gz	c91fbf4e97ac7f44dc22bbb9a150b817	27981964	SINGLE	16	2	Low CMP r2	SAMN13427847	Chloramphenicol 1 microgram/mL	2
B3	SRR10557262	exp-2_well-B3_passage-16_subsample-3	exp-2_well-B3_passage-16_subsample-3	exp-2_well-B3_passage-16_subsample-3	NextSeq 500 sequencing: Barcode sequencing of E. coli evolving in antibiotics	Microbe sample from Escherichia coli	SAMN13427838	SRX7239233	Microbe sample from Escherichia coli	NextSeq 500 sequencing: Barcode sequencing of E. coli evolving in antibiotics	1335782	66789100	ftp.sra.ebi.ac.uk/vol1/fastq/SRR105/062/SRR10557262/SRR10557262.fastq.gz	cb797ebd793cdb462bf61914a35e00eb	30812507	SINGLE	16	3	Low CMP r2	SAMN13427847	Chloramphenicol 1 microgram/mL	2
B3	SRR10557261	exp-2_well-B3_passage-16_subsample-4	exp-2_well-B3_passage-16_subsample-4	exp-2_well-B3_passage-16_subsample-4	NextSeq 500 sequencing: Barcode sequencing of E. coli evolving in antibiotics	Microbe sample from Escherichia coli	SAMN13427839	SRX7239234	Microbe sample from Escherichia coli	NextSeq 500 sequencing: Barcode sequencing of E. coli evolving in antibiotics	1221671	61083550	ftp.sra.ebi.ac.uk/vol1/fastq/SRR105/061/SRR10557261/SRR10557261.fastq.gz	420a16fe9d1d80209d9c8efe27d4d59e	29612828	SINGLE	16	4	Low CMP r2	SAMN13427847	Chloramphenicol 1 microgram/mL	2
B3	SRR10557260	exp-2_well-B3_passage-18_subsample-1	exp-2_well-B3_passage-18_subsample-1	exp-2_well-B3_passage-18_subsample-1	NextSeq 500 sequencing: Barcode sequencing of E. coli evolving in antibiotics	Microbe sample from Escherichia coli	SAMN13427840	SRX7239235	Microbe sample from Escherichia coli	NextSeq 500 sequencing: Barcode sequencing of E. coli evolving in antibiotics	1239513	61975650	ftp.sra.ebi.ac.uk/vol1/fastq/SRR105/060/SRR10557260/SRR10557260.fastq.gz	fac1869afd82d5edf92de2cc5c0cf9be	26823601	SINGLE	18	1	Low CMP r2	SAMN13427847	Chloramphenicol 1 microgram/mL	2
B3	SRR10557259	exp-2_well-B3_passage-18_subsample-2	exp-2_well-B3_passage-18_subsample-2	exp-2_well-B3_passage-18_subsample-2	NextSeq 500 sequencing: Barcode sequencing of E. coli evolving in antibiotics	Microbe sample from Escherichia coli	SAMN13427841	SRX7239236	Microbe sample from Escherichia coli	NextSeq 500 sequencing: Barcode sequencing of E. coli evolving in antibiotics	1184731	59236550	ftp.sra.ebi.ac.uk/vol1/fastq/SRR105/059/SRR10557259/SRR10557259.fastq.gz	ce84b74302ca4dccb473e049b159ea5a	25213638	SINGLE	18	2	Low CMP r2	SAMN13427847	Chloramphenicol 1 microgram/mL	2
B3	SRR10557258	exp-2_well-B3_passage-18_subsample-3	exp-2_well-B3_passage-18_subsample-3	exp-2_well-B3_passage-18_subsample-3	NextSeq 500 sequencing: Barcode sequencing of E. coli evolving in antibiotics	Microbe sample from Escherichia coli	SAMN13427842	SRX7239237	Microbe sample from Escherichia coli	NextSeq 500 sequencing: Barcode sequencing of E. coli evolving in antibiotics	1236703	61835150	ftp.sra.ebi.ac.uk/vol1/fastq/SRR105/058/SRR10557258/SRR10557258.fastq.gz	e2f76f7232ab8a5ea6ffd9bb96e5877d	27919739	SINGLE	18	3	Low CMP r2	SAMN13427847	Chloramphenicol 1 microgram/mL	2
B3	SRR10557257	exp-2_well-B3_passage-18_subsample-4	exp-2_well-B3_passage-18_subsample-4	exp-2_well-B3_passage-18_subsample-4	NextSeq 500 sequencing: Barcode sequencing of E. coli evolving in antibiotics	Microbe sample from Escherichia coli	SAMN13427843	SRX7239238	Microbe sample from Escherichia coli	NextSeq 500 sequencing: Barcode sequencing of E. coli evolving in antibiotics	1139007	56950350	ftp.sra.ebi.ac.uk/vol1/fastq/SRR105/057/SRR10557257/SRR10557257.fastq.gz	7b02ac6ef1dba3d2c30179aa6b0cf14a	27056990	SINGLE	18	4	Low CMP r2	SAMN13427847	Chloramphenicol 1 microgram/mL	2
B3	SRR10557192	exp-2_well-B3_passage-20_subsample-1	exp-2_well-B3_passage-20_subsample-1	exp-2_well-B3_passage-20_subsample-1	NextSeq 500 sequencing: Barcode sequencing of E. coli evolving in antibiotics	Microbe sample from Escherichia coli	SAMN13427844	SRX7238631	Microbe sample from Escherichia coli	NextSeq 500 sequencing: Barcode sequencing of E. coli evolving in antibiotics	1358526	67926300	ftp.sra.ebi.ac.uk/vol1/fastq/SRR105/092/SRR10557192/SRR10557192.fastq.gz	2aa6cf3514d3b1a29de6fdde98537f34	28717061	SINGLE	20	1	Low CMP r2	SAMN13427847	Chloramphenicol 1 microgram/mL	2
B3	SRR10557191	exp-2_well-B3_passage-20_subsample-2	exp-2_well-B3_passage-20_subsample-2	exp-2_well-B3_passage-20_subsample-2	NextSeq 500 sequencing: Barcode sequencing of E. coli evolving in antibiotics	Microbe sample from Escherichia coli	SAMN13427845	SRX7238632	Microbe sample from Escherichia coli	NextSeq 500 sequencing: Barcode sequencing of E. coli evolving in antibiotics	1302176	65108800	ftp.sra.ebi.ac.uk/vol1/fastq/SRR105/091/SRR10557191/SRR10557191.fastq.gz	471758041adc1703d96048b5baadd18a	27027884	SINGLE	20	2	Low CMP r2	SAMN13427847	Chloramphenicol 1 microgram/mL	2
B3	SRR10557190	exp-2_well-B3_passage-20_subsample-3	exp-2_well-B3_passage-20_subsample-3	exp-2_well-B3_passage-20_subsample-3	NextSeq 500 sequencing: Barcode sequencing of E. coli evolving in antibiotics	Microbe sample from Escherichia coli	SAMN13427846	SRX7238633	Microbe sample from Escherichia coli	NextSeq 500 sequencing: Barcode sequencing of E. coli evolving in antibiotics	1362510	68125500	ftp.sra.ebi.ac.uk/vol1/fastq/SRR105/090/SRR10557190/SRR10557190.fastq.gz	884dd2eb4a2a5b08121b97affd5ca99f	29942740	SINGLE	20	3	Low CMP r2	SAMN13427847	Chloramphenicol 1 microgram/mL	2
B3	SRR10557189	exp-2_well-B3_passage-20_subsample-4	exp-2_well-B3_passage-20_subsample-4	exp-2_well-B3_passage-20_subsample-4	NextSeq 500 sequencing: Barcode sequencing of E. coli evolving in antibiotics	Microbe sample from Escherichia coli	SAMN13427847	SRX7238634	Microbe sample from Escherichia coli	NextSeq 500 sequencing: Barcode sequencing of E. coli evolving in antibiotics	1251507	62575350	ftp.sra.ebi.ac.uk/vol1/fastq/SRR105/089/SRR10557189/SRR10557189.fastq.gz	e57282c12521e0789c325ea87125011f	29083045	SINGLE	20	4	Low CMP r2	SAMN13427847	Chloramphenicol 1 microgram/mL	2
B3	SRR10557545	exp-2_well-B3_passage-22_subsample-1	exp-2_well-B3_passage-22_subsample-1	exp-2_well-B3_passage-22_subsample-1	NextSeq 500 sequencing: Barcode sequencing of E. coli evolving in antibiotics	Microbe sample from Escherichia coli	SAMN13427848	SRX7238950	Microbe sample from Escherichia coli	NextSeq 500 sequencing: Barcode sequencing of E. coli evolving in antibiotics	1379790	68989500	ftp.sra.ebi.ac.uk/vol1/fastq/SRR105/045/SRR10557545/SRR10557545.fastq.gz	6b5923a1695d177f6ed0b26533e1eca3	28302658	SINGLE	22	1	Low CMP r2	SAMN13427847	Chloramphenicol 1 microgram/mL	2
B3	SRR10557512	exp-2_well-B3_passage-22_subsample-2	exp-2_well-B3_passage-22_subsample-2	exp-2_well-B3_passage-22_subsample-2	NextSeq 500 sequencing: Barcode sequencing of E. coli evolving in antibiotics	Microbe sample from Escherichia coli	SAMN13427849	SRX7238983	Microbe sample from Escherichia coli	NextSeq 500 sequencing: Barcode sequencing of E. coli evolving in antibiotics	1321882	66094100	ftp.sra.ebi.ac.uk/vol1/fastq/SRR105/012/SRR10557512/SRR10557512.fastq.gz	e5f128d5a9d7a8fd79696a07589d359b	26591004	SINGLE	22	2	Low CMP r2	SAMN13427847	Chloramphenicol 1 microgram/mL	2
B3	SRR10557511	exp-2_well-B3_passage-22_subsample-3	exp-2_well-B3_passage-22_subsample-3	exp-2_well-B3_passage-22_subsample-3	NextSeq 500 sequencing: Barcode sequencing of E. coli evolving in antibiotics	Microbe sample from Escherichia coli	SAMN13427850	SRX7238984	Microbe sample from Escherichia coli	NextSeq 500 sequencing: Barcode sequencing of E. coli evolving in antibiotics	1379557	68977850	ftp.sra.ebi.ac.uk/vol1/fastq/SRR105/011/SRR10557511/SRR10557511.fastq.gz	0781c4b708df1664a540701fc7a50c1e	29574859	SINGLE	22	3	Low CMP r2	SAMN13427847	Chloramphenicol 1 microgram/mL	2
B3	SRR10557510	exp-2_well-B3_passage-22_subsample-4	exp-2_well-B3_passage-22_subsample-4	exp-2_well-B3_passage-22_subsample-4	NextSeq 500 sequencing: Barcode sequencing of E. coli evolving in antibiotics	Microbe sample from Escherichia coli	SAMN13427851	SRX7238985	Microbe sample from Escherichia coli	NextSeq 500 sequencing: Barcode sequencing of E. coli evolving in antibiotics	1272955	63647750	ftp.sra.ebi.ac.uk/vol1/fastq/SRR105/010/SRR10557510/SRR10557510.fastq.gz	2f8b110ad263092691e5ab007f7ac5bf	28878440	SINGLE	22	4	Low CMP r2	SAMN13427847	Chloramphenicol 1 microgram/mL	2
B3	SRR10557509	exp-2_well-B3_passage-30_subsample-1	exp-2_well-B3_passage-30_subsample-1	exp-2_well-B3_passage-30_subsample-1	NextSeq 500 sequencing: Barcode sequencing of E. coli evolving in antibiotics	Microbe sample from Escherichia coli	SAMN13427852	SRX7238986	Microbe sample from Escherichia coli	NextSeq 500 sequencing: Barcode sequencing of E. coli evolving in antibiotics	1332301	66615050	ftp.sra.ebi.ac.uk/vol1/fastq/SRR105/009/SRR10557509/SRR10557509.fastq.gz	b3375e2f649192ebc4338d9217cfca78	27897544	SINGLE	30	1	Low CMP r2	SAMN13427847	Chloramphenicol 1 microgram/mL	2
B3	SRR10557508	exp-2_well-B3_passage-30_subsample-2	exp-2_well-B3_passage-30_subsample-2	exp-2_well-B3_passage-30_subsample-2	NextSeq 500 sequencing: Barcode sequencing of E. coli evolving in antibiotics	Microbe sample from Escherichia coli	SAMN13427853	SRX7238987	Microbe sample from Escherichia coli	NextSeq 500 sequencing: Barcode sequencing of E. coli evolving in antibiotics	1270175	63508750	ftp.sra.ebi.ac.uk/vol1/fastq/SRR105/008/SRR10557508/SRR10557508.fastq.gz	92e2564627c961061b05ade24b4e4eef	26097407	SINGLE	30	2	Low CMP r2	SAMN13427847	Chloramphenicol 1 microgram/mL	2
B3	SRR10557507	exp-2_well-B3_passage-30_subsample-3	exp-2_well-B3_passage-30_subsample-3	exp-2_well-B3_passage-30_subsample-3	NextSeq 500 sequencing: Barcode sequencing of E. coli evolving in antibiotics	Microbe sample from Escherichia coli	SAMN13427854	SRX7238988	Microbe sample from Escherichia coli	NextSeq 500 sequencing: Barcode sequencing of E. coli evolving in antibiotics	1326255	66312750	ftp.sra.ebi.ac.uk/vol1/fastq/SRR105/007/SRR10557507/SRR10557507.fastq.gz	565358f997b1a063f5f36df3d5e0a68f	28934976	SINGLE	30	3	Low CMP r2	SAMN13427847	Chloramphenicol 1 microgram/mL	2
B3	SRR10557506	exp-2_well-B3_passage-30_subsample-4	exp-2_well-B3_passage-30_subsample-4	exp-2_well-B3_passage-30_subsample-4	NextSeq 500 sequencing: Barcode sequencing of E. coli evolving in antibiotics	Microbe sample from Escherichia coli	SAMN13427855	SRX7238989	Microbe sample from Escherichia coli	NextSeq 500 sequencing: Barcode sequencing of E. coli evolving in antibiotics	1231346	61567300	ftp.sra.ebi.ac.uk/vol1/fastq/SRR105/006/SRR10557506/SRR10557506.fastq.gz	ce29c035f0f599d16d6b2207946d7648	28222297	SINGLE	30	4	Low CMP r2	SAMN13427847	Chloramphenicol 1 microgram/mL	2
C3	SRR10557505	exp-2_well-C3_passage-02_subsample-1	exp-2_well-C3_passage-02_subsample-1	exp-2_well-C3_passage-02_subsample-1	NextSeq 500 sequencing: Barcode sequencing of E. coli evolving in antibiotics	Microbe sample from Escherichia coli	SAMN13427856	SRX7238990	Microbe sample from Escherichia coli	NextSeq 500 sequencing: Barcode sequencing of E. coli evolving in antibiotics	822203	41110150	ftp.sra.ebi.ac.uk/vol1/fastq/SRR105/005/SRR10557505/SRR10557505.fastq.gz	9d48acd5358318f8b134a3bfba58bd5a	20353880	SINGLE	2	1	Low CMP r3	SAMN13427903	Chloramphenicol 1 microgram/mL	3
C3	SRR10557504	exp-2_well-C3_passage-02_subsample-2	exp-2_well-C3_passage-02_subsample-2	exp-2_well-C3_passage-02_subsample-2	NextSeq 500 sequencing: Barcode sequencing of E. coli evolving in antibiotics	Microbe sample from Escherichia coli	SAMN13427857	SRX7238991	Microbe sample from Escherichia coli	NextSeq 500 sequencing: Barcode sequencing of E. coli evolving in antibiotics	776220	38811000	ftp.sra.ebi.ac.uk/vol1/fastq/SRR105/004/SRR10557504/SRR10557504.fastq.gz	d7b0333427fcaae0da5defa61091991e	19519893	SINGLE	2	2	Low CMP r3	SAMN13427903	Chloramphenicol 1 microgram/mL	3
C3	SRR10557502	exp-2_well-C3_passage-02_subsample-3	exp-2_well-C3_passage-02_subsample-3	exp-2_well-C3_passage-02_subsample-3	NextSeq 500 sequencing: Barcode sequencing of E. coli evolving in antibiotics	Microbe sample from Escherichia coli	SAMN13427858	SRX7238993	Microbe sample from Escherichia coli	NextSeq 500 sequencing: Barcode sequencing of E. coli evolving in antibiotics	714925	35746250	ftp.sra.ebi.ac.uk/vol1/fastq/SRR105/002/SRR10557502/SRR10557502.fastq.gz	4fbde1046de3a8ff454beff6aa547b16	19058881	SINGLE	2	3	Low CMP r3	SAMN13427903	Chloramphenicol 1 microgram/mL	3
C3	SRR10557501	exp-2_well-C3_passage-02_subsample-4	exp-2_well-C3_passage-02_subsample-4	exp-2_well-C3_passage-02_subsample-4	NextSeq 500 sequencing: Barcode sequencing of E. coli evolving in antibiotics	Microbe sample from Escherichia coli	SAMN13427859	SRX7238994	Microbe sample from Escherichia coli	NextSeq 500 sequencing: Barcode sequencing of E. coli evolving in antibiotics	750296	37514800	ftp.sra.ebi.ac.uk/vol1/fastq/SRR105/001/SRR10557501/SRR10557501.fastq.gz	04be81cc15e868f3226796b8576de1a3	19638503	SINGLE	2	4	Low CMP r3	SAMN13427903	Chloramphenicol 1 microgram/mL	3
C3	SRR10557500	exp-2_well-C3_passage-04_subsample-1	exp-2_well-C3_passage-04_subsample-1	exp-2_well-C3_passage-04_subsample-1	NextSeq 500 sequencing: Barcode sequencing of E. coli evolving in antibiotics	Microbe sample from Escherichia coli	SAMN13427860	SRX7238995	Microbe sample from Escherichia coli	NextSeq 500 sequencing: Barcode sequencing of E. coli evolving in antibiotics	1427325	71366250	ftp.sra.ebi.ac.uk/vol1/fastq/SRR105/000/SRR10557500/SRR10557500.fastq.gz	eef333b6a1df7a6f9644abe0b82cd568	34759491	SINGLE	4	1	Low CMP r3	SAMN13427903	Chloramphenicol 1 microgram/mL	3
C3	SRR10557499	exp-2_well-C3_passage-04_subsample-2	exp-2_well-C3_passage-04_subsample-2	exp-2_well-C3_passage-04_subsample-2	NextSeq 500 sequencing: Barcode sequencing of E. coli evolving in antibiotics	Microbe sample from Escherichia coli	SAMN13427861	SRX7238996	Microbe sample from Escherichia coli	NextSeq 500 sequencing: Barcode sequencing of E. coli evolving in antibiotics	1377082	68854100	ftp.sra.ebi.ac.uk/vol1/fastq/SRR105/099/SRR10557499/SRR10557499.fastq.gz	519742e711163f0974402c196dd8c488	33942138	SINGLE	4	2	Low CMP r3	SAMN13427903	Chloramphenicol 1 microgram/mL	3
C3	SRR10557498	exp-2_well-C3_passage-04_subsample-3	exp-2_well-C3_passage-04_subsample-3	exp-2_well-C3_passage-04_subsample-3	NextSeq 500 sequencing: Barcode sequencing of E. coli evolving in antibiotics	Microbe sample from Escherichia coli	SAMN13427862	SRX7238997	Microbe sample from Escherichia coli	NextSeq 500 sequencing: Barcode sequencing of E. coli evolving in antibiotics	1282804	64140200	ftp.sra.ebi.ac.uk/vol1/fastq/SRR105/098/SRR10557498/SRR10557498.fastq.gz	e75d0d47dec82070081221cd08281026	33767244	SINGLE	4	3	Low CMP r3	SAMN13427903	Chloramphenicol 1 microgram/mL	3
C3	SRR10557497	exp-2_well-C3_passage-04_subsample-4	exp-2_well-C3_passage-04_subsample-4	exp-2_well-C3_passage-04_subsample-4	NextSeq 500 sequencing: Barcode sequencing of E. coli evolving in antibiotics	Microbe sample from Escherichia coli	SAMN13427863	SRX7238998	Microbe sample from Escherichia coli	NextSeq 500 sequencing: Barcode sequencing of E. coli evolving in antibiotics	1332684	66634200	ftp.sra.ebi.ac.uk/vol1/fastq/SRR105/097/SRR10557497/SRR10557497.fastq.gz	ce772d19c219866fc1a354f285ce246b	34502616	SINGLE	4	4	Low CMP r3	SAMN13427903	Chloramphenicol 1 microgram/mL	3
C3	SRR10557496	exp-2_well-C3_passage-06_subsample-1	exp-2_well-C3_passage-06_subsample-1	exp-2_well-C3_passage-06_subsample-1	NextSeq 500 sequencing: Barcode sequencing of E. coli evolving in antibiotics	Microbe sample from Escherichia coli	SAMN13427864	SRX7238999	Microbe sample from Escherichia coli	NextSeq 500 sequencing: Barcode sequencing of E. coli evolving in antibiotics	1092213	54610650	ftp.sra.ebi.ac.uk/vol1/fastq/SRR105/096/SRR10557496/SRR10557496.fastq.gz	d8549d1ad45a541c20dea992627f241e	26234701	SINGLE	6	1	Low CMP r3	SAMN13427903	Chloramphenicol 1 microgram/mL	3
C3	SRR10557495	exp-2_well-C3_passage-06_subsample-2	exp-2_well-C3_passage-06_subsample-2	exp-2_well-C3_passage-06_subsample-2	NextSeq 500 sequencing: Barcode sequencing of E. coli evolving in antibiotics	Microbe sample from Escherichia coli	SAMN13427865	SRX7239000	Microbe sample from Escherichia coli	NextSeq 500 sequencing: Barcode sequencing of E. coli evolving in antibiotics	1047128	52356400	ftp.sra.ebi.ac.uk/vol1/fastq/SRR105/095/SRR10557495/SRR10557495.fastq.gz	d69a52d6a0266b89fc6103308d425bf9	25551517	SINGLE	6	2	Low CMP r3	SAMN13427903	Chloramphenicol 1 microgram/mL	3
C3	SRR10557494	exp-2_well-C3_passage-06_subsample-3	exp-2_well-C3_passage-06_subsample-3	exp-2_well-C3_passage-06_subsample-3	NextSeq 500 sequencing: Barcode sequencing of E. coli evolving in antibiotics	Microbe sample from Escherichia coli	SAMN13427866	SRX7239001	Microbe sample from Escherichia coli	NextSeq 500 sequencing: Barcode sequencing of E. coli evolving in antibiotics	968679	48433950	ftp.sra.ebi.ac.uk/vol1/fastq/SRR105/094/SRR10557494/SRR10557494.fastq.gz	1fcc2d93d8cc222bc23c020b11a98de1	25150736	SINGLE	6	3	Low CMP r3	SAMN13427903	Chloramphenicol 1 microgram/mL	3
C3	SRR10557493	exp-2_well-C3_passage-06_subsample-4	exp-2_well-C3_passage-06_subsample-4	exp-2_well-C3_passage-06_subsample-4	NextSeq 500 sequencing: Barcode sequencing of E. coli evolving in antibiotics	Microbe sample from Escherichia coli	SAMN13427867	SRX7239002	Microbe sample from Escherichia coli	NextSeq 500 sequencing: Barcode sequencing of E. coli evolving in antibiotics	1005877	50293850	ftp.sra.ebi.ac.uk/vol1/fastq/SRR105/093/SRR10557493/SRR10557493.fastq.gz	e4686474fac4e561a497ce40bb975403	25733745	SINGLE	6	4	Low CMP r3	SAMN13427903	Chloramphenicol 1 microgram/mL	3
C3	SRR10557491	exp-2_well-C3_passage-08_subsample-1	exp-2_well-C3_passage-08_subsample-1	exp-2_well-C3_passage-08_subsample-1	NextSeq 500 sequencing: Barcode sequencing of E. coli evolving in antibiotics	Microbe sample from Escherichia coli	SAMN13427868	SRX7239004	Microbe sample from Escherichia coli	NextSeq 500 sequencing: Barcode sequencing of E. coli evolving in antibiotics	1136202	56810100	ftp.sra.ebi.ac.uk/vol1/fastq/SRR105/091/SRR10557491/SRR10557491.fastq.gz	560d109a6dafdd362fa629b5565fa2c0	28036914	SINGLE	8	1	Low CMP r3	SAMN13427903	Chloramphenicol 1 microgram/mL	3
C3	SRR10557490	exp-2_well-C3_passage-08_subsample-2	exp-2_well-C3_passage-08_subsample-2	exp-2_well-C3_passage-08_subsample-2	NextSeq 500 sequencing: Barcode sequencing of E. coli evolving in antibiotics	Microbe sample from Escherichia coli	SAMN13427869	SRX7239005	Microbe sample from Escherichia coli	NextSeq 500 sequencing: Barcode sequencing of E. coli evolving in antibiotics	1087521	54376050	ftp.sra.ebi.ac.uk/vol1/fastq/SRR105/090/SRR10557490/SRR10557490.fastq.gz	4772c4b94e2efa065a1e892fe54311f5	27263518	SINGLE	8	2	Low CMP r3	SAMN13427903	Chloramphenicol 1 microgram/mL	3
C3	SRR10557489	exp-2_well-C3_passage-08_subsample-3	exp-2_well-C3_passage-08_subsample-3	exp-2_well-C3_passage-08_subsample-3	NextSeq 500 sequencing: Barcode sequencing of E. coli evolving in antibiotics	Microbe sample from Escherichia coli	SAMN13427870	SRX7239006	Microbe sample from Escherichia coli	NextSeq 500 sequencing: Barcode sequencing of E. coli evolving in antibiotics	1007598	50379900	ftp.sra.ebi.ac.uk/vol1/fastq/SRR105/089/SRR10557489/SRR10557489.fastq.gz	402446dc38cac89586acab87f2e95d09	26703766	SINGLE	8	3	Low CMP r3	SAMN13427903	Chloramphenicol 1 microgram/mL	3
C3	SRR10557488	exp-2_well-C3_passage-08_subsample-4	exp-2_well-C3_passage-08_subsample-4	exp-2_well-C3_passage-08_subsample-4	NextSeq 500 sequencing: Barcode sequencing of E. coli evolving in antibiotics	Microbe sample from Escherichia coli	SAMN13427871	SRX7239007	Microbe sample from Escherichia coli	NextSeq 500 sequencing: Barcode sequencing of E. coli evolving in antibiotics	1051473	52573650	ftp.sra.ebi.ac.uk/vol1/fastq/SRR105/088/SRR10557488/SRR10557488.fastq.gz	60d8118798303d50e7a80a11388c36af	27539180	SINGLE	8	4	Low CMP r3	SAMN13427903	Chloramphenicol 1 microgram/mL	3
C3	SRR10557487	exp-2_well-C3_passage-10_subsample-1	exp-2_well-C3_passage-10_subsample-1	exp-2_well-C3_passage-10_subsample-1	NextSeq 500 sequencing: Barcode sequencing of E. coli evolving in antibiotics	Microbe sample from Escherichia coli	SAMN13427872	SRX7239008	Microbe sample from Escherichia coli	NextSeq 500 sequencing: Barcode sequencing of E. coli evolving in antibiotics	1159025	57951250	ftp.sra.ebi.ac.uk/vol1/fastq/SRR105/087/SRR10557487/SRR10557487.fastq.gz	fe3a59f4690fca7f9e2c6ec1ea3894df	27883549	SINGLE	10	1	Low CMP r3	SAMN13427903	Chloramphenicol 1 microgram/mL	3
C3	SRR10557486	exp-2_well-C3_passage-10_subsample-2	exp-2_well-C3_passage-10_subsample-2	exp-2_well-C3_passage-10_subsample-2	NextSeq 500 sequencing: Barcode sequencing of E. coli evolving in antibiotics	Microbe sample from Escherichia coli	SAMN13427873	SRX7239009	Microbe sample from Escherichia coli	NextSeq 500 sequencing: Barcode sequencing of E. coli evolving in antibiotics	1108713	55435650	ftp.sra.ebi.ac.uk/vol1/fastq/SRR105/086/SRR10557486/SRR10557486.fastq.gz	09210ac67badb8ceb9d43457ac8c1fed	27085712	SINGLE	10	2	Low CMP r3	SAMN13427903	Chloramphenicol 1 microgram/mL	3
C3	SRR10557485	exp-2_well-C3_passage-10_subsample-3	exp-2_well-C3_passage-10_subsample-3	exp-2_well-C3_passage-10_subsample-3	NextSeq 500 sequencing: Barcode sequencing of E. coli evolving in antibiotics	Microbe sample from Escherichia coli	SAMN13427874	SRX7239010	Microbe sample from Escherichia coli	NextSeq 500 sequencing: Barcode sequencing of E. coli evolving in antibiotics	1026100	51305000	ftp.sra.ebi.ac.uk/vol1/fastq/SRR105/085/SRR10557485/SRR10557485.fastq.gz	5ec666c0e51e8e29724f446e1a1fa534	26619350	SINGLE	10	3	Low CMP r3	SAMN13427903	Chloramphenicol 1 microgram/mL	3
C3	SRR10557484	exp-2_well-C3_passage-10_subsample-4	exp-2_well-C3_passage-10_subsample-4	exp-2_well-C3_passage-10_subsample-4	NextSeq 500 sequencing: Barcode sequencing of E. coli evolving in antibiotics	Microbe sample from Escherichia coli	SAMN13427875	SRX7239011	Microbe sample from Escherichia coli	NextSeq 500 sequencing: Barcode sequencing of E. coli evolving in antibiotics	1079323	53966150	ftp.sra.ebi.ac.uk/vol1/fastq/SRR105/084/SRR10557484/SRR10557484.fastq.gz	12e25f34d494ba91046974131e10037c	27545728	SINGLE	10	4	Low CMP r3	SAMN13427903	Chloramphenicol 1 microgram/mL	3
C3	SRR10557483	exp-2_well-C3_passage-12_subsample-1	exp-2_well-C3_passage-12_subsample-1	exp-2_well-C3_passage-12_subsample-1	NextSeq 500 sequencing: Barcode sequencing of E. coli evolving in antibiotics	Microbe sample from Escherichia coli	SAMN13427876	SRX7239012	Microbe sample from Escherichia coli	NextSeq 500 sequencing: Barcode sequencing of E. coli evolving in antibiotics	1628765	81438250	ftp.sra.ebi.ac.uk/vol1/fastq/SRR105/083/SRR10557483/SRR10557483.fastq.gz	4f4d1cb260347b29b05710a434673d1b	37927949	SINGLE	12	1	Low CMP r3	SAMN13427903	Chloramphenicol 1 microgram/mL	3
C3	SRR10557482	exp-2_well-C3_passage-12_subsample-2	exp-2_well-C3_passage-12_subsample-2	exp-2_well-C3_passage-12_subsample-2	NextSeq 500 sequencing: Barcode sequencing of E. coli evolving in antibiotics	Microbe sample from Escherichia coli	SAMN13427877	SRX7239013	Microbe sample from Escherichia coli	NextSeq 500 sequencing: Barcode sequencing of E. coli evolving in antibiotics	1560479	78023950	ftp.sra.ebi.ac.uk/vol1/fastq/SRR105/082/SRR10557482/SRR10557482.fastq.gz	3dd65a53b4e3f51a83492cfab99457ed	36898066	SINGLE	12	2	Low CMP r3	SAMN13427903	Chloramphenicol 1 microgram/mL	3
C3	SRR10557188	exp-2_well-C3_passage-12_subsample-3	exp-2_well-C3_passage-12_subsample-3	exp-2_well-C3_passage-12_subsample-3	NextSeq 500 sequencing: Barcode sequencing of E. coli evolving in antibiotics	Microbe sample from Escherichia coli	SAMN13427878	SRX7238635	Microbe sample from Escherichia coli	NextSeq 500 sequencing: Barcode sequencing of E. coli evolving in antibiotics	1478728	73936400	ftp.sra.ebi.ac.uk/vol1/fastq/SRR105/088/SRR10557188/SRR10557188.fastq.gz	294ff362e1af6f67f68f5ddeb7d8320e	37298832	SINGLE	12	3	Low CMP r3	SAMN13427903	Chloramphenicol 1 microgram/mL	3
C3	SRR10557187	exp-2_well-C3_passage-12_subsample-4	exp-2_well-C3_passage-12_subsample-4	exp-2_well-C3_passage-12_subsample-4	NextSeq 500 sequencing: Barcode sequencing of E. coli evolving in antibiotics	Microbe sample from Escherichia coli	SAMN13427879	SRX7238636	Microbe sample from Escherichia coli	NextSeq 500 sequencing: Barcode sequencing of E. coli evolving in antibiotics	1527931	76396550	ftp.sra.ebi.ac.uk/vol1/fastq/SRR105/087/SRR10557187/SRR10557187.fastq.gz	f8e08d9fe38f1c790dd0462fdc5f3697	37938477	SINGLE	12	4	Low CMP r3	SAMN13427903	Chloramphenicol 1 microgram/mL	3
C3	SRR10557186	exp-2_well-C3_passage-14_subsample-1	exp-2_well-C3_passage-14_subsample-1	exp-2_well-C3_passage-14_subsample-1	NextSeq 500 sequencing: Barcode sequencing of E. coli evolving in antibiotics	Microbe sample from Escherichia coli	SAMN13427880	SRX7238637	Microbe sample from Escherichia coli	NextSeq 500 sequencing: Barcode sequencing of E. coli evolving in antibiotics	1070943	53547150	ftp.sra.ebi.ac.uk/vol1/fastq/SRR105/086/SRR10557186/SRR10557186.fastq.gz	263e1b4ab0e7c28711c2304e71b3fa2c	24581504	SINGLE	14	1	Low CMP r3	SAMN13427903	Chloramphenicol 1 microgram/mL	3
C3	SRR10557185	exp-2_well-C3_passage-14_subsample-2	exp-2_well-C3_passage-14_subsample-2	exp-2_well-C3_passage-14_subsample-2	NextSeq 500 sequencing: Barcode sequencing of E. coli evolving in antibiotics	Microbe sample from Escherichia coli	SAMN13427881	SRX7238638	Microbe sample from Escherichia coli	NextSeq 500 sequencing: Barcode sequencing of E. coli evolving in antibiotics	1030346	51517300	ftp.sra.ebi.ac.uk/vol1/fastq/SRR105/085/SRR10557185/SRR10557185.fastq.gz	cd51aa249668835f71817b5f3000efcf	23307083	SINGLE	14	2	Low CMP r3	SAMN13427903	Chloramphenicol 1 microgram/mL	3
C3	SRR10557184	exp-2_well-C3_passage-14_subsample-3	exp-2_well-C3_passage-14_subsample-3	exp-2_well-C3_passage-14_subsample-3	NextSeq 500 sequencing: Barcode sequencing of E. coli evolving in antibiotics	Microbe sample from Escherichia coli	SAMN13427882	SRX7238639	Microbe sample from Escherichia coli	NextSeq 500 sequencing: Barcode sequencing of E. coli evolving in antibiotics	1061743	53087150	ftp.sra.ebi.ac.uk/vol1/fastq/SRR105/084/SRR10557184/SRR10557184.fastq.gz	4fb0d63acf6e23d7dc721a0d7f952f69	25286316	SINGLE	14	3	Low CMP r3	SAMN13427903	Chloramphenicol 1 microgram/mL	3
C3	SRR10557183	exp-2_well-C3_passage-14_subsample-4	exp-2_well-C3_passage-14_subsample-4	exp-2_well-C3_passage-14_subsample-4	NextSeq 500 sequencing: Barcode sequencing of E. coli evolving in antibiotics	Microbe sample from Escherichia coli	SAMN13427883	SRX7238640	Microbe sample from Escherichia coli	NextSeq 500 sequencing: Barcode sequencing of E. coli evolving in antibiotics	980954	49047700	ftp.sra.ebi.ac.uk/vol1/fastq/SRR105/083/SRR10557183/SRR10557183.fastq.gz	7cd6f25b617a1704136fce7c82ff6fff	24494225	SINGLE	14	4	Low CMP r3	SAMN13427903	Chloramphenicol 1 microgram/mL	3
C3	SRR10557182	exp-2_well-C3_passage-16_subsample-1	exp-2_well-C3_passage-16_subsample-1	exp-2_well-C3_passage-16_subsample-1	NextSeq 500 sequencing: Barcode sequencing of E. coli evolving in antibiotics	Microbe sample from Escherichia coli	SAMN13427884	SRX7238641	Microbe sample from Escherichia coli	NextSeq 500 sequencing: Barcode sequencing of E. coli evolving in antibiotics	1465609	73280450	ftp.sra.ebi.ac.uk/vol1/fastq/SRR105/082/SRR10557182/SRR10557182.fastq.gz	566c597894846e6994caae39c705f557	32043517	SINGLE	16	1	Low CMP r3	SAMN13427903	Chloramphenicol 1 microgram/mL	3
C3	SRR10557181	exp-2_well-C3_passage-16_subsample-2	exp-2_well-C3_passage-16_subsample-2	exp-2_well-C3_passage-16_subsample-2	NextSeq 500 sequencing: Barcode sequencing of E. coli evolving in antibiotics	Microbe sample from Escherichia coli	SAMN13427885	SRX7238642	Microbe sample from Escherichia coli	NextSeq 500 sequencing: Barcode sequencing of E. coli evolving in antibiotics	1388754	69437700	ftp.sra.ebi.ac.uk/vol1/fastq/SRR105/081/SRR10557181/SRR10557181.fastq.gz	ffdb2bf55c3d3c042539dfa9bd3f7b0a	29863807	SINGLE	16	2	Low CMP r3	SAMN13427903	Chloramphenicol 1 microgram/mL	3
C3	SRR10557180	exp-2_well-C3_passage-16_subsample-3	exp-2_well-C3_passage-16_subsample-3	exp-2_well-C3_passage-16_subsample-3	NextSeq 500 sequencing: Barcode sequencing of E. coli evolving in antibiotics	Microbe sample from Escherichia coli	SAMN13427886	SRX7238643	Microbe sample from Escherichia coli	NextSeq 500 sequencing: Barcode sequencing of E. coli evolving in antibiotics	1454206	72710300	ftp.sra.ebi.ac.uk/vol1/fastq/SRR105/080/SRR10557180/SRR10557180.fastq.gz	88adddca3838f7c02721fb22f9daabb4	33162694	SINGLE	16	3	Low CMP r3	SAMN13427903	Chloramphenicol 1 microgram/mL	3
C3	SRR10557179	exp-2_well-C3_passage-16_subsample-4	exp-2_well-C3_passage-16_subsample-4	exp-2_well-C3_passage-16_subsample-4	NextSeq 500 sequencing: Barcode sequencing of E. coli evolving in antibiotics	Microbe sample from Escherichia coli	SAMN13427887	SRX7238644	Microbe sample from Escherichia coli	NextSeq 500 sequencing: Barcode sequencing of E. coli evolving in antibiotics	1336268	66813400	ftp.sra.ebi.ac.uk/vol1/fastq/SRR105/079/SRR10557179/SRR10557179.fastq.gz	1a77397b12a98737ac7d9482c03f9396	32003510	SINGLE	16	4	Low CMP r3	SAMN13427903	Chloramphenicol 1 microgram/mL	3
C3	SRR10557177	exp-2_well-C3_passage-18_subsample-1	exp-2_well-C3_passage-18_subsample-1	exp-2_well-C3_passage-18_subsample-1	NextSeq 500 sequencing: Barcode sequencing of E. coli evolving in antibiotics	Microbe sample from Escherichia coli	SAMN13427888	SRX7238646	Microbe sample from Escherichia coli	NextSeq 500 sequencing: Barcode sequencing of E. coli evolving in antibiotics	1549112	77455600	ftp.sra.ebi.ac.uk/vol1/fastq/SRR105/077/SRR10557177/SRR10557177.fastq.gz	bae82d2892af582970eed9f3ea348bbe	32992172	SINGLE	18	1	Low CMP r3	SAMN13427903	Chloramphenicol 1 microgram/mL	3
C3	SRR10557176	exp-2_well-C3_passage-18_subsample-2	exp-2_well-C3_passage-18_subsample-2	exp-2_well-C3_passage-18_subsample-2	NextSeq 500 sequencing: Barcode sequencing of E. coli evolving in antibiotics	Microbe sample from Escherichia coli	SAMN13427889	SRX7238647	Microbe sample from Escherichia coli	NextSeq 500 sequencing: Barcode sequencing of E. coli evolving in antibiotics	1473359	73667950	ftp.sra.ebi.ac.uk/vol1/fastq/SRR105/076/SRR10557176/SRR10557176.fastq.gz	4494c86ff15aafff715ff65a675a8669	30893080	SINGLE	18	2	Low CMP r3	SAMN13427903	Chloramphenicol 1 microgram/mL	3
C3	SRR10557175	exp-2_well-C3_passage-18_subsample-3	exp-2_well-C3_passage-18_subsample-3	exp-2_well-C3_passage-18_subsample-3	NextSeq 500 sequencing: Barcode sequencing of E. coli evolving in antibiotics	Microbe sample from Escherichia coli	SAMN13427890	SRX7238648	Microbe sample from Escherichia coli	NextSeq 500 sequencing: Barcode sequencing of E. coli evolving in antibiotics	1529740	76487000	ftp.sra.ebi.ac.uk/vol1/fastq/SRR105/075/SRR10557175/SRR10557175.fastq.gz	51006598de664bca18f38ed0cfb5590d	34084598	SINGLE	18	3	Low CMP r3	SAMN13427903	Chloramphenicol 1 microgram/mL	3
C3	SRR10557174	exp-2_well-C3_passage-18_subsample-4	exp-2_well-C3_passage-18_subsample-4	exp-2_well-C3_passage-18_subsample-4	NextSeq 500 sequencing: Barcode sequencing of E. coli evolving in antibiotics	Microbe sample from Escherichia coli	SAMN13427891	SRX7238649	Microbe sample from Escherichia coli	NextSeq 500 sequencing: Barcode sequencing of E. coli evolving in antibiotics	1411514	70575700	ftp.sra.ebi.ac.uk/vol1/fastq/SRR105/074/SRR10557174/SRR10557174.fastq.gz	4e97c91f0c3bf6383dbf943f743f33de	33041714	SINGLE	18	4	Low CMP r3	SAMN13427903	Chloramphenicol 1 microgram/mL	3
C3	SRR10557173	exp-2_well-C3_passage-20_subsample-1	exp-2_well-C3_passage-20_subsample-1	exp-2_well-C3_passage-20_subsample-1	NextSeq 500 sequencing: Barcode sequencing of E. coli evolving in antibiotics	Microbe sample from Escherichia coli	SAMN13427892	SRX7238650	Microbe sample from Escherichia coli	NextSeq 500 sequencing: Barcode sequencing of E. coli evolving in antibiotics	1231223	61561150	ftp.sra.ebi.ac.uk/vol1/fastq/SRR105/073/SRR10557173/SRR10557173.fastq.gz	5fa70c58db15c9f5695490a76fe718fe	26398903	SINGLE	20	1	Low CMP r3	SAMN13427903	Chloramphenicol 1 microgram/mL	3
C3	SRR10557172	exp-2_well-C3_passage-20_subsample-2	exp-2_well-C3_passage-20_subsample-2	exp-2_well-C3_passage-20_subsample-2	NextSeq 500 sequencing: Barcode sequencing of E. coli evolving in antibiotics	Microbe sample from Escherichia coli	SAMN13427893	SRX7238651	Microbe sample from Escherichia coli	NextSeq 500 sequencing: Barcode sequencing of E. coli evolving in antibiotics	1173477	58673850	ftp.sra.ebi.ac.uk/vol1/fastq/SRR105/072/SRR10557172/SRR10557172.fastq.gz	e1c280b4d0c32e3d1e9fca3069cdf3c9	24716477	SINGLE	20	2	Low CMP r3	SAMN13427903	Chloramphenicol 1 microgram/mL	3
C3	SRR10557171	exp-2_well-C3_passage-20_subsample-3	exp-2_well-C3_passage-20_subsample-3	exp-2_well-C3_passage-20_subsample-3	NextSeq 500 sequencing: Barcode sequencing of E. coli evolving in antibiotics	Microbe sample from Escherichia coli	SAMN13427894	SRX7238652	Microbe sample from Escherichia coli	NextSeq 500 sequencing: Barcode sequencing of E. coli evolving in antibiotics	1219987	60999350	ftp.sra.ebi.ac.uk/vol1/fastq/SRR105/071/SRR10557171/SRR10557171.fastq.gz	344d01c049caa08a1b20cb96e4d029d1	27286397	SINGLE	20	3	Low CMP r3	SAMN13427903	Chloramphenicol 1 microgram/mL	3
C3	SRR10557170	exp-2_well-C3_passage-20_subsample-4	exp-2_well-C3_passage-20_subsample-4	exp-2_well-C3_passage-20_subsample-4	NextSeq 500 sequencing: Barcode sequencing of E. coli evolving in antibiotics	Microbe sample from Escherichia coli	SAMN13427895	SRX7238653	Microbe sample from Escherichia coli	NextSeq 500 sequencing: Barcode sequencing of E. coli evolving in antibiotics	1125231	56261550	ftp.sra.ebi.ac.uk/vol1/fastq/SRR105/070/SRR10557170/SRR10557170.fastq.gz	f4f394360e6f0248fe56f3599184d6d1	26382979	SINGLE	20	4	Low CMP r3	SAMN13427903	Chloramphenicol 1 microgram/mL	3
C3	SRR10557169	exp-2_well-C3_passage-22_subsample-1	exp-2_well-C3_passage-22_subsample-1	exp-2_well-C3_passage-22_subsample-1	NextSeq 500 sequencing: Barcode sequencing of E. coli evolving in antibiotics	Microbe sample from Escherichia coli	SAMN13427896	SRX7238654	Microbe sample from Escherichia coli	NextSeq 500 sequencing: Barcode sequencing of E. coli evolving in antibiotics	1092951	54647550	ftp.sra.ebi.ac.uk/vol1/fastq/SRR105/069/SRR10557169/SRR10557169.fastq.gz	7fb1be0d8380b917f18e6f75e9637b47	22712696	SINGLE	22	1	Low CMP r3	SAMN13427903	Chloramphenicol 1 microgram/mL	3
C3	SRR10557168	exp-2_well-C3_passage-22_subsample-2	exp-2_well-C3_passage-22_subsample-2	exp-2_well-C3_passage-22_subsample-2	NextSeq 500 sequencing: Barcode sequencing of E. coli evolving in antibiotics	Microbe sample from Escherichia coli	SAMN13427897	SRX7238655	Microbe sample from Escherichia coli	NextSeq 500 sequencing: Barcode sequencing of E. coli evolving in antibiotics	1053563	52678150	ftp.sra.ebi.ac.uk/vol1/fastq/SRR105/068/SRR10557168/SRR10557168.fastq.gz	5cb529ca2d33869b273f6c870d2b51b0	21521486	SINGLE	22	2	Low CMP r3	SAMN13427903	Chloramphenicol 1 microgram/mL	3
C3	SRR10557166	exp-2_well-C3_passage-22_subsample-3	exp-2_well-C3_passage-22_subsample-3	exp-2_well-C3_passage-22_subsample-3	NextSeq 500 sequencing: Barcode sequencing of E. coli evolving in antibiotics	Microbe sample from Escherichia coli	SAMN13427898	SRX7238657	Microbe sample from Escherichia coli	NextSeq 500 sequencing: Barcode sequencing of E. coli evolving in antibiotics	1091966	54598300	ftp.sra.ebi.ac.uk/vol1/fastq/SRR105/066/SRR10557166/SRR10557166.fastq.gz	9a4e7aa0490552552f0fddd83b2baacd	23701599	SINGLE	22	3	Low CMP r3	SAMN13427903	Chloramphenicol 1 microgram/mL	3
C3	SRR10557165	exp-2_well-C3_passage-22_subsample-4	exp-2_well-C3_passage-22_subsample-4	exp-2_well-C3_passage-22_subsample-4	NextSeq 500 sequencing: Barcode sequencing of E. coli evolving in antibiotics	Microbe sample from Escherichia coli	SAMN13427899	SRX7238658	Microbe sample from Escherichia coli	NextSeq 500 sequencing: Barcode sequencing of E. coli evolving in antibiotics	1013995	50699750	ftp.sra.ebi.ac.uk/vol1/fastq/SRR105/065/SRR10557165/SRR10557165.fastq.gz	251a422163c3f987ee6853897d37732c	23237035	SINGLE	22	4	Low CMP r3	SAMN13427903	Chloramphenicol 1 microgram/mL	3
C3	SRR10557164	exp-2_well-C3_passage-30_subsample-1	exp-2_well-C3_passage-30_subsample-1	exp-2_well-C3_passage-30_subsample-1	NextSeq 500 sequencing: Barcode sequencing of E. coli evolving in antibiotics	Microbe sample from Escherichia coli	SAMN13427900	SRX7238659	Microbe sample from Escherichia coli	NextSeq 500 sequencing: Barcode sequencing of E. coli evolving in antibiotics	1600655	80032750	ftp.sra.ebi.ac.uk/vol1/fastq/SRR105/064/SRR10557164/SRR10557164.fastq.gz	6e87894b6785ce5f81dd0892f09bdb2b	31339656	SINGLE	30	1	Low CMP r3	SAMN13427903	Chloramphenicol 1 microgram/mL	3
C3	SRR10557163	exp-2_well-C3_passage-30_subsample-2	exp-2_well-C3_passage-30_subsample-2	exp-2_well-C3_passage-30_subsample-2	NextSeq 500 sequencing: Barcode sequencing of E. coli evolving in antibiotics	Microbe sample from Escherichia coli	SAMN13427901	SRX7238660	Microbe sample from Escherichia coli	NextSeq 500 sequencing: Barcode sequencing of E. coli evolving in antibiotics	1523059	76152950	ftp.sra.ebi.ac.uk/vol1/fastq/SRR105/063/SRR10557163/SRR10557163.fastq.gz	408b7daa7fe42bc2f407cbf712af9628	29189104	SINGLE	30	2	Low CMP r3	SAMN13427903	Chloramphenicol 1 microgram/mL	3
C3	SRR10557162	exp-2_well-C3_passage-30_subsample-3	exp-2_well-C3_passage-30_subsample-3	exp-2_well-C3_passage-30_subsample-3	NextSeq 500 sequencing: Barcode sequencing of E. coli evolving in antibiotics	Microbe sample from Escherichia coli	SAMN13427902	SRX7238661	Microbe sample from Escherichia coli	NextSeq 500 sequencing: Barcode sequencing of E. coli evolving in antibiotics	1587953	79397650	ftp.sra.ebi.ac.uk/vol1/fastq/SRR105/062/SRR10557162/SRR10557162.fastq.gz	66330d49aa88f42701d544df05bcbfe1	32703075	SINGLE	30	3	Low CMP r3	SAMN13427903	Chloramphenicol 1 microgram/mL	3
C3	SRR10557161	exp-2_well-C3_passage-30_subsample-4	exp-2_well-C3_passage-30_subsample-4	exp-2_well-C3_passage-30_subsample-4	NextSeq 500 sequencing: Barcode sequencing of E. coli evolving in antibiotics	Microbe sample from Escherichia coli	SAMN13427903	SRX7238662	Microbe sample from Escherichia coli	NextSeq 500 sequencing: Barcode sequencing of E. coli evolving in antibiotics	1469864	73493200	ftp.sra.ebi.ac.uk/vol1/fastq/SRR105/061/SRR10557161/SRR10557161.fastq.gz	9dea61ec483ee60a1a0e38fd64f95e68	31860158	SINGLE	30	4	Low CMP r3	SAMN13427903	Chloramphenicol 1 microgram/mL	3
A1	SRR10557617	exp-2_well-A1_passage-01_subsample-1	exp-2_well-A1_passage-01_subsample-1	exp-2_well-A1_passage-01_subsample-1	NextSeq 500 sequencing: Barcode sequencing of E. coli evolving in antibiotics	Microbe sample from Escherichia coli	SAMN13428336	SRX7239286	Microbe sample from Escherichia coli	NextSeq 500 sequencing: Barcode sequencing of E. coli evolving in antibiotics	1226386	61319300	ftp.sra.ebi.ac.uk/vol1/fastq/SRR105/017/SRR10557617/SRR10557617.fastq.gz	1047727e551a1d6ae4734d85af85e515	29261118	SINGLE	1	1	No drug r1	SAMN13428387	No antibiotic	1
A1	SRR10557616	exp-2_well-A1_passage-01_subsample-2	exp-2_well-A1_passage-01_subsample-2	exp-2_well-A1_passage-01_subsample-2	NextSeq 500 sequencing: Barcode sequencing of E. coli evolving in antibiotics	Microbe sample from Escherichia coli	SAMN13428337	SRX7239287	Microbe sample from Escherichia coli	NextSeq 500 sequencing: Barcode sequencing of E. coli evolving in antibiotics	1177839	58891950	ftp.sra.ebi.ac.uk/vol1/fastq/SRR105/016/SRR10557616/SRR10557616.fastq.gz	0d6e10fbb73f504f8c328da68253b072	28514204	SINGLE	1	2	No drug r1	SAMN13428387	No antibiotic	1
A1	SRR10557614	exp-2_well-A1_passage-01_subsample-3	exp-2_well-A1_passage-01_subsample-3	exp-2_well-A1_passage-01_subsample-3	NextSeq 500 sequencing: Barcode sequencing of E. coli evolving in antibiotics	Microbe sample from Escherichia coli	SAMN13428338	SRX7239289	Microbe sample from Escherichia coli	NextSeq 500 sequencing: Barcode sequencing of E. coli evolving in antibiotics	1094792	54739600	ftp.sra.ebi.ac.uk/vol1/fastq/SRR105/014/SRR10557614/SRR10557614.fastq.gz	ad5a0c6a079a4fd154b8d8d28b8e42fe	28154348	SINGLE	1	3	No drug r1	SAMN13428387	No antibiotic	1
A1	SRR10557613	exp-2_well-A1_passage-01_subsample-4	exp-2_well-A1_passage-01_subsample-4	exp-2_well-A1_passage-01_subsample-4	NextSeq 500 sequencing: Barcode sequencing of E. coli evolving in antibiotics	Microbe sample from Escherichia coli	SAMN13428339	SRX7239290	Microbe sample from Escherichia coli	NextSeq 500 sequencing: Barcode sequencing of E. coli evolving in antibiotics	1144432	57221600	ftp.sra.ebi.ac.uk/vol1/fastq/SRR105/013/SRR10557613/SRR10557613.fastq.gz	4932442738fa89e13f2042bfa5b3ef41	29008212	SINGLE	1	4	No drug r1	SAMN13428387	No antibiotic	1
A1	SRR10557352	exp-2_well-A1_passage-02_subsample-1	exp-2_well-A1_passage-02_subsample-1	exp-2_well-A1_passage-02_subsample-1	NextSeq 500 sequencing: Barcode sequencing of E. coli evolving in antibiotics	Microbe sample from Escherichia coli	SAMN13428340	SRX7239143	Microbe sample from Escherichia coli	NextSeq 500 sequencing: Barcode sequencing of E. coli evolving in antibiotics	770725	38536250	ftp.sra.ebi.ac.uk/vol1/fastq/SRR105/052/SRR10557352/SRR10557352.fastq.gz	633d2dc2a48134872951bffc4452a272	18988156	SINGLE	2	1	No drug r1	SAMN13428387	No antibiotic	1
A1	SRR10557351	exp-2_well-A1_passage-02_subsample-2	exp-2_well-A1_passage-02_subsample-2	exp-2_well-A1_passage-02_subsample-2	NextSeq 500 sequencing: Barcode sequencing of E. coli evolving in antibiotics	Microbe sample from Escherichia coli	SAMN13428341	SRX7239144	Microbe sample from Escherichia coli	NextSeq 500 sequencing: Barcode sequencing of E. coli evolving in antibiotics	730911	36545550	ftp.sra.ebi.ac.uk/vol1/fastq/SRR105/051/SRR10557351/SRR10557351.fastq.gz	0d6a41c1b2b38d3f2e2ac5cb329a0581	18305224	SINGLE	2	2	No drug r1	SAMN13428387	No antibiotic	1
A1	SRR10557350	exp-2_well-A1_passage-02_subsample-3	exp-2_well-A1_passage-02_subsample-3	exp-2_well-A1_passage-02_subsample-3	NextSeq 500 sequencing: Barcode sequencing of E. coli evolving in antibiotics	Microbe sample from Escherichia coli	SAMN13428342	SRX7239145	Microbe sample from Escherichia coli	NextSeq 500 sequencing: Barcode sequencing of E. coli evolving in antibiotics	676448	33822400	ftp.sra.ebi.ac.uk/vol1/fastq/SRR105/050/SRR10557350/SRR10557350.fastq.gz	eae5264f74370ed803a90901503888a4	17960121	SINGLE	2	3	No drug r1	SAMN13428387	No antibiotic	1
A1	SRR10557349	exp-2_well-A1_passage-02_subsample-4	exp-2_well-A1_passage-02_subsample-4	exp-2_well-A1_passage-02_subsample-4	NextSeq 500 sequencing: Barcode sequencing of E. coli evolving in antibiotics	Microbe sample from Escherichia coli	SAMN13428343	SRX7239146	Microbe sample from Escherichia coli	NextSeq 500 sequencing: Barcode sequencing of E. coli evolving in antibiotics	704058	35202900	ftp.sra.ebi.ac.uk/vol1/fastq/SRR105/049/SRR10557349/SRR10557349.fastq.gz	26a3091846cdbcc37ef11a5acb51c529	18410908	SINGLE	2	4	No drug r1	SAMN13428387	No antibiotic	1
A1	SRR10557348	exp-2_well-A1_passage-04_subsample-1	exp-2_well-A1_passage-04_subsample-1	exp-2_well-A1_passage-04_subsample-1	NextSeq 500 sequencing: Barcode sequencing of E. coli evolving in antibiotics	Microbe sample from Escherichia coli	SAMN13428344	SRX7239147	Microbe sample from Escherichia coli	NextSeq 500 sequencing: Barcode sequencing of E. coli evolving in antibiotics	955744	47787200	ftp.sra.ebi.ac.uk/vol1/fastq/SRR105/048/SRR10557348/SRR10557348.fastq.gz	01ee333d27f13d2c0c2c3e894117c4d2	23411108	SINGLE	4	1	No drug r1	SAMN13428387	No antibiotic	1
A1	SRR10557347	exp-2_well-A1_passage-04_subsample-2	exp-2_well-A1_passage-04_subsample-2	exp-2_well-A1_passage-04_subsample-2	NextSeq 500 sequencing: Barcode sequencing of E. coli evolving in antibiotics	Microbe sample from Escherichia coli	SAMN13428345	SRX7239148	Microbe sample from Escherichia coli	NextSeq 500 sequencing: Barcode sequencing of E. coli evolving in antibiotics	926879	46343950	ftp.sra.ebi.ac.uk/vol1/fastq/SRR105/047/SRR10557347/SRR10557347.fastq.gz	85e1d5c2d93e8412130e8358d58842db	22983058	SINGLE	4	2	No drug r1	SAMN13428387	No antibiotic	1
A1	SRR10557346	exp-2_well-A1_passage-04_subsample-3	exp-2_well-A1_passage-04_subsample-3	exp-2_well-A1_passage-04_subsample-3	NextSeq 500 sequencing: Barcode sequencing of E. coli evolving in antibiotics	Microbe sample from Escherichia coli	SAMN13428346	SRX7239149	Microbe sample from Escherichia coli	NextSeq 500 sequencing: Barcode sequencing of E. coli evolving in antibiotics	852109	42605450	ftp.sra.ebi.ac.uk/vol1/fastq/SRR105/046/SRR10557346/SRR10557346.fastq.gz	7007a297d45762993bcda396a85fc1c1	22468730	SINGLE	4	3	No drug r1	SAMN13428387	No antibiotic	1
A1	SRR10557345	exp-2_well-A1_passage-04_subsample-4	exp-2_well-A1_passage-04_subsample-4	exp-2_well-A1_passage-04_subsample-4	NextSeq 500 sequencing: Barcode sequencing of E. coli evolving in antibiotics	Microbe sample from Escherichia coli	SAMN13428347	SRX7239150	Microbe sample from Escherichia coli	NextSeq 500 sequencing: Barcode sequencing of E. coli evolving in antibiotics	899028	44951400	ftp.sra.ebi.ac.uk/vol1/fastq/SRR105/045/SRR10557345/SRR10557345.fastq.gz	d085c58d72a9c9b9943c93877749cb07	23367670	SINGLE	4	4	No drug r1	SAMN13428387	No antibiotic	1
A1	SRR10557342	exp-2_well-A1_passage-06_subsample-1	exp-2_well-A1_passage-06_subsample-1	exp-2_well-A1_passage-06_subsample-1	NextSeq 500 sequencing: Barcode sequencing of E. coli evolving in antibiotics	Microbe sample from Escherichia coli	SAMN13428348	SRX7239153	Microbe sample from Escherichia coli	NextSeq 500 sequencing: Barcode sequencing of E. coli evolving in antibiotics	814745	40737250	ftp.sra.ebi.ac.uk/vol1/fastq/SRR105/042/SRR10557342/SRR10557342.fastq.gz	781ebdc8dff5d11d78244437838d9657	19625730	SINGLE	6	1	No drug r1	SAMN13428387	No antibiotic	1
A1	SRR10557341	exp-2_well-A1_passage-06_subsample-2	exp-2_well-A1_passage-06_subsample-2	exp-2_well-A1_passage-06_subsample-2	NextSeq 500 sequencing: Barcode sequencing of E. coli evolving in antibiotics	Microbe sample from Escherichia coli	SAMN13428349	SRX7239154	Microbe sample from Escherichia coli	NextSeq 500 sequencing: Barcode sequencing of E. coli evolving in antibiotics	784598	39229900	ftp.sra.ebi.ac.uk/vol1/fastq/SRR105/041/SRR10557341/SRR10557341.fastq.gz	b74da21c4e2a4be5cdc02aeab1043049	19162591	SINGLE	6	2	No drug r1	SAMN13428387	No antibiotic	1
A1	SRR10557340	exp-2_well-A1_passage-06_subsample-3	exp-2_well-A1_passage-06_subsample-3	exp-2_well-A1_passage-06_subsample-3	NextSeq 500 sequencing: Barcode sequencing of E. coli evolving in antibiotics	Microbe sample from Escherichia coli	SAMN13428350	SRX7239155	Microbe sample from Escherichia coli	NextSeq 500 sequencing: Barcode sequencing of E. coli evolving in antibiotics	725567	36278350	ftp.sra.ebi.ac.uk/vol1/fastq/SRR105/040/SRR10557340/SRR10557340.fastq.gz	02c6d9934a4673ef53f8eea4d323af26	18864744	SINGLE	6	3	No drug r1	SAMN13428387	No antibiotic	1
A1	SRR10557339	exp-2_well-A1_passage-06_subsample-4	exp-2_well-A1_passage-06_subsample-4	exp-2_well-A1_passage-06_subsample-4	NextSeq 500 sequencing: Barcode sequencing of E. coli evolving in antibiotics	Microbe sample from Escherichia coli	SAMN13428351	SRX7239156	Microbe sample from Escherichia coli	NextSeq 500 sequencing: Barcode sequencing of E. coli evolving in antibiotics	759928	37996400	ftp.sra.ebi.ac.uk/vol1/fastq/SRR105/039/SRR10557339/SRR10557339.fastq.gz	bbb1e13d72a219c2c92ce358d3c678cd	19482052	SINGLE	6	4	No drug r1	SAMN13428387	No antibiotic	1
A1	SRR10557338	exp-2_well-A1_passage-08_subsample-1	exp-2_well-A1_passage-08_subsample-1	exp-2_well-A1_passage-08_subsample-1	NextSeq 500 sequencing: Barcode sequencing of E. coli evolving in antibiotics	Microbe sample from Escherichia coli	SAMN13428352	SRX7239157	Microbe sample from Escherichia coli	NextSeq 500 sequencing: Barcode sequencing of E. coli evolving in antibiotics	1316015	65800750	ftp.sra.ebi.ac.uk/vol1/fastq/SRR105/038/SRR10557338/SRR10557338.fastq.gz	84dc182be11c84d9d8d387b402c8bae9	31973990	SINGLE	8	1	No drug r1	SAMN13428387	No antibiotic	1
A1	SRR10557337	exp-2_well-A1_passage-08_subsample-2	exp-2_well-A1_passage-08_subsample-2	exp-2_well-A1_passage-08_subsample-2	NextSeq 500 sequencing: Barcode sequencing of E. coli evolving in antibiotics	Microbe sample from Escherichia coli	SAMN13428353	SRX7239158	Microbe sample from Escherichia coli	NextSeq 500 sequencing: Barcode sequencing of E. coli evolving in antibiotics	1254844	62742200	ftp.sra.ebi.ac.uk/vol1/fastq/SRR105/037/SRR10557337/SRR10557337.fastq.gz	50026bec6dcaee54486f97e91c776ca5	30001411	SINGLE	8	2	No drug r1	SAMN13428387	No antibiotic	1
A1	SRR10557336	exp-2_well-A1_passage-08_subsample-3	exp-2_well-A1_passage-08_subsample-3	exp-2_well-A1_passage-08_subsample-3	NextSeq 500 sequencing: Barcode sequencing of E. coli evolving in antibiotics	Microbe sample from Escherichia coli	SAMN13428354	SRX7239159	Microbe sample from Escherichia coli	NextSeq 500 sequencing: Barcode sequencing of E. coli evolving in antibiotics	1300654	65032700	ftp.sra.ebi.ac.uk/vol1/fastq/SRR105/036/SRR10557336/SRR10557336.fastq.gz	96396d898fd5457fb608cf6b27cac58c	32870774	SINGLE	8	3	No drug r1	SAMN13428387	No antibiotic	1
A1	SRR10557335	exp-2_well-A1_passage-08_subsample-4	exp-2_well-A1_passage-08_subsample-4	exp-2_well-A1_passage-08_subsample-4	NextSeq 500 sequencing: Barcode sequencing of E. coli evolving in antibiotics	Microbe sample from Escherichia coli	SAMN13428355	SRX7239160	Microbe sample from Escherichia coli	NextSeq 500 sequencing: Barcode sequencing of E. coli evolving in antibiotics	1201292	60064600	ftp.sra.ebi.ac.uk/vol1/fastq/SRR105/035/SRR10557335/SRR10557335.fastq.gz	82de119147933b6f1d560d02ac4a96d0	31522235	SINGLE	8	4	No drug r1	SAMN13428387	No antibiotic	1
A1	SRR10557334	exp-2_well-A1_passage-10_subsample-1	exp-2_well-A1_passage-10_subsample-1	exp-2_well-A1_passage-10_subsample-1	NextSeq 500 sequencing: Barcode sequencing of E. coli evolving in antibiotics	Microbe sample from Escherichia coli	SAMN13428356	SRX7239161	Microbe sample from Escherichia coli	NextSeq 500 sequencing: Barcode sequencing of E. coli evolving in antibiotics	1277945	63897250	ftp.sra.ebi.ac.uk/vol1/fastq/SRR105/034/SRR10557334/SRR10557334.fastq.gz	8bc50fdc8b4e90f46b3f0f2ff4de0a28	30979822	SINGLE	10	1	No drug r1	SAMN13428387	No antibiotic	1
A1	SRR10557333	exp-2_well-A1_passage-10_subsample-2	exp-2_well-A1_passage-10_subsample-2	exp-2_well-A1_passage-10_subsample-2	NextSeq 500 sequencing: Barcode sequencing of E. coli evolving in antibiotics	Microbe sample from Escherichia coli	SAMN13428357	SRX7239162	Microbe sample from Escherichia coli	NextSeq 500 sequencing: Barcode sequencing of E. coli evolving in antibiotics	1232505	61625250	ftp.sra.ebi.ac.uk/vol1/fastq/SRR105/033/SRR10557333/SRR10557333.fastq.gz	978fe916d970c2ebd6cac1ed0ff1292a	30328132	SINGLE	10	2	No drug r1	SAMN13428387	No antibiotic	1
A1	SRR10557331	exp-2_well-A1_passage-10_subsample-3	exp-2_well-A1_passage-10_subsample-3	exp-2_well-A1_passage-10_subsample-3	NextSeq 500 sequencing: Barcode sequencing of E. coli evolving in antibiotics	Microbe sample from Escherichia coli	SAMN13428358	SRX7239164	Microbe sample from Escherichia coli	NextSeq 500 sequencing: Barcode sequencing of E. coli evolving in antibiotics	1147565	57378250	ftp.sra.ebi.ac.uk/vol1/fastq/SRR105/031/SRR10557331/SRR10557331.fastq.gz	52cfc848c977c8aec8fa61b8632faf8f	29982559	SINGLE	10	3	No drug r1	SAMN13428387	No antibiotic	1
A1	SRR10557330	exp-2_well-A1_passage-10_subsample-4	exp-2_well-A1_passage-10_subsample-4	exp-2_well-A1_passage-10_subsample-4	NextSeq 500 sequencing: Barcode sequencing of E. coli evolving in antibiotics	Microbe sample from Escherichia coli	SAMN13428359	SRX7239165	Microbe sample from Escherichia coli	NextSeq 500 sequencing: Barcode sequencing of E. coli evolving in antibiotics	1197016	59850800	ftp.sra.ebi.ac.uk/vol1/fastq/SRR105/030/SRR10557330/SRR10557330.fastq.gz	32e02f6a4ac02d47560cb5f31f8da3dc	30860139	SINGLE	10	4	No drug r1	SAMN13428387	No antibiotic	1
A1	SRR10557329	exp-2_well-A1_passage-12_subsample-1	exp-2_well-A1_passage-12_subsample-1	exp-2_well-A1_passage-12_subsample-1	NextSeq 500 sequencing: Barcode sequencing of E. coli evolving in antibiotics	Microbe sample from Escherichia coli	SAMN13428360	SRX7239166	Microbe sample from Escherichia coli	NextSeq 500 sequencing: Barcode sequencing of E. coli evolving in antibiotics	1372204	68610200	ftp.sra.ebi.ac.uk/vol1/fastq/SRR105/029/SRR10557329/SRR10557329.fastq.gz	19ebda81464a6fb0b1047d63a7b96535	36396426	SINGLE	12	1	No drug r1	SAMN13428387	No antibiotic	1
A1	SRR10557328	exp-2_well-A1_passage-12_subsample-2	exp-2_well-A1_passage-12_subsample-2	exp-2_well-A1_passage-12_subsample-2	NextSeq 500 sequencing: Barcode sequencing of E. coli evolving in antibiotics	Microbe sample from Escherichia coli	SAMN13428361	SRX7239167	Microbe sample from Escherichia coli	NextSeq 500 sequencing: Barcode sequencing of E. coli evolving in antibiotics	945507	47275350	ftp.sra.ebi.ac.uk/vol1/fastq/SRR105/028/SRR10557328/SRR10557328.fastq.gz	4666646308e37a848cb16f4159e35286	25813566	SINGLE	12	2	No drug r1	SAMN13428387	No antibiotic	1
A1	SRR10557327	exp-2_well-A1_passage-12_subsample-3	exp-2_well-A1_passage-12_subsample-3	exp-2_well-A1_passage-12_subsample-3	NextSeq 500 sequencing: Barcode sequencing of E. coli evolving in antibiotics	Microbe sample from Escherichia coli	SAMN13428362	SRX7239168	Microbe sample from Escherichia coli	NextSeq 500 sequencing: Barcode sequencing of E. coli evolving in antibiotics	976464	48823200	ftp.sra.ebi.ac.uk/vol1/fastq/SRR105/027/SRR10557327/SRR10557327.fastq.gz	0b9f9c46b22d19bc0ae05b164022b414	27625024	SINGLE	12	3	No drug r1	SAMN13428387	No antibiotic	1
A1	SRR10557326	exp-2_well-A1_passage-12_subsample-4	exp-2_well-A1_passage-12_subsample-4	exp-2_well-A1_passage-12_subsample-4	NextSeq 500 sequencing: Barcode sequencing of E. coli evolving in antibiotics	Microbe sample from Escherichia coli	SAMN13428363	SRX7239169	Microbe sample from Escherichia coli	NextSeq 500 sequencing: Barcode sequencing of E. coli evolving in antibiotics	834112	41705600	ftp.sra.ebi.ac.uk/vol1/fastq/SRR105/026/SRR10557326/SRR10557326.fastq.gz	5f8c534586dd27286f69180cc35d9c30	23496101	SINGLE	12	4	No drug r1	SAMN13428387	No antibiotic	1
A1	SRR10557325	exp-2_well-A1_passage-14_subsample-1	exp-2_well-A1_passage-14_subsample-1	exp-2_well-A1_passage-14_subsample-1	NextSeq 500 sequencing: Barcode sequencing of E. coli evolving in antibiotics	Microbe sample from Escherichia coli	SAMN13428364	SRX7239170	Microbe sample from Escherichia coli	NextSeq 500 sequencing: Barcode sequencing of E. coli evolving in antibiotics	1277462	63873100	ftp.sra.ebi.ac.uk/vol1/fastq/SRR105/025/SRR10557325/SRR10557325.fastq.gz	6bdef4b8d5b19dbf027a106a76c62379	31201679	SINGLE	14	1	No drug r1	SAMN13428387	No antibiotic	1
A1	SRR10557324	exp-2_well-A1_passage-14_subsample-2	exp-2_well-A1_passage-14_subsample-2	exp-2_well-A1_passage-14_subsample-2	NextSeq 500 sequencing: Barcode sequencing of E. coli evolving in antibiotics	Microbe sample from Escherichia coli	SAMN13428365	SRX7239171	Microbe sample from Escherichia coli	NextSeq 500 sequencing: Barcode sequencing of E. coli evolving in antibiotics	1229980	61499000	ftp.sra.ebi.ac.uk/vol1/fastq/SRR105/024/SRR10557324/SRR10557324.fastq.gz	5d6ea79b80241c0fa140cefe05d1b117	29572610	SINGLE	14	2	No drug r1	SAMN13428387	No antibiotic	1
A1	SRR10557323	exp-2_well-A1_passage-14_subsample-3	exp-2_well-A1_passage-14_subsample-3	exp-2_well-A1_passage-14_subsample-3	NextSeq 500 sequencing: Barcode sequencing of E. coli evolving in antibiotics	Microbe sample from Escherichia coli	SAMN13428366	SRX7239172	Microbe sample from Escherichia coli	NextSeq 500 sequencing: Barcode sequencing of E. coli evolving in antibiotics	1263307	63165350	ftp.sra.ebi.ac.uk/vol1/fastq/SRR105/023/SRR10557323/SRR10557323.fastq.gz	e8be365133a6b205751db6c49f4b1072	32040056	SINGLE	14	3	No drug r1	SAMN13428387	No antibiotic	1
A1	SRR10557322	exp-2_well-A1_passage-14_subsample-4	exp-2_well-A1_passage-14_subsample-4	exp-2_well-A1_passage-14_subsample-4	NextSeq 500 sequencing: Barcode sequencing of E. coli evolving in antibiotics	Microbe sample from Escherichia coli	SAMN13428367	SRX7239173	Microbe sample from Escherichia coli	NextSeq 500 sequencing: Barcode sequencing of E. coli evolving in antibiotics	1173030	58651500	ftp.sra.ebi.ac.uk/vol1/fastq/SRR105/022/SRR10557322/SRR10557322.fastq.gz	23a1ebc354fc91cfda80f5d1bb759e01	30925226	SINGLE	14	4	No drug r1	SAMN13428387	No antibiotic	1
A1	SRR10557320	exp-2_well-A1_passage-16_subsample-1	exp-2_well-A1_passage-16_subsample-1	exp-2_well-A1_passage-16_subsample-1	NextSeq 500 sequencing: Barcode sequencing of E. coli evolving in antibiotics	Microbe sample from Escherichia coli	SAMN13428368	SRX7239175	Microbe sample from Escherichia coli	NextSeq 500 sequencing: Barcode sequencing of E. coli evolving in antibiotics	1273812	63690600	ftp.sra.ebi.ac.uk/vol1/fastq/SRR105/020/SRR10557320/SRR10557320.fastq.gz	885f95a525e56f0b55b16bac13b866cc	30752962	SINGLE	16	1	No drug r1	SAMN13428387	No antibiotic	1
A1	SRR10557319	exp-2_well-A1_passage-16_subsample-2	exp-2_well-A1_passage-16_subsample-2	exp-2_well-A1_passage-16_subsample-2	NextSeq 500 sequencing: Barcode sequencing of E. coli evolving in antibiotics	Microbe sample from Escherichia coli	SAMN13428369	SRX7239176	Microbe sample from Escherichia coli	NextSeq 500 sequencing: Barcode sequencing of E. coli evolving in antibiotics	1224022	61201100	ftp.sra.ebi.ac.uk/vol1/fastq/SRR105/019/SRR10557319/SRR10557319.fastq.gz	9fe809c8650278118e8471c090018078	29058045	SINGLE	16	2	No drug r1	SAMN13428387	No antibiotic	1
A1	SRR10557318	exp-2_well-A1_passage-16_subsample-3	exp-2_well-A1_passage-16_subsample-3	exp-2_well-A1_passage-16_subsample-3	NextSeq 500 sequencing: Barcode sequencing of E. coli evolving in antibiotics	Microbe sample from Escherichia coli	SAMN13428370	SRX7239177	Microbe sample from Escherichia coli	NextSeq 500 sequencing: Barcode sequencing of E. coli evolving in antibiotics	1269800	63490000	ftp.sra.ebi.ac.uk/vol1/fastq/SRR105/018/SRR10557318/SRR10557318.fastq.gz	3b18f1335fac993ac03085d5d81e579c	31803283	SINGLE	16	3	No drug r1	SAMN13428387	No antibiotic	1
A1	SRR10557317	exp-2_well-A1_passage-16_subsample-4	exp-2_well-A1_passage-16_subsample-4	exp-2_well-A1_passage-16_subsample-4	NextSeq 500 sequencing: Barcode sequencing of E. coli evolving in antibiotics	Microbe sample from Escherichia coli	SAMN13428371	SRX7239178	Microbe sample from Escherichia coli	NextSeq 500 sequencing: Barcode sequencing of E. coli evolving in antibiotics	1176372	58818600	ftp.sra.ebi.ac.uk/vol1/fastq/SRR105/017/SRR10557317/SRR10557317.fastq.gz	d37ea29d318447a9c1aa6919643d55e7	30742816	SINGLE	16	4	No drug r1	SAMN13428387	No antibiotic	1
A1	SRR10557316	exp-2_well-A1_passage-18_subsample-1	exp-2_well-A1_passage-18_subsample-1	exp-2_well-A1_passage-18_subsample-1	NextSeq 500 sequencing: Barcode sequencing of E. coli evolving in antibiotics	Microbe sample from Escherichia coli	SAMN13428372	SRX7239179	Microbe sample from Escherichia coli	NextSeq 500 sequencing: Barcode sequencing of E. coli evolving in antibiotics	953537	47676850	ftp.sra.ebi.ac.uk/vol1/fastq/SRR105/016/SRR10557316/SRR10557316.fastq.gz	d3d33505eac08d173f72210026c6ec3a	22297287	SINGLE	18	1	No drug r1	SAMN13428387	No antibiotic	1
A1	SRR10557315	exp-2_well-A1_passage-18_subsample-2	exp-2_well-A1_passage-18_subsample-2	exp-2_well-A1_passage-18_subsample-2	NextSeq 500 sequencing: Barcode sequencing of E. coli evolving in antibiotics	Microbe sample from Escherichia coli	SAMN13428373	SRX7239180	Microbe sample from Escherichia coli	NextSeq 500 sequencing: Barcode sequencing of E. coli evolving in antibiotics	914908	45745400	ftp.sra.ebi.ac.uk/vol1/fastq/SRR105/015/SRR10557315/SRR10557315.fastq.gz	541145e42a5a95d1949b6a52ada9dc2f	21008690	SINGLE	18	2	No drug r1	SAMN13428387	No antibiotic	1
A1	SRR10557314	exp-2_well-A1_passage-18_subsample-3	exp-2_well-A1_passage-18_subsample-3	exp-2_well-A1_passage-18_subsample-3	NextSeq 500 sequencing: Barcode sequencing of E. coli evolving in antibiotics	Microbe sample from Escherichia coli	SAMN13428374	SRX7239181	Microbe sample from Escherichia coli	NextSeq 500 sequencing: Barcode sequencing of E. coli evolving in antibiotics	952443	47622150	ftp.sra.ebi.ac.uk/vol1/fastq/SRR105/014/SRR10557314/SRR10557314.fastq.gz	77066af9727e73c7a05dccdd23fb8c18	23170981	SINGLE	18	3	No drug r1	SAMN13428387	No antibiotic	1
A1	SRR10557313	exp-2_well-A1_passage-18_subsample-4	exp-2_well-A1_passage-18_subsample-4	exp-2_well-A1_passage-18_subsample-4	NextSeq 500 sequencing: Barcode sequencing of E. coli evolving in antibiotics	Microbe sample from Escherichia coli	SAMN13428375	SRX7239182	Microbe sample from Escherichia coli	NextSeq 500 sequencing: Barcode sequencing of E. coli evolving in antibiotics	877573	43878650	ftp.sra.ebi.ac.uk/vol1/fastq/SRR105/013/SRR10557313/SRR10557313.fastq.gz	75f145c5bd882cb4e1a97d419ca2d44e	22329017	SINGLE	18	4	No drug r1	SAMN13428387	No antibiotic	1
A1	SRR10557312	exp-2_well-A1_passage-20_subsample-1	exp-2_well-A1_passage-20_subsample-1	exp-2_well-A1_passage-20_subsample-1	NextSeq 500 sequencing: Barcode sequencing of E. coli evolving in antibiotics	Microbe sample from Escherichia coli	SAMN13428376	SRX7239183	Microbe sample from Escherichia coli	NextSeq 500 sequencing: Barcode sequencing of E. coli evolving in antibiotics	1074163	53708150	ftp.sra.ebi.ac.uk/vol1/fastq/SRR105/012/SRR10557312/SRR10557312.fastq.gz	5c04359a30be4c996e7aeedf0d117b05	25160313	SINGLE	20	1	No drug r1	SAMN13428387	No antibiotic	1
A1	SRR10557311	exp-2_well-A1_passage-20_subsample-2	exp-2_well-A1_passage-20_subsample-2	exp-2_well-A1_passage-20_subsample-2	NextSeq 500 sequencing: Barcode sequencing of E. coli evolving in antibiotics	Microbe sample from Escherichia coli	SAMN13428377	SRX7239184	Microbe sample from Escherichia coli	NextSeq 500 sequencing: Barcode sequencing of E. coli evolving in antibiotics	1027707	51385350	ftp.sra.ebi.ac.uk/vol1/fastq/SRR105/011/SRR10557311/SRR10557311.fastq.gz	00048af41ee1995d3b09d77c5b3cd55b	23693876	SINGLE	20	2	No drug r1	SAMN13428387	No antibiotic	1
A1	SRR10557309	exp-2_well-A1_passage-20_subsample-3	exp-2_well-A1_passage-20_subsample-3	exp-2_well-A1_passage-20_subsample-3	NextSeq 500 sequencing: Barcode sequencing of E. coli evolving in antibiotics	Microbe sample from Escherichia coli	SAMN13428378	SRX7239186	Microbe sample from Escherichia coli	NextSeq 500 sequencing: Barcode sequencing of E. coli evolving in antibiotics	1084537	54226850	ftp.sra.ebi.ac.uk/vol1/fastq/SRR105/009/SRR10557309/SRR10557309.fastq.gz	66029ff0fa6e380100f97df94d8e389c	26152119	SINGLE	20	3	No drug r1	SAMN13428387	No antibiotic	1
A1	SRR10557308	exp-2_well-A1_passage-20_subsample-4	exp-2_well-A1_passage-20_subsample-4	exp-2_well-A1_passage-20_subsample-4	NextSeq 500 sequencing: Barcode sequencing of E. coli evolving in antibiotics	Microbe sample from Escherichia coli	SAMN13428379	SRX7239187	Microbe sample from Escherichia coli	NextSeq 500 sequencing: Barcode sequencing of E. coli evolving in antibiotics	980895	49044750	ftp.sra.ebi.ac.uk/vol1/fastq/SRR105/008/SRR10557308/SRR10557308.fastq.gz	4aa4de85ff64487a91cbb351672eff14	24881514	SINGLE	20	4	No drug r1	SAMN13428387	No antibiotic	1
A1	SRR10557307	exp-2_well-A1_passage-22_subsample-1	exp-2_well-A1_passage-22_subsample-1	exp-2_well-A1_passage-22_subsample-1	NextSeq 500 sequencing: Barcode sequencing of E. coli evolving in antibiotics	Microbe sample from Escherichia coli	SAMN13428380	SRX7239188	Microbe sample from Escherichia coli	NextSeq 500 sequencing: Barcode sequencing of E. coli evolving in antibiotics	1076127	53806350	ftp.sra.ebi.ac.uk/vol1/fastq/SRR105/007/SRR10557307/SRR10557307.fastq.gz	b87e70df02e4428af812ce3894998e4f	23577626	SINGLE	22	1	No drug r1	SAMN13428387	No antibiotic	1
A1	SRR10557306	exp-2_well-A1_passage-22_subsample-2	exp-2_well-A1_passage-22_subsample-2	exp-2_well-A1_passage-22_subsample-2	NextSeq 500 sequencing: Barcode sequencing of E. coli evolving in antibiotics	Microbe sample from Escherichia coli	SAMN13428381	SRX7239189	Microbe sample from Escherichia coli	NextSeq 500 sequencing: Barcode sequencing of E. coli evolving in antibiotics	1036996	51849800	ftp.sra.ebi.ac.uk/vol1/fastq/SRR105/006/SRR10557306/SRR10557306.fastq.gz	182ae2d73e24a0286ee6076788f8e400	22273293	SINGLE	22	2	No drug r1	SAMN13428387	No antibiotic	1
A1	SRR10557305	exp-2_well-A1_passage-22_subsample-3	exp-2_well-A1_passage-22_subsample-3	exp-2_well-A1_passage-22_subsample-3	NextSeq 500 sequencing: Barcode sequencing of E. coli evolving in antibiotics	Microbe sample from Escherichia coli	SAMN13428382	SRX7239190	Microbe sample from Escherichia coli	NextSeq 500 sequencing: Barcode sequencing of E. coli evolving in antibiotics	1072703	53635150	ftp.sra.ebi.ac.uk/vol1/fastq/SRR105/005/SRR10557305/SRR10557305.fastq.gz	2ed2955303d801acbdc6054c73acc94b	24510686	SINGLE	22	3	No drug r1	SAMN13428387	No antibiotic	1
A1	SRR10557304	exp-2_well-A1_passage-22_subsample-4	exp-2_well-A1_passage-22_subsample-4	exp-2_well-A1_passage-22_subsample-4	NextSeq 500 sequencing: Barcode sequencing of E. coli evolving in antibiotics	Microbe sample from Escherichia coli	SAMN13428383	SRX7239191	Microbe sample from Escherichia coli	NextSeq 500 sequencing: Barcode sequencing of E. coli evolving in antibiotics	997831	49891550	ftp.sra.ebi.ac.uk/vol1/fastq/SRR105/004/SRR10557304/SRR10557304.fastq.gz	e7780bbc61aff3ac5c44f83271beaf52	23943437	SINGLE	22	4	No drug r1	SAMN13428387	No antibiotic	1
A1	SRR10557303	exp-2_well-A1_passage-30_subsample-1	exp-2_well-A1_passage-30_subsample-1	exp-2_well-A1_passage-30_subsample-1	NextSeq 500 sequencing: Barcode sequencing of E. coli evolving in antibiotics	Microbe sample from Escherichia coli	SAMN13428384	SRX7239192	Microbe sample from Escherichia coli	NextSeq 500 sequencing: Barcode sequencing of E. coli evolving in antibiotics	1258111	62905550	ftp.sra.ebi.ac.uk/vol1/fastq/SRR105/003/SRR10557303/SRR10557303.fastq.gz	8167bfe0a19c102900a82caab98d380d	29216720	SINGLE	30	1	No drug r1	SAMN13428387	No antibiotic	1
A1	SRR10557302	exp-2_well-A1_passage-30_subsample-2	exp-2_well-A1_passage-30_subsample-2	exp-2_well-A1_passage-30_subsample-2	NextSeq 500 sequencing: Barcode sequencing of E. coli evolving in antibiotics	Microbe sample from Escherichia coli	SAMN13428385	SRX7239193	Microbe sample from Escherichia coli	NextSeq 500 sequencing: Barcode sequencing of E. coli evolving in antibiotics	1034083	51704150	ftp.sra.ebi.ac.uk/vol1/fastq/SRR105/002/SRR10557302/SRR10557302.fastq.gz	f0bc477aa93589ae0bc80444b7e0950b	24217673	SINGLE	30	2	No drug r1	SAMN13428387	No antibiotic	1
A1	SRR10557301	exp-2_well-A1_passage-30_subsample-3	exp-2_well-A1_passage-30_subsample-3	exp-2_well-A1_passage-30_subsample-3	NextSeq 500 sequencing: Barcode sequencing of E. coli evolving in antibiotics	Microbe sample from Escherichia coli	SAMN13428386	SRX7239194	Microbe sample from Escherichia coli	NextSeq 500 sequencing: Barcode sequencing of E. coli evolving in antibiotics	1169334	58466700	ftp.sra.ebi.ac.uk/vol1/fastq/SRR105/001/SRR10557301/SRR10557301.fastq.gz	28eb174b50819027f76b0497f991e779	28436954	SINGLE	30	3	No drug r1	SAMN13428387	No antibiotic	1
A1	SRR10557300	exp-2_well-A1_passage-30_subsample-4	exp-2_well-A1_passage-30_subsample-4	exp-2_well-A1_passage-30_subsample-4	NextSeq 500 sequencing: Barcode sequencing of E. coli evolving in antibiotics	Microbe sample from Escherichia coli	SAMN13428387	SRX7239195	Microbe sample from Escherichia coli	NextSeq 500 sequencing: Barcode sequencing of E. coli evolving in antibiotics	867980	43399000	ftp.sra.ebi.ac.uk/vol1/fastq/SRR105/000/SRR10557300/SRR10557300.fastq.gz	4a41ae73736e007979cb9d328cd68380	22333081	SINGLE	30	4	No drug r1	SAMN13428387	No antibiotic	1
B1	SRR10557298	exp-2_well-B1_passage-01_subsample-1	exp-2_well-B1_passage-01_subsample-1	exp-2_well-B1_passage-01_subsample-1	NextSeq 500 sequencing: Barcode sequencing of E. coli evolving in antibiotics	Microbe sample from Escherichia coli	SAMN13428388	SRX7239197	Microbe sample from Escherichia coli	NextSeq 500 sequencing: Barcode sequencing of E. coli evolving in antibiotics	1480008	74000400	ftp.sra.ebi.ac.uk/vol1/fastq/SRR105/098/SRR10557298/SRR10557298.fastq.gz	eb572bac68850c16d32da77812d9306e	35321140	SINGLE	1	1	No drug r2	SAMN13428439	No antibiotic	2
B1	SRR10557297	exp-2_well-B1_passage-01_subsample-2	exp-2_well-B1_passage-01_subsample-2	exp-2_well-B1_passage-01_subsample-2	NextSeq 500 sequencing: Barcode sequencing of E. coli evolving in antibiotics	Microbe sample from Escherichia coli	SAMN13428389	SRX7239198	Microbe sample from Escherichia coli	NextSeq 500 sequencing: Barcode sequencing of E. coli evolving in antibiotics	1423560	71178000	ftp.sra.ebi.ac.uk/vol1/fastq/SRR105/097/SRR10557297/SRR10557297.fastq.gz	b32196e5666a9ac7d28c0c9b0d580bbd	34421813	SINGLE	1	2	No drug r2	SAMN13428439	No antibiotic	2
B1	SRR10557296	exp-2_well-B1_passage-01_subsample-3	exp-2_well-B1_passage-01_subsample-3	exp-2_well-B1_passage-01_subsample-3	NextSeq 500 sequencing: Barcode sequencing of E. coli evolving in antibiotics	Microbe sample from Escherichia coli	SAMN13428390	SRX7239199	Microbe sample from Escherichia coli	NextSeq 500 sequencing: Barcode sequencing of E. coli evolving in antibiotics	1329362	66468100	ftp.sra.ebi.ac.uk/vol1/fastq/SRR105/096/SRR10557296/SRR10557296.fastq.gz	1fc40e466141b020ec38e877c31f52d8	34190784	SINGLE	1	3	No drug r2	SAMN13428439	No antibiotic	2
B1	SRR10557295	exp-2_well-B1_passage-01_subsample-4	exp-2_well-B1_passage-01_subsample-4	exp-2_well-B1_passage-01_subsample-4	NextSeq 500 sequencing: Barcode sequencing of E. coli evolving in antibiotics	Microbe sample from Escherichia coli	SAMN13428391	SRX7239200	Microbe sample from Escherichia coli	NextSeq 500 sequencing: Barcode sequencing of E. coli evolving in antibiotics	1389850	69492500	ftp.sra.ebi.ac.uk/vol1/fastq/SRR105/095/SRR10557295/SRR10557295.fastq.gz	d330780ef95bd6b551d0dfbfc7bd4806	35202601	SINGLE	1	4	No drug r2	SAMN13428439	No antibiotic	2
B1	SRR10557294	exp-2_well-B1_passage-02_subsample-1	exp-2_well-B1_passage-02_subsample-1	exp-2_well-B1_passage-02_subsample-1	NextSeq 500 sequencing: Barcode sequencing of E. coli evolving in antibiotics	Microbe sample from Escherichia coli	SAMN13428392	SRX7239201	Microbe sample from Escherichia coli	NextSeq 500 sequencing: Barcode sequencing of E. coli evolving in antibiotics	959159	47957950	ftp.sra.ebi.ac.uk/vol1/fastq/SRR105/094/SRR10557294/SRR10557294.fastq.gz	75e4bd821e7c18e1d317f71883b9b753	23462438	SINGLE	2	1	No drug r2	SAMN13428439	No antibiotic	2
B1	SRR10557293	exp-2_well-B1_passage-02_subsample-2	exp-2_well-B1_passage-02_subsample-2	exp-2_well-B1_passage-02_subsample-2	NextSeq 500 sequencing: Barcode sequencing of E. coli evolving in antibiotics	Microbe sample from Escherichia coli	SAMN13428393	SRX7239202	Microbe sample from Escherichia coli	NextSeq 500 sequencing: Barcode sequencing of E. coli evolving in antibiotics	917481	45874050	ftp.sra.ebi.ac.uk/vol1/fastq/SRR105/093/SRR10557293/SRR10557293.fastq.gz	1c71ac4fc24979e38686aae48383d4e8	22795222	SINGLE	2	2	No drug r2	SAMN13428439	No antibiotic	2
B1	SRR10557292	exp-2_well-B1_passage-02_subsample-3	exp-2_well-B1_passage-02_subsample-3	exp-2_well-B1_passage-02_subsample-3	NextSeq 500 sequencing: Barcode sequencing of E. coli evolving in antibiotics	Microbe sample from Escherichia coli	SAMN13428394	SRX7239203	Microbe sample from Escherichia coli	NextSeq 500 sequencing: Barcode sequencing of E. coli evolving in antibiotics	845406	42270300	ftp.sra.ebi.ac.uk/vol1/fastq/SRR105/092/SRR10557292/SRR10557292.fastq.gz	115b7b27cea815d7c2ba610e8db815df	22290896	SINGLE	2	3	No drug r2	SAMN13428439	No antibiotic	2
B1	SRR10557291	exp-2_well-B1_passage-02_subsample-4	exp-2_well-B1_passage-02_subsample-4	exp-2_well-B1_passage-02_subsample-4	NextSeq 500 sequencing: Barcode sequencing of E. coli evolving in antibiotics	Microbe sample from Escherichia coli	SAMN13428395	SRX7239204	Microbe sample from Escherichia coli	NextSeq 500 sequencing: Barcode sequencing of E. coli evolving in antibiotics	887571	44378550	ftp.sra.ebi.ac.uk/vol1/fastq/SRR105/091/SRR10557291/SRR10557291.fastq.gz	49f13165b21004a27bfd3e248424f495	23062281	SINGLE	2	4	No drug r2	SAMN13428439	No antibiotic	2
B1	SRR10557290	exp-2_well-B1_passage-04_subsample-1	exp-2_well-B1_passage-04_subsample-1	exp-2_well-B1_passage-04_subsample-1	NextSeq 500 sequencing: Barcode sequencing of E. coli evolving in antibiotics	Microbe sample from Escherichia coli	SAMN13428396	SRX7239205	Microbe sample from Escherichia coli	NextSeq 500 sequencing: Barcode sequencing of E. coli evolving in antibiotics	1381411	69070550	ftp.sra.ebi.ac.uk/vol1/fastq/SRR105/090/SRR10557290/SRR10557290.fastq.gz	8ca2828bfeb7593b7b7b53f93a36ecac	30138482	SINGLE	4	1	No drug r2	SAMN13428439	No antibiotic	2
B1	SRR10557289	exp-2_well-B1_passage-04_subsample-2	exp-2_well-B1_passage-04_subsample-2	exp-2_well-B1_passage-04_subsample-2	NextSeq 500 sequencing: Barcode sequencing of E. coli evolving in antibiotics	Microbe sample from Escherichia coli	SAMN13428397	SRX7239206	Microbe sample from Escherichia coli	NextSeq 500 sequencing: Barcode sequencing of E. coli evolving in antibiotics	1317762	65888100	ftp.sra.ebi.ac.uk/vol1/fastq/SRR105/089/SRR10557289/SRR10557289.fastq.gz	b126b0f153b56b0816b11e814e372869	29193180	SINGLE	4	2	No drug r2	SAMN13428439	No antibiotic	2
B1	SRR10557255	exp-2_well-B1_passage-04_subsample-3	exp-2_well-B1_passage-04_subsample-3	exp-2_well-B1_passage-04_subsample-3	NextSeq 500 sequencing: Barcode sequencing of E. coli evolving in antibiotics	Microbe sample from Escherichia coli	SAMN13428398	SRX7239240	Microbe sample from Escherichia coli	NextSeq 500 sequencing: Barcode sequencing of E. coli evolving in antibiotics	1250460	62523000	ftp.sra.ebi.ac.uk/vol1/fastq/SRR105/055/SRR10557255/SRR10557255.fastq.gz	9e0bc9e4aae7ae57908884f6fc15b18c	29568849	SINGLE	4	3	No drug r2	SAMN13428439	No antibiotic	2
B1	SRR10557254	exp-2_well-B1_passage-04_subsample-4	exp-2_well-B1_passage-04_subsample-4	exp-2_well-B1_passage-04_subsample-4	NextSeq 500 sequencing: Barcode sequencing of E. coli evolving in antibiotics	Microbe sample from Escherichia coli	SAMN13428399	SRX7239241	Microbe sample from Escherichia coli	NextSeq 500 sequencing: Barcode sequencing of E. coli evolving in antibiotics	1301302	65065100	ftp.sra.ebi.ac.uk/vol1/fastq/SRR105/054/SRR10557254/SRR10557254.fastq.gz	55dee0121f01d02fa1ec6042bb9b13c5	30205546	SINGLE	4	4	No drug r2	SAMN13428439	No antibiotic	2
B1	SRR10557253	exp-2_well-B1_passage-06_subsample-1	exp-2_well-B1_passage-06_subsample-1	exp-2_well-B1_passage-06_subsample-1	NextSeq 500 sequencing: Barcode sequencing of E. coli evolving in antibiotics	Microbe sample from Escherichia coli	SAMN13428400	SRX7239242	Microbe sample from Escherichia coli	NextSeq 500 sequencing: Barcode sequencing of E. coli evolving in antibiotics	1204444	60222200	ftp.sra.ebi.ac.uk/vol1/fastq/SRR105/053/SRR10557253/SRR10557253.fastq.gz	c7604472da216937af44685521eaf9b0	28891834	SINGLE	6	1	No drug r2	SAMN13428439	No antibiotic	2
B1	SRR10557252	exp-2_well-B1_passage-06_subsample-2	exp-2_well-B1_passage-06_subsample-2	exp-2_well-B1_passage-06_subsample-2	NextSeq 500 sequencing: Barcode sequencing of E. coli evolving in antibiotics	Microbe sample from Escherichia coli	SAMN13428401	SRX7239243	Microbe sample from Escherichia coli	NextSeq 500 sequencing: Barcode sequencing of E. coli evolving in antibiotics	1158837	57941850	ftp.sra.ebi.ac.uk/vol1/fastq/SRR105/052/SRR10557252/SRR10557252.fastq.gz	d73c325697593ad0de72f67c32c12eb3	28189249	SINGLE	6	2	No drug r2	SAMN13428439	No antibiotic	2
B1	SRR10557251	exp-2_well-B1_passage-06_subsample-3	exp-2_well-B1_passage-06_subsample-3	exp-2_well-B1_passage-06_subsample-3	NextSeq 500 sequencing: Barcode sequencing of E. coli evolving in antibiotics	Microbe sample from Escherichia coli	SAMN13428402	SRX7239244	Microbe sample from Escherichia coli	NextSeq 500 sequencing: Barcode sequencing of E. coli evolving in antibiotics	1078805	53940250	ftp.sra.ebi.ac.uk/vol1/fastq/SRR105/051/SRR10557251/SRR10557251.fastq.gz	b6ebb2e524bdd01a22c1383daa104332	27905238	SINGLE	6	3	No drug r2	SAMN13428439	No antibiotic	2
B1	SRR10557250	exp-2_well-B1_passage-06_subsample-4	exp-2_well-B1_passage-06_subsample-4	exp-2_well-B1_passage-06_subsample-4	NextSeq 500 sequencing: Barcode sequencing of E. coli evolving in antibiotics	Microbe sample from Escherichia coli	SAMN13428403	SRX7239245	Microbe sample from Escherichia coli	NextSeq 500 sequencing: Barcode sequencing of E. coli evolving in antibiotics	1129868	56493400	ftp.sra.ebi.ac.uk/vol1/fastq/SRR105/050/SRR10557250/SRR10557250.fastq.gz	6342331cdd2a6d73cb3c9701aaa5b383	28828778	SINGLE	6	4	No drug r2	SAMN13428439	No antibiotic	2
B1	SRR10557249	exp-2_well-B1_passage-08_subsample-1	exp-2_well-B1_passage-08_subsample-1	exp-2_well-B1_passage-08_subsample-1	NextSeq 500 sequencing: Barcode sequencing of E. coli evolving in antibiotics	Microbe sample from Escherichia coli	SAMN13428404	SRX7239246	Microbe sample from Escherichia coli	NextSeq 500 sequencing: Barcode sequencing of E. coli evolving in antibiotics	1505125	75256250	ftp.sra.ebi.ac.uk/vol1/fastq/SRR105/049/SRR10557249/SRR10557249.fastq.gz	521e66a728e826559dee17d480c1e3e6	36229385	SINGLE	8	1	No drug r2	SAMN13428439	No antibiotic	2
B1	SRR10557248	exp-2_well-B1_passage-08_subsample-2	exp-2_well-B1_passage-08_subsample-2	exp-2_well-B1_passage-08_subsample-2	NextSeq 500 sequencing: Barcode sequencing of E. coli evolving in antibiotics	Microbe sample from Escherichia coli	SAMN13428405	SRX7239247	Microbe sample from Escherichia coli	NextSeq 500 sequencing: Barcode sequencing of E. coli evolving in antibiotics	1423271	71163550	ftp.sra.ebi.ac.uk/vol1/fastq/SRR105/048/SRR10557248/SRR10557248.fastq.gz	f08a503e68aff188915f785b91e714a5	33741152	SINGLE	8	2	No drug r2	SAMN13428439	No antibiotic	2
B1	SRR10557247	exp-2_well-B1_passage-08_subsample-3	exp-2_well-B1_passage-08_subsample-3	exp-2_well-B1_passage-08_subsample-3	NextSeq 500 sequencing: Barcode sequencing of E. coli evolving in antibiotics	Microbe sample from Escherichia coli	SAMN13428406	SRX7239248	Microbe sample from Escherichia coli	NextSeq 500 sequencing: Barcode sequencing of E. coli evolving in antibiotics	1473828	73691400	ftp.sra.ebi.ac.uk/vol1/fastq/SRR105/047/SRR10557247/SRR10557247.fastq.gz	7214db4e9831567b5fce3cf30012639d	36844863	SINGLE	8	3	No drug r2	SAMN13428439	No antibiotic	2
B1	SRR10557246	exp-2_well-B1_passage-08_subsample-4	exp-2_well-B1_passage-08_subsample-4	exp-2_well-B1_passage-08_subsample-4	NextSeq 500 sequencing: Barcode sequencing of E. coli evolving in antibiotics	Microbe sample from Escherichia coli	SAMN13428407	SRX7239249	Microbe sample from Escherichia coli	NextSeq 500 sequencing: Barcode sequencing of E. coli evolving in antibiotics	1367757	68387850	ftp.sra.ebi.ac.uk/vol1/fastq/SRR105/046/SRR10557246/SRR10557246.fastq.gz	a0a81d7c3264945ecd7d2c3887fe61dc	35460224	SINGLE	8	4	No drug r2	SAMN13428439	No antibiotic	2
B1	SRR10557244	exp-2_well-B1_passage-10_subsample-1	exp-2_well-B1_passage-10_subsample-1	exp-2_well-B1_passage-10_subsample-1	NextSeq 500 sequencing: Barcode sequencing of E. coli evolving in antibiotics	Microbe sample from Escherichia coli	SAMN13428408	SRX7239251	Microbe sample from Escherichia coli	NextSeq 500 sequencing: Barcode sequencing of E. coli evolving in antibiotics	1371858	68592900	ftp.sra.ebi.ac.uk/vol1/fastq/SRR105/044/SRR10557244/SRR10557244.fastq.gz	21fbc0c9ee55ab4e3d9866c9e5f5696e	33194429	SINGLE	10	1	No drug r2	SAMN13428439	No antibiotic	2
B1	SRR10557243	exp-2_well-B1_passage-10_subsample-2	exp-2_well-B1_passage-10_subsample-2	exp-2_well-B1_passage-10_subsample-2	NextSeq 500 sequencing: Barcode sequencing of E. coli evolving in antibiotics	Microbe sample from Escherichia coli	SAMN13428409	SRX7239252	Microbe sample from Escherichia coli	NextSeq 500 sequencing: Barcode sequencing of E. coli evolving in antibiotics	1323617	66180850	ftp.sra.ebi.ac.uk/vol1/fastq/SRR105/043/SRR10557243/SRR10557243.fastq.gz	9dff81bbbee123fa9a229c90003bb255	32511662	SINGLE	10	2	No drug r2	SAMN13428439	No antibiotic	2
B1	SRR10557242	exp-2_well-B1_passage-10_subsample-3	exp-2_well-B1_passage-10_subsample-3	exp-2_well-B1_passage-10_subsample-3	NextSeq 500 sequencing: Barcode sequencing of E. coli evolving in antibiotics	Microbe sample from Escherichia coli	SAMN13428410	SRX7239253	Microbe sample from Escherichia coli	NextSeq 500 sequencing: Barcode sequencing of E. coli evolving in antibiotics	1228314	61415700	ftp.sra.ebi.ac.uk/vol1/fastq/SRR105/042/SRR10557242/SRR10557242.fastq.gz	ead6766223b3fb70141499e70a62c53b	32048406	SINGLE	10	3	No drug r2	SAMN13428439	No antibiotic	2
B1	SRR10557241	exp-2_well-B1_passage-10_subsample-4	exp-2_well-B1_passage-10_subsample-4	exp-2_well-B1_passage-10_subsample-4	NextSeq 500 sequencing: Barcode sequencing of E. coli evolving in antibiotics	Microbe sample from Escherichia coli	SAMN13428411	SRX7239254	Microbe sample from Escherichia coli	NextSeq 500 sequencing: Barcode sequencing of E. coli evolving in antibiotics	1288313	64415650	ftp.sra.ebi.ac.uk/vol1/fastq/SRR105/041/SRR10557241/SRR10557241.fastq.gz	a97d2a68e4a46d7984a0554e328fb77a	33159875	SINGLE	10	4	No drug r2	SAMN13428439	No antibiotic	2
B1	SRR10557240	exp-2_well-B1_passage-12_subsample-1	exp-2_well-B1_passage-12_subsample-1	exp-2_well-B1_passage-12_subsample-1	NextSeq 500 sequencing: Barcode sequencing of E. coli evolving in antibiotics	Microbe sample from Escherichia coli	SAMN13428412	SRX7239255	Microbe sample from Escherichia coli	NextSeq 500 sequencing: Barcode sequencing of E. coli evolving in antibiotics	1184512	59225600	ftp.sra.ebi.ac.uk/vol1/fastq/SRR105/040/SRR10557240/SRR10557240.fastq.gz	4f9006f827cf552e766af974f54a9ea3	28965807	SINGLE	12	1	No drug r2	SAMN13428439	No antibiotic	2
B1	SRR10557239	exp-2_well-B1_passage-12_subsample-2	exp-2_well-B1_passage-12_subsample-2	exp-2_well-B1_passage-12_subsample-2	NextSeq 500 sequencing: Barcode sequencing of E. coli evolving in antibiotics	Microbe sample from Escherichia coli	SAMN13428413	SRX7239256	Microbe sample from Escherichia coli	NextSeq 500 sequencing: Barcode sequencing of E. coli evolving in antibiotics	1147475	57373750	ftp.sra.ebi.ac.uk/vol1/fastq/SRR105/039/SRR10557239/SRR10557239.fastq.gz	251940c1f24423be78d4dad817164b79	28407705	SINGLE	12	2	No drug r2	SAMN13428439	No antibiotic	2
B1	SRR10557238	exp-2_well-B1_passage-12_subsample-3	exp-2_well-B1_passage-12_subsample-3	exp-2_well-B1_passage-12_subsample-3	NextSeq 500 sequencing: Barcode sequencing of E. coli evolving in antibiotics	Microbe sample from Escherichia coli	SAMN13428414	SRX7239257	Microbe sample from Escherichia coli	NextSeq 500 sequencing: Barcode sequencing of E. coli evolving in antibiotics	1057638	52881900	ftp.sra.ebi.ac.uk/vol1/fastq/SRR105/038/SRR10557238/SRR10557238.fastq.gz	8666548cd473d4b885d3bcd14da597d6	27814667	SINGLE	12	3	No drug r2	SAMN13428439	No antibiotic	2
B1	SRR10557237	exp-2_well-B1_passage-12_subsample-4	exp-2_well-B1_passage-12_subsample-4	exp-2_well-B1_passage-12_subsample-4	NextSeq 500 sequencing: Barcode sequencing of E. coli evolving in antibiotics	Microbe sample from Escherichia coli	SAMN13428415	SRX7239258	Microbe sample from Escherichia coli	NextSeq 500 sequencing: Barcode sequencing of E. coli evolving in antibiotics	1108924	55446200	ftp.sra.ebi.ac.uk/vol1/fastq/SRR105/037/SRR10557237/SRR10557237.fastq.gz	85f26c1f6c277fb270baa5800dd25c8f	28804585	SINGLE	12	4	No drug r2	SAMN13428439	No antibiotic	2
B1	SRR10557236	exp-2_well-B1_passage-14_subsample-1	exp-2_well-B1_passage-14_subsample-1	exp-2_well-B1_passage-14_subsample-1	NextSeq 500 sequencing: Barcode sequencing of E. coli evolving in antibiotics	Microbe sample from Escherichia coli	SAMN13428416	SRX7239259	Microbe sample from Escherichia coli	NextSeq 500 sequencing: Barcode sequencing of E. coli evolving in antibiotics	1729226	86461300	ftp.sra.ebi.ac.uk/vol1/fastq/SRR105/036/SRR10557236/SRR10557236.fastq.gz	0366ed6be131bd913748e306179cbd08	40988813	SINGLE	14	1	No drug r2	SAMN13428439	No antibiotic	2
B1	SRR10557235	exp-2_well-B1_passage-14_subsample-2	exp-2_well-B1_passage-14_subsample-2	exp-2_well-B1_passage-14_subsample-2	NextSeq 500 sequencing: Barcode sequencing of E. coli evolving in antibiotics	Microbe sample from Escherichia coli	SAMN13428417	SRX7239260	Microbe sample from Escherichia coli	NextSeq 500 sequencing: Barcode sequencing of E. coli evolving in antibiotics	1648536	82426800	ftp.sra.ebi.ac.uk/vol1/fastq/SRR105/035/SRR10557235/SRR10557235.fastq.gz	f6c03ff7e1694866ce1e7537034b14c6	38564177	SINGLE	14	2	No drug r2	SAMN13428439	No antibiotic	2
B1	SRR10557233	exp-2_well-B1_passage-14_subsample-3	exp-2_well-B1_passage-14_subsample-3	exp-2_well-B1_passage-14_subsample-3	NextSeq 500 sequencing: Barcode sequencing of E. coli evolving in antibiotics	Microbe sample from Escherichia coli	SAMN13428418	SRX7239262	Microbe sample from Escherichia coli	NextSeq 500 sequencing: Barcode sequencing of E. coli evolving in antibiotics	1696810	84840500	ftp.sra.ebi.ac.uk/vol1/fastq/SRR105/033/SRR10557233/SRR10557233.fastq.gz	538f8cba3142c9e568ad9be2a2ebe322	41896970	SINGLE	14	3	No drug r2	SAMN13428439	No antibiotic	2
B1	SRR10557232	exp-2_well-B1_passage-14_subsample-4	exp-2_well-B1_passage-14_subsample-4	exp-2_well-B1_passage-14_subsample-4	NextSeq 500 sequencing: Barcode sequencing of E. coli evolving in antibiotics	Microbe sample from Escherichia coli	SAMN13428419	SRX7239263	Microbe sample from Escherichia coli	NextSeq 500 sequencing: Barcode sequencing of E. coli evolving in antibiotics	1577086	78854300	ftp.sra.ebi.ac.uk/vol1/fastq/SRR105/032/SRR10557232/SRR10557232.fastq.gz	c03866415c5ba241911fe0e310bc0600	40394081	SINGLE	14	4	No drug r2	SAMN13428439	No antibiotic	2
B1	SRR10557231	exp-2_well-B1_passage-16_subsample-1	exp-2_well-B1_passage-16_subsample-1	exp-2_well-B1_passage-16_subsample-1	NextSeq 500 sequencing: Barcode sequencing of E. coli evolving in antibiotics	Microbe sample from Escherichia coli	SAMN13428420	SRX7239264	Microbe sample from Escherichia coli	NextSeq 500 sequencing: Barcode sequencing of E. coli evolving in antibiotics	1270487	63524350	ftp.sra.ebi.ac.uk/vol1/fastq/SRR105/031/SRR10557231/SRR10557231.fastq.gz	dc279417ea14752098ab339d073880a2	30203178	SINGLE	16	1	No drug r2	SAMN13428439	No antibiotic	2
B1	SRR10557230	exp-2_well-B1_passage-16_subsample-2	exp-2_well-B1_passage-16_subsample-2	exp-2_well-B1_passage-16_subsample-2	NextSeq 500 sequencing: Barcode sequencing of E. coli evolving in antibiotics	Microbe sample from Escherichia coli	SAMN13428421	SRX7239265	Microbe sample from Escherichia coli	NextSeq 500 sequencing: Barcode sequencing of E. coli evolving in antibiotics	1218814	60940700	ftp.sra.ebi.ac.uk/vol1/fastq/SRR105/030/SRR10557230/SRR10557230.fastq.gz	f784d332d17971f1a8733e1423a6f372	28499141	SINGLE	16	2	No drug r2	SAMN13428439	No antibiotic	2
B1	SRR10557229	exp-2_well-B1_passage-16_subsample-3	exp-2_well-B1_passage-16_subsample-3	exp-2_well-B1_passage-16_subsample-3	NextSeq 500 sequencing: Barcode sequencing of E. coli evolving in antibiotics	Microbe sample from Escherichia coli	SAMN13428422	SRX7239266	Microbe sample from Escherichia coli	NextSeq 500 sequencing: Barcode sequencing of E. coli evolving in antibiotics	1263653	63182650	ftp.sra.ebi.ac.uk/vol1/fastq/SRR105/029/SRR10557229/SRR10557229.fastq.gz	da8ef306c0f2544e56112ef4e0709315	31281320	SINGLE	16	3	No drug r2	SAMN13428439	No antibiotic	2
B1	SRR10557228	exp-2_well-B1_passage-16_subsample-4	exp-2_well-B1_passage-16_subsample-4	exp-2_well-B1_passage-16_subsample-4	NextSeq 500 sequencing: Barcode sequencing of E. coli evolving in antibiotics	Microbe sample from Escherichia coli	SAMN13428423	SRX7239267	Microbe sample from Escherichia coli	NextSeq 500 sequencing: Barcode sequencing of E. coli evolving in antibiotics	1170502	58525100	ftp.sra.ebi.ac.uk/vol1/fastq/SRR105/028/SRR10557228/SRR10557228.fastq.gz	8f119e3b122e07da30b023ab4f188542	30115831	SINGLE	16	4	No drug r2	SAMN13428439	No antibiotic	2
B1	SRR10557227	exp-2_well-B1_passage-18_subsample-1	exp-2_well-B1_passage-18_subsample-1	exp-2_well-B1_passage-18_subsample-1	NextSeq 500 sequencing: Barcode sequencing of E. coli evolving in antibiotics	Microbe sample from Escherichia coli	SAMN13428424	SRX7239268	Microbe sample from Escherichia coli	NextSeq 500 sequencing: Barcode sequencing of E. coli evolving in antibiotics	1367078	68353900	ftp.sra.ebi.ac.uk/vol1/fastq/SRR105/027/SRR10557227/SRR10557227.fastq.gz	5757f9fc76268dd9042eaafda5f53eb6	31826402	SINGLE	18	1	No drug r2	SAMN13428439	No antibiotic	2
B1	SRR10557226	exp-2_well-B1_passage-18_subsample-2	exp-2_well-B1_passage-18_subsample-2	exp-2_well-B1_passage-18_subsample-2	NextSeq 500 sequencing: Barcode sequencing of E. coli evolving in antibiotics	Microbe sample from Escherichia coli	SAMN13428425	SRX7239269	Microbe sample from Escherichia coli	NextSeq 500 sequencing: Barcode sequencing of E. coli evolving in antibiotics	1308203	65410150	ftp.sra.ebi.ac.uk/vol1/fastq/SRR105/026/SRR10557226/SRR10557226.fastq.gz	e089781682664f272973b2f984fd9e4b	29929421	SINGLE	18	2	No drug r2	SAMN13428439	No antibiotic	2
B1	SRR10557225	exp-2_well-B1_passage-18_subsample-3	exp-2_well-B1_passage-18_subsample-3	exp-2_well-B1_passage-18_subsample-3	NextSeq 500 sequencing: Barcode sequencing of E. coli evolving in antibiotics	Microbe sample from Escherichia coli	SAMN13428426	SRX7239270	Microbe sample from Escherichia coli	NextSeq 500 sequencing: Barcode sequencing of E. coli evolving in antibiotics	1360055	68002750	ftp.sra.ebi.ac.uk/vol1/fastq/SRR105/025/SRR10557225/SRR10557225.fastq.gz	208abc47a77a1b02ecbc485a5dd02928	32945074	SINGLE	18	3	No drug r2	SAMN13428439	No antibiotic	2
B1	SRR10557224	exp-2_well-B1_passage-18_subsample-4	exp-2_well-B1_passage-18_subsample-4	exp-2_well-B1_passage-18_subsample-4	NextSeq 500 sequencing: Barcode sequencing of E. coli evolving in antibiotics	Microbe sample from Escherichia coli	SAMN13428427	SRX7239271	Microbe sample from Escherichia coli	NextSeq 500 sequencing: Barcode sequencing of E. coli evolving in antibiotics	1259427	62971350	ftp.sra.ebi.ac.uk/vol1/fastq/SRR105/024/SRR10557224/SRR10557224.fastq.gz	9a5ec4483ec7a61b6732b922a2bf869b	31812251	SINGLE	18	4	No drug r2	SAMN13428439	No antibiotic	2
B1	SRR10557222	exp-2_well-B1_passage-20_subsample-1	exp-2_well-B1_passage-20_subsample-1	exp-2_well-B1_passage-20_subsample-1	NextSeq 500 sequencing: Barcode sequencing of E. coli evolving in antibiotics	Microbe sample from Escherichia coli	SAMN13428428	SRX7239273	Microbe sample from Escherichia coli	NextSeq 500 sequencing: Barcode sequencing of E. coli evolving in antibiotics	1239569	61978450	ftp.sra.ebi.ac.uk/vol1/fastq/SRR105/022/SRR10557222/SRR10557222.fastq.gz	5885099fc19fcf6fee9d6aabee88b80d	29017986	SINGLE	20	1	No drug r2	SAMN13428439	No antibiotic	2
B1	SRR10557221	exp-2_well-B1_passage-20_subsample-2	exp-2_well-B1_passage-20_subsample-2	exp-2_well-B1_passage-20_subsample-2	NextSeq 500 sequencing: Barcode sequencing of E. coli evolving in antibiotics	Microbe sample from Escherichia coli	SAMN13428429	SRX7239274	Microbe sample from Escherichia coli	NextSeq 500 sequencing: Barcode sequencing of E. coli evolving in antibiotics	1183845	59192250	ftp.sra.ebi.ac.uk/vol1/fastq/SRR105/021/SRR10557221/SRR10557221.fastq.gz	6c22943fd41aad1c18476cf4d5ee67e8	27298392	SINGLE	20	2	No drug r2	SAMN13428439	No antibiotic	2
B1	SRR10557220	exp-2_well-B1_passage-20_subsample-3	exp-2_well-B1_passage-20_subsample-3	exp-2_well-B1_passage-20_subsample-3	NextSeq 500 sequencing: Barcode sequencing of E. coli evolving in antibiotics	Microbe sample from Escherichia coli	SAMN13428430	SRX7239275	Microbe sample from Escherichia coli	NextSeq 500 sequencing: Barcode sequencing of E. coli evolving in antibiotics	1252730	62636500	ftp.sra.ebi.ac.uk/vol1/fastq/SRR105/020/SRR10557220/SRR10557220.fastq.gz	9e01c3a027b665653a239df9f1726b61	30180666	SINGLE	20	3	No drug r2	SAMN13428439	No antibiotic	2
B1	SRR10557219	exp-2_well-B1_passage-20_subsample-4	exp-2_well-B1_passage-20_subsample-4	exp-2_well-B1_passage-20_subsample-4	NextSeq 500 sequencing: Barcode sequencing of E. coli evolving in antibiotics	Microbe sample from Escherichia coli	SAMN13428431	SRX7239276	Microbe sample from Escherichia coli	NextSeq 500 sequencing: Barcode sequencing of E. coli evolving in antibiotics	1131011	56550550	ftp.sra.ebi.ac.uk/vol1/fastq/SRR105/019/SRR10557219/SRR10557219.fastq.gz	843aa8539f7fcd9bd996441f021c8f30	28650271	SINGLE	20	4	No drug r2	SAMN13428439	No antibiotic	2
B1	SRR10557218	exp-2_well-B1_passage-22_subsample-1	exp-2_well-B1_passage-22_subsample-1	exp-2_well-B1_passage-22_subsample-1	NextSeq 500 sequencing: Barcode sequencing of E. coli evolving in antibiotics	Microbe sample from Escherichia coli	SAMN13428432	SRX7239277	Microbe sample from Escherichia coli	NextSeq 500 sequencing: Barcode sequencing of E. coli evolving in antibiotics	1198660	59933000	ftp.sra.ebi.ac.uk/vol1/fastq/SRR105/018/SRR10557218/SRR10557218.fastq.gz	168fa3b7ccde24e71c3235bdf156ba38	25788911	SINGLE	22	1	No drug r2	SAMN13428439	No antibiotic	2
B1	SRR10557217	exp-2_well-B1_passage-22_subsample-2	exp-2_well-B1_passage-22_subsample-2	exp-2_well-B1_passage-22_subsample-2	NextSeq 500 sequencing: Barcode sequencing of E. coli evolving in antibiotics	Microbe sample from Escherichia coli	SAMN13428433	SRX7239278	Microbe sample from Escherichia coli	NextSeq 500 sequencing: Barcode sequencing of E. coli evolving in antibiotics	1157499	57874950	ftp.sra.ebi.ac.uk/vol1/fastq/SRR105/017/SRR10557217/SRR10557217.fastq.gz	edaa5dc0a5eb68dc9e770dee0cf95f76	24409546	SINGLE	22	2	No drug r2	SAMN13428439	No antibiotic	2
B1	SRR10557216	exp-2_well-B1_passage-22_subsample-3	exp-2_well-B1_passage-22_subsample-3	exp-2_well-B1_passage-22_subsample-3	NextSeq 500 sequencing: Barcode sequencing of E. coli evolving in antibiotics	Microbe sample from Escherichia coli	SAMN13428434	SRX7239279	Microbe sample from Escherichia coli	NextSeq 500 sequencing: Barcode sequencing of E. coli evolving in antibiotics	1204796	60239800	ftp.sra.ebi.ac.uk/vol1/fastq/SRR105/016/SRR10557216/SRR10557216.fastq.gz	7ce84e4b030815f1322f898d6d192bcb	26983447	SINGLE	22	3	No drug r2	SAMN13428439	No antibiotic	2
B1	SRR10557215	exp-2_well-B1_passage-22_subsample-4	exp-2_well-B1_passage-22_subsample-4	exp-2_well-B1_passage-22_subsample-4	NextSeq 500 sequencing: Barcode sequencing of E. coli evolving in antibiotics	Microbe sample from Escherichia coli	SAMN13428435	SRX7239280	Microbe sample from Escherichia coli	NextSeq 500 sequencing: Barcode sequencing of E. coli evolving in antibiotics	1112221	55611050	ftp.sra.ebi.ac.uk/vol1/fastq/SRR105/015/SRR10557215/SRR10557215.fastq.gz	d6420a338c01c94c987e6656cc4a1460	26287720	SINGLE	22	4	No drug r2	SAMN13428439	No antibiotic	2
B1	SRR10557214	exp-2_well-B1_passage-30_subsample-1	exp-2_well-B1_passage-30_subsample-1	exp-2_well-B1_passage-30_subsample-1	NextSeq 500 sequencing: Barcode sequencing of E. coli evolving in antibiotics	Microbe sample from Escherichia coli	SAMN13428436	SRX7239281	Microbe sample from Escherichia coli	NextSeq 500 sequencing: Barcode sequencing of E. coli evolving in antibiotics	941201	47060050	ftp.sra.ebi.ac.uk/vol1/fastq/SRR105/014/SRR10557214/SRR10557214.fastq.gz	b19ea173b2ca3ec8e6148a1affa28964	19128292	SINGLE	30	1	No drug r2	SAMN13428439	No antibiotic	2
B1	SRR10557213	exp-2_well-B1_passage-30_subsample-2	exp-2_well-B1_passage-30_subsample-2	exp-2_well-B1_passage-30_subsample-2	NextSeq 500 sequencing: Barcode sequencing of E. coli evolving in antibiotics	Microbe sample from Escherichia coli	SAMN13428437	SRX7239282	Microbe sample from Escherichia coli	NextSeq 500 sequencing: Barcode sequencing of E. coli evolving in antibiotics	899083	44954150	ftp.sra.ebi.ac.uk/vol1/fastq/SRR105/013/SRR10557213/SRR10557213.fastq.gz	70b27b62b7a9c5271080aadd16786620	17887905	SINGLE	30	2	No drug r2	SAMN13428439	No antibiotic	2
B1	SRR10557211	exp-2_well-B1_passage-30_subsample-3	exp-2_well-B1_passage-30_subsample-3	exp-2_well-B1_passage-30_subsample-3	NextSeq 500 sequencing: Barcode sequencing of E. coli evolving in antibiotics	Microbe sample from Escherichia coli	SAMN13428438	SRX7238612	Microbe sample from Escherichia coli	NextSeq 500 sequencing: Barcode sequencing of E. coli evolving in antibiotics	926165	46308250	ftp.sra.ebi.ac.uk/vol1/fastq/SRR105/011/SRR10557211/SRR10557211.fastq.gz	372f1beaaf5a73ac07fb7c815bffd75c	19700782	SINGLE	30	3	No drug r2	SAMN13428439	No antibiotic	2
B1	SRR10557210	exp-2_well-B1_passage-30_subsample-4	exp-2_well-B1_passage-30_subsample-4	exp-2_well-B1_passage-30_subsample-4	NextSeq 500 sequencing: Barcode sequencing of E. coli evolving in antibiotics	Microbe sample from Escherichia coli	SAMN13428439	SRX7238613	Microbe sample from Escherichia coli	NextSeq 500 sequencing: Barcode sequencing of E. coli evolving in antibiotics	864583	43229150	ftp.sra.ebi.ac.uk/vol1/fastq/SRR105/010/SRR10557210/SRR10557210.fastq.gz	deffbda01c44a2ba47efc049b26bf6ec	19316105	SINGLE	30	4	No drug r2	SAMN13428439	No antibiotic	2
C1	SRR10557209	exp-2_well-C1_passage-01_subsample-1	exp-2_well-C1_passage-01_subsample-1	exp-2_well-C1_passage-01_subsample-1	NextSeq 500 sequencing: Barcode sequencing of E. coli evolving in antibiotics	Microbe sample from Escherichia coli	SAMN13428440	SRX7238614	Microbe sample from Escherichia coli	NextSeq 500 sequencing: Barcode sequencing of E. coli evolving in antibiotics	1597073	79853650	ftp.sra.ebi.ac.uk/vol1/fastq/SRR105/009/SRR10557209/SRR10557209.fastq.gz	182d5af7f0d720fde021285877c2c182	38145595	SINGLE	1	1	No drug r3	SAMN13428454	No antibiotic	3
C1	SRR10557208	exp-2_well-C1_passage-01_subsample-2	exp-2_well-C1_passage-01_subsample-2	exp-2_well-C1_passage-01_subsample-2	NextSeq 500 sequencing: Barcode sequencing of E. coli evolving in antibiotics	Microbe sample from Escherichia coli	SAMN13428441	SRX7238615	Microbe sample from Escherichia coli	NextSeq 500 sequencing: Barcode sequencing of E. coli evolving in antibiotics	1530265	76513250	ftp.sra.ebi.ac.uk/vol1/fastq/SRR105/008/SRR10557208/SRR10557208.fastq.gz	f7f77850c9fd503b1ec3e227df65085c	37044626	SINGLE	1	2	No drug r3	SAMN13428454	No antibiotic	3
C1	SRR10557207	exp-2_well-C1_passage-01_subsample-3	exp-2_well-C1_passage-01_subsample-3	exp-2_well-C1_passage-01_subsample-3	NextSeq 500 sequencing: Barcode sequencing of E. coli evolving in antibiotics	Microbe sample from Escherichia coli	SAMN13428442	SRX7238616	Microbe sample from Escherichia coli	NextSeq 500 sequencing: Barcode sequencing of E. coli evolving in antibiotics	1450059	72502950	ftp.sra.ebi.ac.uk/vol1/fastq/SRR105/007/SRR10557207/SRR10557207.fastq.gz	85f061d5efe106ad6b6d6149cf5522be	37399074	SINGLE	1	3	No drug r3	SAMN13428454	No antibiotic	3
C1	SRR10557206	exp-2_well-C1_passage-01_subsample-4	exp-2_well-C1_passage-01_subsample-4	exp-2_well-C1_passage-01_subsample-4	NextSeq 500 sequencing: Barcode sequencing of E. coli evolving in antibiotics	Microbe sample from Escherichia coli	SAMN13428443	SRX7238617	Microbe sample from Escherichia coli	NextSeq 500 sequencing: Barcode sequencing of E. coli evolving in antibiotics	1501795	75089750	ftp.sra.ebi.ac.uk/vol1/fastq/SRR105/006/SRR10557206/SRR10557206.fastq.gz	a33d20b64b8bdf169b9ac28459ac5c42	38086020	SINGLE	1	4	No drug r3	SAMN13428454	No antibiotic	3
C1	SRR10557205	exp-2_well-C1_passage-02_subsample-1	exp-2_well-C1_passage-02_subsample-1	exp-2_well-C1_passage-02_subsample-1	NextSeq 500 sequencing: Barcode sequencing of E. coli evolving in antibiotics	Microbe sample from Escherichia coli	SAMN13428444	SRX7238618	Microbe sample from Escherichia coli	NextSeq 500 sequencing: Barcode sequencing of E. coli evolving in antibiotics	983559	49177950	ftp.sra.ebi.ac.uk/vol1/fastq/SRR105/005/SRR10557205/SRR10557205.fastq.gz	67106e29ac6bc82fc436e4e8c0787e2c	23982515	SINGLE	2	1	No drug r3	SAMN13428454	No antibiotic	3
C1	SRR10557204	exp-2_well-C1_passage-02_subsample-2	exp-2_well-C1_passage-02_subsample-2	exp-2_well-C1_passage-02_subsample-2	NextSeq 500 sequencing: Barcode sequencing of E. coli evolving in antibiotics	Microbe sample from Escherichia coli	SAMN13428445	SRX7238619	Microbe sample from Escherichia coli	NextSeq 500 sequencing: Barcode sequencing of E. coli evolving in antibiotics	924653	46232650	ftp.sra.ebi.ac.uk/vol1/fastq/SRR105/004/SRR10557204/SRR10557204.fastq.gz	3b940b6d3b37fd47e1e7411c54d0dc08	22950608	SINGLE	2	2	No drug r3	SAMN13428454	No antibiotic	3
C1	SRR10557203	exp-2_well-C1_passage-02_subsample-3	exp-2_well-C1_passage-02_subsample-3	exp-2_well-C1_passage-02_subsample-3	NextSeq 500 sequencing: Barcode sequencing of E. coli evolving in antibiotics	Microbe sample from Escherichia coli	SAMN13428446	SRX7238620	Microbe sample from Escherichia coli	NextSeq 500 sequencing: Barcode sequencing of E. coli evolving in antibiotics	863960	43198000	ftp.sra.ebi.ac.uk/vol1/fastq/SRR105/003/SRR10557203/SRR10557203.fastq.gz	4f4671566f81620dd84dbb97619e9f2b	22690658	SINGLE	2	3	No drug r3	SAMN13428454	No antibiotic	3
C1	SRR10557202	exp-2_well-C1_passage-02_subsample-4	exp-2_well-C1_passage-02_subsample-4	exp-2_well-C1_passage-02_subsample-4	NextSeq 500 sequencing: Barcode sequencing of E. coli evolving in antibiotics	Microbe sample from Escherichia coli	SAMN13428447	SRX7238621	Microbe sample from Escherichia coli	NextSeq 500 sequencing: Barcode sequencing of E. coli evolving in antibiotics	892239	44611950	ftp.sra.ebi.ac.uk/vol1/fastq/SRR105/002/SRR10557202/SRR10557202.fastq.gz	0476b67e0c6c8f3665efa5b0010c1527	23061461	SINGLE	2	4	No drug r3	SAMN13428454	No antibiotic	3
C1	SRR10557199	exp-2_well-C1_passage-04_subsample-1	exp-2_well-C1_passage-04_subsample-1	exp-2_well-C1_passage-04_subsample-1	NextSeq 500 sequencing: Barcode sequencing of E. coli evolving in antibiotics	Microbe sample from Escherichia coli	SAMN13428448	SRX7238624	Microbe sample from Escherichia coli	NextSeq 500 sequencing: Barcode sequencing of E. coli evolving in antibiotics	1005140	50257000	ftp.sra.ebi.ac.uk/vol1/fastq/SRR105/099/SRR10557199/SRR10557199.fastq.gz	987eb97e742964ccc6334c27e32f8441	23795916	SINGLE	4	1	No drug r3	SAMN13428454	No antibiotic	3
C1	SRR10557198	exp-2_well-C1_passage-04_subsample-2	exp-2_well-C1_passage-04_subsample-2	exp-2_well-C1_passage-04_subsample-2	NextSeq 500 sequencing: Barcode sequencing of E. coli evolving in antibiotics	Microbe sample from Escherichia coli	SAMN13428449	SRX7238625	Microbe sample from Escherichia coli	NextSeq 500 sequencing: Barcode sequencing of E. coli evolving in antibiotics	959133	47956650	ftp.sra.ebi.ac.uk/vol1/fastq/SRR105/098/SRR10557198/SRR10557198.fastq.gz	62dd339198a75ad53b915d5b2bfc8d7e	23056470	SINGLE	4	2	No drug r3	SAMN13428454	No antibiotic	3
C1	SRR10557197	exp-2_well-C1_passage-04_subsample-3	exp-2_well-C1_passage-04_subsample-3	exp-2_well-C1_passage-04_subsample-3	NextSeq 500 sequencing: Barcode sequencing of E. coli evolving in antibiotics	Microbe sample from Escherichia coli	SAMN13428450	SRX7238626	Microbe sample from Escherichia coli	NextSeq 500 sequencing: Barcode sequencing of E. coli evolving in antibiotics	890653	44532650	ftp.sra.ebi.ac.uk/vol1/fastq/SRR105/097/SRR10557197/SRR10557197.fastq.gz	feef4b358dee788d050f49376d9b9d8f	22767676	SINGLE	4	3	No drug r3	SAMN13428454	No antibiotic	3
C1	SRR10557196	exp-2_well-C1_passage-04_subsample-4	exp-2_well-C1_passage-04_subsample-4	exp-2_well-C1_passage-04_subsample-4	NextSeq 500 sequencing: Barcode sequencing of E. coli evolving in antibiotics	Microbe sample from Escherichia coli	SAMN13428451	SRX7238627	Microbe sample from Escherichia coli	NextSeq 500 sequencing: Barcode sequencing of E. coli evolving in antibiotics	940182	47009100	ftp.sra.ebi.ac.uk/vol1/fastq/SRR105/096/SRR10557196/SRR10557196.fastq.gz	6c061bd83544fdb1476ed95b1b6e1836	23548039	SINGLE	4	4	No drug r3	SAMN13428454	No antibiotic	3
C1	SRR10557195	exp-2_well-C1_passage-06_subsample-1	exp-2_well-C1_passage-06_subsample-1	exp-2_well-C1_passage-06_subsample-1	NextSeq 500 sequencing: Barcode sequencing of E. coli evolving in antibiotics	Microbe sample from Escherichia coli	SAMN13428452	SRX7238628	Microbe sample from Escherichia coli	NextSeq 500 sequencing: Barcode sequencing of E. coli evolving in antibiotics	1266659	63332950	ftp.sra.ebi.ac.uk/vol1/fastq/SRR105/095/SRR10557195/SRR10557195.fastq.gz	3589c64ebec926cd9e134c7037cd7b6f	30397200	SINGLE	6	1	No drug r3	SAMN13428454	No antibiotic	3
C1	SRR10557194	exp-2_well-C1_passage-06_subsample-2	exp-2_well-C1_passage-06_subsample-2	exp-2_well-C1_passage-06_subsample-2	NextSeq 500 sequencing: Barcode sequencing of E. coli evolving in antibiotics	Microbe sample from Escherichia coli	SAMN13428453	SRX7238629	Microbe sample from Escherichia coli	NextSeq 500 sequencing: Barcode sequencing of E. coli evolving in antibiotics	1217295	60864750	ftp.sra.ebi.ac.uk/vol1/fastq/SRR105/094/SRR10557194/SRR10557194.fastq.gz	a58af0bd84a516d840d2f7c900db867f	29592539	SINGLE	6	2	No drug r3	SAMN13428454	No antibiotic	3
C1	SRR10557193	exp-2_well-C1_passage-06_subsample-3	exp-2_well-C1_passage-06_subsample-3	exp-2_well-C1_passage-06_subsample-3	NextSeq 500 sequencing: Barcode sequencing of E. coli evolving in antibiotics	Microbe sample from Escherichia coli	SAMN13428454	SRX7238630	Microbe sample from Escherichia coli	NextSeq 500 sequencing: Barcode sequencing of E. coli evolving in antibiotics	1140875	57043750	ftp.sra.ebi.ac.uk/vol1/fastq/SRR105/093/SRR10557193/SRR10557193.fastq.gz	ce3122bb5cfb166901d112f755998b24	29623591	SINGLE	6	3	No drug r3	SAMN13428454	No antibiotic	3
C1	SRR10557612	exp-2_well-C1_passage-06_subsample-4	exp-2_well-C1_passage-06_subsample-4	exp-2_well-C1_passage-06_subsample-4	NextSeq 500 sequencing: Barcode sequencing of E. coli evolving in antibiotics	Microbe sample from Escherichia coli	SAMN13428455	SRX7239291	Microbe sample from Escherichia coli	NextSeq 500 sequencing: Barcode sequencing of E. coli evolving in antibiotics	1181356	59067800	ftp.sra.ebi.ac.uk/vol1/fastq/SRR105/012/SRR10557612/SRR10557612.fastq.gz	6cd898b1d51a1c40c2475106c2453c23	30160025	SINGLE	6	4	No drug r3	SAMN13428454	No antibiotic	3
C1	SRR10557611	exp-2_well-C1_passage-08_subsample-1	exp-2_well-C1_passage-08_subsample-1	exp-2_well-C1_passage-08_subsample-1	NextSeq 500 sequencing: Barcode sequencing of E. coli evolving in antibiotics	Microbe sample from Escherichia coli	SAMN13428456	SRX7239292	Microbe sample from Escherichia coli	NextSeq 500 sequencing: Barcode sequencing of E. coli evolving in antibiotics	1031378	51568900	ftp.sra.ebi.ac.uk/vol1/fastq/SRR105/011/SRR10557611/SRR10557611.fastq.gz	5ba5925a7dca0ef0bc8e10f67eb17536	26108745	SINGLE	8	1	No drug r3	SAMN13428454	No antibiotic	3
C1	SRR10557610	exp-2_well-C1_passage-08_subsample-2	exp-2_well-C1_passage-08_subsample-2	exp-2_well-C1_passage-08_subsample-2	NextSeq 500 sequencing: Barcode sequencing of E. coli evolving in antibiotics	Microbe sample from Escherichia coli	SAMN13428457	SRX7239293	Microbe sample from Escherichia coli	NextSeq 500 sequencing: Barcode sequencing of E. coli evolving in antibiotics	929484	46474200	ftp.sra.ebi.ac.uk/vol1/fastq/SRR105/010/SRR10557610/SRR10557610.fastq.gz	93419066546e49603a6ea51d5ca04fbb	23857896	SINGLE	8	2	No drug r3	SAMN13428454	No antibiotic	3
C1	SRR10557608	exp-2_well-C1_passage-08_subsample-3	exp-2_well-C1_passage-08_subsample-3	exp-2_well-C1_passage-08_subsample-3	NextSeq 500 sequencing: Barcode sequencing of E. coli evolving in antibiotics	Microbe sample from Escherichia coli	SAMN13428458	SRX7239295	Microbe sample from Escherichia coli	NextSeq 500 sequencing: Barcode sequencing of E. coli evolving in antibiotics	847112	42355600	ftp.sra.ebi.ac.uk/vol1/fastq/SRR105/008/SRR10557608/SRR10557608.fastq.gz	073098965d68017ab937a5a3287f3a80	22845913	SINGLE	8	3	No drug r3	SAMN13428454	No antibiotic	3
C1	SRR10557607	exp-2_well-C1_passage-08_subsample-4	exp-2_well-C1_passage-08_subsample-4	exp-2_well-C1_passage-08_subsample-4	NextSeq 500 sequencing: Barcode sequencing of E. coli evolving in antibiotics	Microbe sample from Escherichia coli	SAMN13428459	SRX7239296	Microbe sample from Escherichia coli	NextSeq 500 sequencing: Barcode sequencing of E. coli evolving in antibiotics	909705	45485250	ftp.sra.ebi.ac.uk/vol1/fastq/SRR105/007/SRR10557607/SRR10557607.fastq.gz	24d5757d73de2bbd47f704f551ec6c80	24129800	SINGLE	8	4	No drug r3	SAMN13428454	No antibiotic	3
C1	SRR10557606	exp-2_well-C1_passage-10_subsample-1	exp-2_well-C1_passage-10_subsample-1	exp-2_well-C1_passage-10_subsample-1	NextSeq 500 sequencing: Barcode sequencing of E. coli evolving in antibiotics	Microbe sample from Escherichia coli	SAMN13428460	SRX7239297	Microbe sample from Escherichia coli	NextSeq 500 sequencing: Barcode sequencing of E. coli evolving in antibiotics	1323835	66191750	ftp.sra.ebi.ac.uk/vol1/fastq/SRR105/006/SRR10557606/SRR10557606.fastq.gz	2e2cd3f649eb1b96f03ced0a34dcbc23	31711140	SINGLE	10	1	No drug r3	SAMN13428454	No antibiotic	3
C1	SRR10557605	exp-2_well-C1_passage-10_subsample-2	exp-2_well-C1_passage-10_subsample-2	exp-2_well-C1_passage-10_subsample-2	NextSeq 500 sequencing: Barcode sequencing of E. coli evolving in antibiotics	Microbe sample from Escherichia coli	SAMN13428461	SRX7239298	Microbe sample from Escherichia coli	NextSeq 500 sequencing: Barcode sequencing of E. coli evolving in antibiotics	1259997	62999850	ftp.sra.ebi.ac.uk/vol1/fastq/SRR105/005/SRR10557605/SRR10557605.fastq.gz	54d68128f83de7bd52ade7359e347782	30704986	SINGLE	10	2	No drug r3	SAMN13428454	No antibiotic	3
C1	SRR10557604	exp-2_well-C1_passage-10_subsample-3	exp-2_well-C1_passage-10_subsample-3	exp-2_well-C1_passage-10_subsample-3	NextSeq 500 sequencing: Barcode sequencing of E. coli evolving in antibiotics	Microbe sample from Escherichia coli	SAMN13428462	SRX7239299	Microbe sample from Escherichia coli	NextSeq 500 sequencing: Barcode sequencing of E. coli evolving in antibiotics	1184348	59217400	ftp.sra.ebi.ac.uk/vol1/fastq/SRR105/004/SRR10557604/SRR10557604.fastq.gz	56471d4fe93d197de69b158dc51724a5	30527736	SINGLE	10	3	No drug r3	SAMN13428454	No antibiotic	3
C1	SRR10557603	exp-2_well-C1_passage-10_subsample-4	exp-2_well-C1_passage-10_subsample-4	exp-2_well-C1_passage-10_subsample-4	NextSeq 500 sequencing: Barcode sequencing of E. coli evolving in antibiotics	Microbe sample from Escherichia coli	SAMN13428463	SRX7239300	Microbe sample from Escherichia coli	NextSeq 500 sequencing: Barcode sequencing of E. coli evolving in antibiotics	1227525	61376250	ftp.sra.ebi.ac.uk/vol1/fastq/SRR105/003/SRR10557603/SRR10557603.fastq.gz	3c9df7fa88709016982a08e3ae9f104b	31166336	SINGLE	10	4	No drug r3	SAMN13428454	No antibiotic	3
C1	SRR10557602	exp-2_well-C1_passage-12_subsample-1	exp-2_well-C1_passage-12_subsample-1	exp-2_well-C1_passage-12_subsample-1	NextSeq 500 sequencing: Barcode sequencing of E. coli evolving in antibiotics	Microbe sample from Escherichia coli	SAMN13428464	SRX7239301	Microbe sample from Escherichia coli	NextSeq 500 sequencing: Barcode sequencing of E. coli evolving in antibiotics	1343043	67152150	ftp.sra.ebi.ac.uk/vol1/fastq/SRR105/002/SRR10557602/SRR10557602.fastq.gz	733799e14b16b75fd9a57f6cf2d1e21e	30006312	SINGLE	12	1	No drug r3	SAMN13428454	No antibiotic	3
C1	SRR10557601	exp-2_well-C1_passage-12_subsample-2	exp-2_well-C1_passage-12_subsample-2	exp-2_well-C1_passage-12_subsample-2	NextSeq 500 sequencing: Barcode sequencing of E. coli evolving in antibiotics	Microbe sample from Escherichia coli	SAMN13428465	SRX7239302	Microbe sample from Escherichia coli	NextSeq 500 sequencing: Barcode sequencing of E. coli evolving in antibiotics	1267337	63366850	ftp.sra.ebi.ac.uk/vol1/fastq/SRR105/001/SRR10557601/SRR10557601.fastq.gz	1f5cd42c1c0b7d32b1b3c4c8b375aaaf	28814856	SINGLE	12	2	No drug r3	SAMN13428454	No antibiotic	3
C1	SRR10557600	exp-2_well-C1_passage-12_subsample-3	exp-2_well-C1_passage-12_subsample-3	exp-2_well-C1_passage-12_subsample-3	NextSeq 500 sequencing: Barcode sequencing of E. coli evolving in antibiotics	Microbe sample from Escherichia coli	SAMN13428466	SRX7239303	Microbe sample from Escherichia coli	NextSeq 500 sequencing: Barcode sequencing of E. coli evolving in antibiotics	1200691	60034550	ftp.sra.ebi.ac.uk/vol1/fastq/SRR105/000/SRR10557600/SRR10557600.fastq.gz	3e064c9dc3207646eca11bf6a18d92bc	29033068	SINGLE	12	3	No drug r3	SAMN13428454	No antibiotic	3
C1	SRR10557599	exp-2_well-C1_passage-12_subsample-4	exp-2_well-C1_passage-12_subsample-4	exp-2_well-C1_passage-12_subsample-4	NextSeq 500 sequencing: Barcode sequencing of E. coli evolving in antibiotics	Microbe sample from Escherichia coli	SAMN13428467	SRX7239304	Microbe sample from Escherichia coli	NextSeq 500 sequencing: Barcode sequencing of E. coli evolving in antibiotics	1252183	62609150	ftp.sra.ebi.ac.uk/vol1/fastq/SRR105/099/SRR10557599/SRR10557599.fastq.gz	b80cbabf5dcfd8c2bc9e9b7cf7632cef	29647999	SINGLE	12	4	No drug r3	SAMN13428454	No antibiotic	3
C1	SRR10557597	exp-2_well-C1_passage-14_subsample-1	exp-2_well-C1_passage-14_subsample-1	exp-2_well-C1_passage-14_subsample-1	NextSeq 500 sequencing: Barcode sequencing of E. coli evolving in antibiotics	Microbe sample from Escherichia coli	SAMN13428468	SRX7239306	Microbe sample from Escherichia coli	NextSeq 500 sequencing: Barcode sequencing of E. coli evolving in antibiotics	1316966	65848300	ftp.sra.ebi.ac.uk/vol1/fastq/SRR105/097/SRR10557597/SRR10557597.fastq.gz	5ba1f9b7fdfd1c17c133f8d491a6da61	32324225	SINGLE	14	1	No drug r3	SAMN13428454	No antibiotic	3
C1	SRR10557596	exp-2_well-C1_passage-14_subsample-2	exp-2_well-C1_passage-14_subsample-2	exp-2_well-C1_passage-14_subsample-2	NextSeq 500 sequencing: Barcode sequencing of E. coli evolving in antibiotics	Microbe sample from Escherichia coli	SAMN13428469	SRX7239307	Microbe sample from Escherichia coli	NextSeq 500 sequencing: Barcode sequencing of E. coli evolving in antibiotics	1259889	62994450	ftp.sra.ebi.ac.uk/vol1/fastq/SRR105/096/SRR10557596/SRR10557596.fastq.gz	7d8375fb638ba755b3d504e3768ddde3	30437323	SINGLE	14	2	No drug r3	SAMN13428454	No antibiotic	3
C1	SRR10557595	exp-2_well-C1_passage-14_subsample-3	exp-2_well-C1_passage-14_subsample-3	exp-2_well-C1_passage-14_subsample-3	NextSeq 500 sequencing: Barcode sequencing of E. coli evolving in antibiotics	Microbe sample from Escherichia coli	SAMN13428470	SRX7239308	Microbe sample from Escherichia coli	NextSeq 500 sequencing: Barcode sequencing of E. coli evolving in antibiotics	1306813	65340650	ftp.sra.ebi.ac.uk/vol1/fastq/SRR105/095/SRR10557595/SRR10557595.fastq.gz	274e3b980922ee4545edfb320ffc754d	33235933	SINGLE	14	3	No drug r3	SAMN13428454	No antibiotic	3
C1	SRR10557594	exp-2_well-C1_passage-14_subsample-4	exp-2_well-C1_passage-14_subsample-4	exp-2_well-C1_passage-14_subsample-4	NextSeq 500 sequencing: Barcode sequencing of E. coli evolving in antibiotics	Microbe sample from Escherichia coli	SAMN13428471	SRX7239309	Microbe sample from Escherichia coli	NextSeq 500 sequencing: Barcode sequencing of E. coli evolving in antibiotics	1204673	60233650	ftp.sra.ebi.ac.uk/vol1/fastq/SRR105/094/SRR10557594/SRR10557594.fastq.gz	a02f239b52b29cb22aee37bbff9ef46f	31965197	SINGLE	14	4	No drug r3	SAMN13428454	No antibiotic	3
C1	SRR10557593	exp-2_well-C1_passage-16_subsample-1	exp-2_well-C1_passage-16_subsample-1	exp-2_well-C1_passage-16_subsample-1	NextSeq 500 sequencing: Barcode sequencing of E. coli evolving in antibiotics	Microbe sample from Escherichia coli	SAMN13428472	SRX7239310	Microbe sample from Escherichia coli	NextSeq 500 sequencing: Barcode sequencing of E. coli evolving in antibiotics	1349922	67496100	ftp.sra.ebi.ac.uk/vol1/fastq/SRR105/093/SRR10557593/SRR10557593.fastq.gz	e30806fa58c968ba7fd234268a2bced9	32772034	SINGLE	16	1	No drug r3	SAMN13428454	No antibiotic	3
C1	SRR10557592	exp-2_well-C1_passage-16_subsample-2	exp-2_well-C1_passage-16_subsample-2	exp-2_well-C1_passage-16_subsample-2	NextSeq 500 sequencing: Barcode sequencing of E. coli evolving in antibiotics	Microbe sample from Escherichia coli	SAMN13428473	SRX7239311	Microbe sample from Escherichia coli	NextSeq 500 sequencing: Barcode sequencing of E. coli evolving in antibiotics	1302334	65116700	ftp.sra.ebi.ac.uk/vol1/fastq/SRR105/092/SRR10557592/SRR10557592.fastq.gz	a549c8b01505c06d4994ab205590f10c	31134656	SINGLE	16	2	No drug r3	SAMN13428454	No antibiotic	3
C1	SRR10557591	exp-2_well-C1_passage-16_subsample-3	exp-2_well-C1_passage-16_subsample-3	exp-2_well-C1_passage-16_subsample-3	NextSeq 500 sequencing: Barcode sequencing of E. coli evolving in antibiotics	Microbe sample from Escherichia coli	SAMN13428474	SRX7239312	Microbe sample from Escherichia coli	NextSeq 500 sequencing: Barcode sequencing of E. coli evolving in antibiotics	1353265	67663250	ftp.sra.ebi.ac.uk/vol1/fastq/SRR105/091/SRR10557591/SRR10557591.fastq.gz	d32a94fd5205b800df7521a6a2fbcd19	34055534	SINGLE	16	3	No drug r3	SAMN13428454	No antibiotic	3
C1	SRR10557590	exp-2_well-C1_passage-16_subsample-4	exp-2_well-C1_passage-16_subsample-4	exp-2_well-C1_passage-16_subsample-4	NextSeq 500 sequencing: Barcode sequencing of E. coli evolving in antibiotics	Microbe sample from Escherichia coli	SAMN13428475	SRX7239313	Microbe sample from Escherichia coli	NextSeq 500 sequencing: Barcode sequencing of E. coli evolving in antibiotics	1249654	62482700	ftp.sra.ebi.ac.uk/vol1/fastq/SRR105/090/SRR10557590/SRR10557590.fastq.gz	04de94cb3d94b55fe3b82802006ff369	32860208	SINGLE	16	4	No drug r3	SAMN13428454	No antibiotic	3
C1	SRR10557589	exp-2_well-C1_passage-18_subsample-1	exp-2_well-C1_passage-18_subsample-1	exp-2_well-C1_passage-18_subsample-1	NextSeq 500 sequencing: Barcode sequencing of E. coli evolving in antibiotics	Microbe sample from Escherichia coli	SAMN13428476	SRX7239314	Microbe sample from Escherichia coli	NextSeq 500 sequencing: Barcode sequencing of E. coli evolving in antibiotics	1818815	90940750	ftp.sra.ebi.ac.uk/vol1/fastq/SRR105/089/SRR10557589/SRR10557589.fastq.gz	5d089a546570c90eb63b73c96edbb138	42318010	SINGLE	18	1	No drug r3	SAMN13428454	No antibiotic	3
C1	SRR10557588	exp-2_well-C1_passage-18_subsample-2	exp-2_well-C1_passage-18_subsample-2	exp-2_well-C1_passage-18_subsample-2	NextSeq 500 sequencing: Barcode sequencing of E. coli evolving in antibiotics	Microbe sample from Escherichia coli	SAMN13428477	SRX7239315	Microbe sample from Escherichia coli	NextSeq 500 sequencing: Barcode sequencing of E. coli evolving in antibiotics	1730706	86535300	ftp.sra.ebi.ac.uk/vol1/fastq/SRR105/088/SRR10557588/SRR10557588.fastq.gz	3d28ce24e2be2c2d29d100f2d6cd6b62	39591609	SINGLE	18	2	No drug r3	SAMN13428454	No antibiotic	3
C1	SRR10557586	exp-2_well-C1_passage-18_subsample-3	exp-2_well-C1_passage-18_subsample-3	exp-2_well-C1_passage-18_subsample-3	NextSeq 500 sequencing: Barcode sequencing of E. coli evolving in antibiotics	Microbe sample from Escherichia coli	SAMN13428478	SRX7239317	Microbe sample from Escherichia coli	NextSeq 500 sequencing: Barcode sequencing of E. coli evolving in antibiotics	1808816	90440800	ftp.sra.ebi.ac.uk/vol1/fastq/SRR105/086/SRR10557586/SRR10557586.fastq.gz	591735b41b7f6590a16f0253991efc25	43834937	SINGLE	18	3	No drug r3	SAMN13428454	No antibiotic	3
C1	SRR10557585	exp-2_well-C1_passage-18_subsample-4	exp-2_well-C1_passage-18_subsample-4	exp-2_well-C1_passage-18_subsample-4	NextSeq 500 sequencing: Barcode sequencing of E. coli evolving in antibiotics	Microbe sample from Escherichia coli	SAMN13428479	SRX7239318	Microbe sample from Escherichia coli	NextSeq 500 sequencing: Barcode sequencing of E. coli evolving in antibiotics	1661753	83087650	ftp.sra.ebi.ac.uk/vol1/fastq/SRR105/085/SRR10557585/SRR10557585.fastq.gz	1c191dde7cbba074aedeacbc0086104d	42165172	SINGLE	18	4	No drug r3	SAMN13428454	No antibiotic	3
C1	SRR10557584	exp-2_well-C1_passage-20_subsample-1	exp-2_well-C1_passage-20_subsample-1	exp-2_well-C1_passage-20_subsample-1	NextSeq 500 sequencing: Barcode sequencing of E. coli evolving in antibiotics	Microbe sample from Escherichia coli	SAMN13428480	SRX7239319	Microbe sample from Escherichia coli	NextSeq 500 sequencing: Barcode sequencing of E. coli evolving in antibiotics	1155913	57795650	ftp.sra.ebi.ac.uk/vol1/fastq/SRR105/084/SRR10557584/SRR10557584.fastq.gz	325c07f8156c020dc8fd46187ba8edba	26986355	SINGLE	20	1	No drug r3	SAMN13428454	No antibiotic	3
C1	SRR10557583	exp-2_well-C1_passage-20_subsample-2	exp-2_well-C1_passage-20_subsample-2	exp-2_well-C1_passage-20_subsample-2	NextSeq 500 sequencing: Barcode sequencing of E. coli evolving in antibiotics	Microbe sample from Escherichia coli	SAMN13428481	SRX7239320	Microbe sample from Escherichia coli	NextSeq 500 sequencing: Barcode sequencing of E. coli evolving in antibiotics	1107477	55373850	ftp.sra.ebi.ac.uk/vol1/fastq/SRR105/083/SRR10557583/SRR10557583.fastq.gz	88211ca3fd5556e97711c3ba99988571	25461958	SINGLE	20	2	No drug r3	SAMN13428454	No antibiotic	3
C1	SRR10557582	exp-2_well-C1_passage-20_subsample-3	exp-2_well-C1_passage-20_subsample-3	exp-2_well-C1_passage-20_subsample-3	NextSeq 500 sequencing: Barcode sequencing of E. coli evolving in antibiotics	Microbe sample from Escherichia coli	SAMN13428482	SRX7239321	Microbe sample from Escherichia coli	NextSeq 500 sequencing: Barcode sequencing of E. coli evolving in antibiotics	1162154	58107700	ftp.sra.ebi.ac.uk/vol1/fastq/SRR105/082/SRR10557582/SRR10557582.fastq.gz	49675baf8fea52119f6bea8240d9ac36	27945559	SINGLE	20	3	No drug r3	SAMN13428454	No antibiotic	3
C1	SRR10557581	exp-2_well-C1_passage-20_subsample-4	exp-2_well-C1_passage-20_subsample-4	exp-2_well-C1_passage-20_subsample-4	NextSeq 500 sequencing: Barcode sequencing of E. coli evolving in antibiotics	Microbe sample from Escherichia coli	SAMN13428483	SRX7239322	Microbe sample from Escherichia coli	NextSeq 500 sequencing: Barcode sequencing of E. coli evolving in antibiotics	1056002	52800100	ftp.sra.ebi.ac.uk/vol1/fastq/SRR105/081/SRR10557581/SRR10557581.fastq.gz	f8cf43e1d983cdedcf90a1f7858e6403	26728864	SINGLE	20	4	No drug r3	SAMN13428454	No antibiotic	3
C1	SRR10557288	exp-2_well-C1_passage-22_subsample-1	exp-2_well-C1_passage-22_subsample-1	exp-2_well-C1_passage-22_subsample-1	NextSeq 500 sequencing: Barcode sequencing of E. coli evolving in antibiotics	Microbe sample from Escherichia coli	SAMN13428484	SRX7239207	Microbe sample from Escherichia coli	NextSeq 500 sequencing: Barcode sequencing of E. coli evolving in antibiotics	1204764	60238200	ftp.sra.ebi.ac.uk/vol1/fastq/SRR105/088/SRR10557288/SRR10557288.fastq.gz	95cc0777b937a974011dd4e23fa3854f	26506294	SINGLE	22	1	No drug r3	SAMN13428454	No antibiotic	3
C1	SRR10557287	exp-2_well-C1_passage-22_subsample-2	exp-2_well-C1_passage-22_subsample-2	exp-2_well-C1_passage-22_subsample-2	NextSeq 500 sequencing: Barcode sequencing of E. coli evolving in antibiotics	Microbe sample from Escherichia coli	SAMN13428485	SRX7239208	Microbe sample from Escherichia coli	NextSeq 500 sequencing: Barcode sequencing of E. coli evolving in antibiotics	1155843	57792150	ftp.sra.ebi.ac.uk/vol1/fastq/SRR105/087/SRR10557287/SRR10557287.fastq.gz	eb55ed0326161131985984eaf3574fe0	24963319	SINGLE	22	2	No drug r3	SAMN13428454	No antibiotic	3
C1	SRR10557286	exp-2_well-C1_passage-22_subsample-3	exp-2_well-C1_passage-22_subsample-3	exp-2_well-C1_passage-22_subsample-3	NextSeq 500 sequencing: Barcode sequencing of E. coli evolving in antibiotics	Microbe sample from Escherichia coli	SAMN13428486	SRX7239209	Microbe sample from Escherichia coli	NextSeq 500 sequencing: Barcode sequencing of E. coli evolving in antibiotics	1201558	60077900	ftp.sra.ebi.ac.uk/vol1/fastq/SRR105/086/SRR10557286/SRR10557286.fastq.gz	93f11a58feb6a086a8dd5b45b21a84e8	27526932	SINGLE	22	3	No drug r3	SAMN13428454	No antibiotic	3
C1	SRR10557285	exp-2_well-C1_passage-22_subsample-4	exp-2_well-C1_passage-22_subsample-4	exp-2_well-C1_passage-22_subsample-4	NextSeq 500 sequencing: Barcode sequencing of E. coli evolving in antibiotics	Microbe sample from Escherichia coli	SAMN13428487	SRX7239210	Microbe sample from Escherichia coli	NextSeq 500 sequencing: Barcode sequencing of E. coli evolving in antibiotics	1110538	55526900	ftp.sra.ebi.ac.uk/vol1/fastq/SRR105/085/SRR10557285/SRR10557285.fastq.gz	c0facfe5b42ef24e79952fa197550dae	26741974	SINGLE	22	4	No drug r3	SAMN13428454	No antibiotic	3
C1	SRR10557283	exp-2_well-C1_passage-30_subsample-1	exp-2_well-C1_passage-30_subsample-1	exp-2_well-C1_passage-30_subsample-1	NextSeq 500 sequencing: Barcode sequencing of E. coli evolving in antibiotics	Microbe sample from Escherichia coli	SAMN13428488	SRX7239212	Microbe sample from Escherichia coli	NextSeq 500 sequencing: Barcode sequencing of E. coli evolving in antibiotics	1379972	68998600	ftp.sra.ebi.ac.uk/vol1/fastq/SRR105/083/SRR10557283/SRR10557283.fastq.gz	ba51653eff2e00afd6e6dd7732c2104a	28710616	SINGLE	30	1	No drug r3	SAMN13428454	No antibiotic	3
C1	SRR10557282	exp-2_well-C1_passage-30_subsample-2	exp-2_well-C1_passage-30_subsample-2	exp-2_well-C1_passage-30_subsample-2	NextSeq 500 sequencing: Barcode sequencing of E. coli evolving in antibiotics	Microbe sample from Escherichia coli	SAMN13428489	SRX7239213	Microbe sample from Escherichia coli	NextSeq 500 sequencing: Barcode sequencing of E. coli evolving in antibiotics	1321055	66052750	ftp.sra.ebi.ac.uk/vol1/fastq/SRR105/082/SRR10557282/SRR10557282.fastq.gz	1420ba58d797f21ebf6b89622180fe80	26985460	SINGLE	30	2	No drug r3	SAMN13428454	No antibiotic	3
C1	SRR10557281	exp-2_well-C1_passage-30_subsample-3	exp-2_well-C1_passage-30_subsample-3	exp-2_well-C1_passage-30_subsample-3	NextSeq 500 sequencing: Barcode sequencing of E. coli evolving in antibiotics	Microbe sample from Escherichia coli	SAMN13428490	SRX7239214	Microbe sample from Escherichia coli	NextSeq 500 sequencing: Barcode sequencing of E. coli evolving in antibiotics	1364303	68215150	ftp.sra.ebi.ac.uk/vol1/fastq/SRR105/081/SRR10557281/SRR10557281.fastq.gz	3b55b7af8e5fb1b5fa9397346510c3e6	29675028	SINGLE	30	3	No drug r3	SAMN13428454	No antibiotic	3
C1	SRR10557280	exp-2_well-C1_passage-30_subsample-4	exp-2_well-C1_passage-30_subsample-4	exp-2_well-C1_passage-30_subsample-4	NextSeq 500 sequencing: Barcode sequencing of E. coli evolving in antibiotics	Microbe sample from Escherichia coli	SAMN13428491	SRX7239215	Microbe sample from Escherichia coli	NextSeq 500 sequencing: Barcode sequencing of E. coli evolving in antibiotics	1271188	63559400	ftp.sra.ebi.ac.uk/vol1/fastq/SRR105/080/SRR10557280/SRR10557280.fastq.gz	866a28662303c00c1b651e8163abb873	29007196	SINGLE	30	4	No drug r3	SAMN13428454	No antibiotic	3
