Barcode,counts,method,sample,replicate,generation,input_molecules,assigned_molecules,frequency_assigned,is_published_pair,published_set_molecules,frequency_published_set,published_counts,published_frequency,display_id
AATAAAAGAAGGAAAAGCATTTAAAC_AAACAAACTTTCTTTTTTCTTTATGC,6180,barbac_lv,hBFA1-YPD-R1-Time8,R1,8,1329545,1329545,0.0046482067173356295,True,1138597,0.005427732551552481,6188.0,0.005431467224676486,L01
ACAAAAAGATATAACAAGCTTGAAGA_CCCGAAAAAGTTTTTTATCTTCAATG,18177,barbac_lv,hBFA1-YPD-R1-Time8,R1,8,1329545,1329545,0.013671594417639116,True,1138597,0.015964384237794407,18192.0,0.01596788166634044,L03
AGGAAAATGGCTAATTGTCTTAATGG_TTCCCAAGCGAATTATATTTTTGAGA,5333,barbac_lv,hBFA1-YPD-R1-Time8,R1,8,1329545,1329545,0.004011146670477494,True,1138597,0.004683834578872068,5337.0,0.004684508819990047,L12
ATTAAAAAATGAAAGTCTGTTCAATG_GAATCAATCAAGTTTCTGTTTCACTC,3058,barbac_lv,hBFA1-YPD-R1-Time8,R1,8,1329545,1329545,0.0023000349743709314,True,1138597,0.0026857615117552567,3059.0,0.0026850126438728783,L07
ATTAGAAGAAATAAGCCTCTTAGCTG_GGTAAAACCAGATTTGGCATTCACTA,3080,barbac_lv,hBFA1-YPD-R1-Time8,R1,8,1329545,1329545,0.002316581988575039,True,1138597,0.002705083537019683,3082.0,0.002705200708864404,L11
CCCATAACGTATAACAGATTTCTTAT_AGGAGAACGGGGTTGGGGGTTGGGGG,3695,barbac_lv,hBFA1-YPD-R1-Time8,R1,8,1329545,1329545,0.002779146249280769,True,1138597,0.003245221970547964,3700.0,0.0032476452377671297,L05
CGATGAAAGGGAAAATGAATTAACAG_TTCCCAAGCGAATTATATTTTTGAGA,9366,barbac_lv,hBFA1-YPD-R1-Time8,R1,8,1329545,1329545,0.007044515228894095,True,1138597,0.008225913119391672,9369.0,0.008223564387200065,L06
CGCACAAGAAAGAATAATCTTGAATT_GGTAAAACCAGATTTGGCATTCACTA,9163,barbac_lv,hBFA1-YPD-R1-Time8,R1,8,1329545,1329545,0.006891831416010741,True,1138597,0.008047623522633557,9170.0,0.008048893737925562,L02
GATCAAACTAGGAACATTATTGACTT_GGTAAAACCAGATTTGGCATTCACTA,1828,barbac_lv,hBFA1-YPD-R1-Time8,R1,8,1329545,1329545,0.001374906452959471,True,1138597,0.001605484644698695,1831.0,0.0016071455217166527,L10
GCTCTAAGAAAGAAATGCGTTGCTAG_TACAAAACACGTTTTCGGCTTAGCAA,6689,barbac_lv,hBFA1-YPD-R1-Time8,R1,8,1329545,1329545,0.005031044455057933,True,1138597,0.005874773954261253,6697.0,0.0058782378803585045,L08
TGGCGAAATCTCAAGTAGCTTGTAGG_CAACAAAAGCGTTTTTTACTTGTAAT,6036,barbac_lv,hBFA1-YPD-R1-Time8,R1,8,1329545,1329545,0.004539898987999654,True,1138597,0.005301261113458054,6041.0,0.005302439157121954,L09
TGTATAAAGTAGAAAGAGTTTCACTG_AGGAGAACGGGGTTGGGGGTTGGGGG,6761,barbac_lv,hBFA1-YPD-R1-Time8,R1,8,1329545,1329545,0.005085198319725921,True,1138597,0.0059380096733084664,6779.0,0.005950212720763074,L04
AATAAAAGAAGGAAAAGCATTTAAAC_AAACAAACTTTCTTTTTTCTTTATGC,6159,barbac_hamming,hBFA1-YPD-R1-Time8,R1,8,1329545,1329545,0.0046324118401408,True,1135809,0.00542256664632874,6188.0,0.005431467224676486,L01
ACAAAAAGATATAACAAGCTTGAAGA_CCCGAAAAAGTTTTTTATCTTCAATG,18098,barbac_hamming,hBFA1-YPD-R1-Time8,R1,8,1329545,1329545,0.013612175593906185,True,1135809,0.015934017075053993,18192.0,0.01596788166634044,L03
AGGAAAATGGCTAATTGTCTTAATGG_TTCCCAAGCGAATTATATTTTTGAGA,5316,barbac_hamming,hBFA1-YPD-R1-Time8,R1,8,1329545,1329545,0.003998360341319775,True,1135809,0.004680364392252571,5337.0,0.004684508819990047,L12
ATTAAAAAATGAAAGTCTGTTCAATG_GAATCAATCAAGTTTCTGTTTCACTC,3046,barbac_hamming,hBFA1-YPD-R1-Time8,R1,8,1329545,1329545,0.0022910093302596,True,1135809,0.0026817889275397534,3059.0,0.0026850126438728783,L07
ATTAGAAGAAATAAGCCTCTTAGCTG_GGTAAAACCAGATTTGGCATTCACTA,3076,barbac_hamming,hBFA1-YPD-R1-Time8,R1,8,1329545,1329545,0.0023135734405379284,True,1135809,0.0027082018191438876,3082.0,0.002705200708864404,L11
CCCATAACGTATAACAGATTTCTTAT_AGGAGAACGGGGTTGGGGGTTGGGGG,3680,barbac_hamming,hBFA1-YPD-R1-Time8,R1,8,1329545,1329545,0.002767864194141605,True,1135809,0.003239981370107122,3700.0,0.0032476452377671297,L05
CGATGAAAGGGAAAATGAATTAACAG_TTCCCAAGCGAATTATATTTTTGAGA,9335,barbac_hamming,hBFA1-YPD-R1-Time8,R1,8,1329545,1329545,0.00702119898160649,True,1135809,0.008218811437486408,9369.0,0.008223564387200065,L06
CGCACAAGAAAGAATAATCTTGAATT_GGTAAAACCAGATTTGGCATTCACTA,9144,barbac_hamming,hBFA1-YPD-R1-Time8,R1,8,1329545,1329545,0.006877540812834466,True,1135809,0.008050649360940087,9170.0,0.008048893737925562,L02
GATCAAACTAGGAACATTATTGACTT_GGTAAAACCAGATTTGGCATTCACTA,1824,barbac_hamming,hBFA1-YPD-R1-Time8,R1,8,1329545,1329545,0.0013718979049223607,True,1135809,0.0016059038095313561,1831.0,0.0016071455217166527,L10
GCTCTAAGAAAGAAATGCGTTGCTAG_TACAAAACACGTTTTCGGCTTAGCAA,6674,barbac_hamming,hBFA1-YPD-R1-Time8,R1,8,1329545,1329545,0.005019762399918769,True,1135809,0.00587598795219971,6697.0,0.0058782378803585045,L08
TGGCGAAATCTCAAGTAGCTTGTAGG_CAACAAAAGCGTTTTTTACTTGTAAT,6027,barbac_hamming,hBFA1-YPD-R1-Time8,R1,8,1329545,1329545,0.004533129754916156,True,1135809,0.0053063499232705496,6041.0,0.005302439157121954,L09
TGTATAAAGTAGAAAGAGTTTCACTG_AGGAGAACGGGGTTGGGGGTTGGGGG,6743,barbac_hamming,hBFA1-YPD-R1-Time8,R1,8,1329545,1329545,0.005071659853558924,True,1135809,0.005936737602889218,6779.0,0.005950212720763074,L04
AATAAAAGAAGGAAAAGCATTTAAAC_AAACAAACTTTCTTTTTTCTTTATGC,6174,shepherd,hBFA1-YPD-R1-Time8,R1,8,1329545,1310968,0.004709497104429704,True,1098110,0.005622387556802142,6188.0,0.005431467224676486,L01
ACAAAAAGATATAACAAGCTTGAAGA_CCCGAAAAAGTTTTTTATCTTCAATG,18172,shepherd,hBFA1-YPD-R1-Time8,R1,8,1329545,1310968,0.0138615130193872,True,1098110,0.016548433217072972,18192.0,0.01596788166634044,L03
AGGAAAATGGCTAATTGTCTTAATGG_TTCCCAAGCGAATTATATTTTTGAGA,5331,shepherd,hBFA1-YPD-R1-Time8,R1,8,1329545,1310968,0.004066460813688816,True,1098110,0.004854704902058992,5337.0,0.004684508819990047,L12
ATTAAAAAATGAAAGTCTGTTCAATG_GAATCAATCAAGTTTCTGTTTCACTC,3057,shepherd,hBFA1-YPD-R1-Time8,R1,8,1329545,1310968,0.002331864698451831,True,1098110,0.002783874110972489,3059.0,0.0026850126438728783,L07
ATTAGAAGAAATAAGCCTCTTAGCTG_GGTAAAACCAGATTTGGCATTCACTA,3078,shepherd,hBFA1-YPD-R1-Time8,R1,8,1329545,1310968,0.0023478833960859456,True,1098110,0.0028029978781724963,3082.0,0.002705200708864404,L11
CCCATAACGTATAACAGATTTCTTAT_AGGAGAACGGGGTTGGGGGTTGGGGG,3696,shepherd,hBFA1-YPD-R1-Time8,R1,8,1329545,1310968,0.0028192907836041762,True,1098110,0.0033657830272012823,3700.0,0.0032476452377671297,L05
CGATGAAAGGGAAAATGAATTAACAG_TTCCCAAGCGAATTATATTTTTGAGA,9361,shepherd,hBFA1-YPD-R1-Time8,R1,8,1329545,1310968,0.007140525169187959,True,1098110,0.008524646893298486,9369.0,0.008223564387200065,L06
CGCACAAGAAAGAATAATCTTGAATT_GGTAAAACCAGATTTGGCATTCACTA,9155,shepherd,hBFA1-YPD-R1-Time8,R1,8,1329545,1310968,0.006983389373348549,True,1098110,0.008337051843622224,9170.0,0.008048893737925562,L02
GATCAAACTAGGAACATTATTGACTT_GGTAAAACCAGATTTGGCATTCACTA,1828,shepherd,hBFA1-YPD-R1-Time8,R1,8,1329545,1310968,0.0013943894892934077,True,1098110,0.0016646784019815866,1831.0,0.0016071455217166527,L10
GCTCTAAGAAAGAAATGCGTTGCTAG_TACAAAACACGTTTTCGGCTTAGCAA,6687,shepherd,hBFA1-YPD-R1-Time8,R1,8,1329545,1310968,0.0051008110037773615,True,1098110,0.0060895538698308915,6697.0,0.0058782378803585045,L08
TGGCGAAATCTCAAGTAGCTTGTAGG_CAACAAAAGCGTTTTTTACTTGTAAT,6033,shepherd,hBFA1-YPD-R1-Time8,R1,8,1329545,1310968,0.004601942991743505,True,1098110,0.005493985119887807,6041.0,0.005302439157121954,L09
TGTATAAAGTAGAAAGAGTTTCACTG_AGGAGAACGGGGTTGGGGGTTGGGGG,6752,shepherd,hBFA1-YPD-R1-Time8,R1,8,1329545,1310968,0.005150392686930573,True,1098110,0.006148746482592818,6779.0,0.005950212720763074,L04
AATAAAAGAAGGAAAAGCATTTAAAC_AAACAAACTTTCTTTTTTCTTTATGC,6184,starcode_sphere,hBFA1-YPD-R1-Time8,R1,8,1329545,1329545,0.0046512152653727405,True,1139056,0.005429057043727438,6188.0,0.005431467224676486,L01
ACAAAAAGATATAACAAGCTTGAAGA_CCCGAAAAAGTTTTTTATCTTCAATG,18188,starcode_sphere,hBFA1-YPD-R1-Time8,R1,8,1329545,1329545,0.01367986792474117,True,1139056,0.015967608265089688,18192.0,0.01596788166634044,L03
AGGAAAATGGCTAATTGTCTTAATGG_TTCCCAAGCGAATTATATTTTTGAGA,5334,starcode_sphere,hBFA1-YPD-R1-Time8,R1,8,1329545,1329545,0.004011898807486772,True,1139056,0.004682825076203453,5337.0,0.004684508819990047,L12
ATTAAAAAATGAAAGTCTGTTCAATG_GAATCAATCAAGTTTCTGTTTCACTC,3059,starcode_sphere,hBFA1-YPD-R1-Time8,R1,8,1329545,1329545,0.002300787111380209,True,1139056,0.0026855571631245524,3059.0,0.0026850126438728783,L07
ATTAGAAGAAATAAGCCTCTTAGCTG_GGTAAAACCAGATTTGGCATTCACTA,3081,starcode_sphere,hBFA1-YPD-R1-Time8,R1,8,1329545,1329545,0.0023173341255843163,True,1139056,0.0027048714022839967,3082.0,0.002705200708864404,L11
CCCATAACGTATAACAGATTTCTTAT_AGGAGAACGGGGTTGGGGGTTGGGGG,3697,starcode_sphere,hBFA1-YPD-R1-Time8,R1,8,1329545,1329545,0.0027806505232993244,True,1139056,0.0032456700987484374,3700.0,0.0032476452377671297,L05
CGATGAAAGGGAAAATGAATTAACAG_TTCCCAAGCGAATTATATTTTTGAGA,9366,starcode_sphere,hBFA1-YPD-R1-Time8,R1,8,1329545,1329545,0.007044515228894095,True,1139056,0.00822259836215252,9369.0,0.008223564387200065,L06
CGCACAAGAAAGAATAATCTTGAATT_GGTAAAACCAGATTTGGCATTCACTA,9168,starcode_sphere,hBFA1-YPD-R1-Time8,R1,8,1329545,1329545,0.006895592101057129,True,1139056,0.00804877020971752,9170.0,0.008048893737925562,L02
GATCAAACTAGGAACATTATTGACTT_GGTAAAACCAGATTTGGCATTCACTA,1830,starcode_sphere,hBFA1-YPD-R1-Time8,R1,8,1329545,1329545,0.0013764107269780264,True,1139056,0.0016065935300810495,1831.0,0.0016071455217166527,L10
GCTCTAAGAAAGAAATGCGTTGCTAG_TACAAAACACGTTTTCGGCTTAGCAA,6695,starcode_sphere,hBFA1-YPD-R1-Time8,R1,8,1329545,1329545,0.005035557277113599,True,1139056,0.0058776741442036215,6697.0,0.0058782378803585045,L08
TGGCGAAATCTCAAGTAGCTTGTAGG_CAACAAAAGCGTTTTTTACTTGTAAT,6036,starcode_sphere,hBFA1-YPD-R1-Time8,R1,8,1329545,1329545,0.004539898987999654,True,1139056,0.005299124889382085,6041.0,0.005302439157121954,L09
TGTATAAAGTAGAAAGAGTTTCACTG_AGGAGAACGGGGTTGGGGGTTGGGGG,6774,starcode_sphere,hBFA1-YPD-R1-Time8,R1,8,1329545,1329545,0.00509497610084653,True,1139056,0.0059470298211852625,6779.0,0.005950212720763074,L04
AATAAAAGAAGGAAAAGCATTTAAAC_AAACAAACTTTCTTTTTTCTTTATGC,6185,starcode_mp,hBFA1-YPD-R1-Time8,R1,8,1329545,1329545,0.004651967402382018,True,1139176,0.005429362978152629,6188.0,0.005431467224676486,L01
ACAAAAAGATATAACAAGCTTGAAGA_CCCGAAAAAGTTTTTTATCTTCAATG,18192,starcode_mp,hBFA1-YPD-R1-Time8,R1,8,1329545,1329545,0.013682876472778282,True,1139176,0.015969437558375526,18192.0,0.01596788166634044,L03
AGGAAAATGGCTAATTGTCTTAATGG_TTCCCAAGCGAATTATATTTTTGAGA,5334,starcode_mp,hBFA1-YPD-R1-Time8,R1,8,1329545,1329545,0.004011898807486772,True,1139176,0.004682331790697838,5337.0,0.004684508819990047,L12
ATTAAAAAATGAAAGTCTGTTCAATG_GAATCAATCAAGTTTCTGTTTCACTC,3059,starcode_mp,hBFA1-YPD-R1-Time8,R1,8,1329545,1329545,0.002300787111380209,True,1139176,0.002685274268418576,3059.0,0.0026850126438728783,L07
ATTAGAAGAAATAAGCCTCTTAGCTG_GGTAAAACCAGATTTGGCATTCACTA,3081,starcode_mp,hBFA1-YPD-R1-Time8,R1,8,1329545,1329545,0.0023173341255843163,True,1139176,0.0027045864730296286,3082.0,0.002705200708864404,L11
CCCATAACGTATAACAGATTTCTTAT_AGGAGAACGGGGTTGGGGGTTGGGGG,3698,starcode_mp,hBFA1-YPD-R1-Time8,R1,8,1329545,1329545,0.0027814026603086017,True,1139176,0.0032462060296214105,3700.0,0.0032476452377671297,L05
CGATGAAAGGGAAAATGAATTAACAG_TTCCCAAGCGAATTATATTTTTGAGA,9366,starcode_mp,hBFA1-YPD-R1-Time8,R1,8,1329545,1329545,0.007044515228894095,True,1139176,0.008221732199414314,9369.0,0.008223564387200065,L06
CGCACAAGAAAGAATAATCTTGAATT_GGTAAAACCAGATTTGGCATTCACTA,9170,starcode_mp,hBFA1-YPD-R1-Time8,R1,8,1329545,1329545,0.006897096375075684,True,1139176,0.008049678012879485,9170.0,0.008048893737925562,L02
GATCAAACTAGGAACATTATTGACTT_GGTAAAACCAGATTTGGCATTCACTA,1830,starcode_mp,hBFA1-YPD-R1-Time8,R1,8,1329545,1329545,0.0013764107269780264,True,1139176,0.0016064242926466148,1831.0,0.0016071455217166527,L10
GCTCTAAGAAAGAAATGCGTTGCTAG_TACAAAACACGTTTTCGGCTTAGCAA,6695,starcode_mp,hBFA1-YPD-R1-Time8,R1,8,1329545,1329545,0.005035557277113599,True,1139176,0.0058770549941361125,6697.0,0.0058782378803585045,L08
TGGCGAAATCTCAAGTAGCTTGTAGG_CAACAAAAGCGTTTTTTACTTGTAAT,6038,starcode_mp,hBFA1-YPD-R1-Time8,R1,8,1329545,1329545,0.0045414032620182095,True,1139176,0.005300322338251508,6041.0,0.005302439157121954,L09
TGTATAAAGTAGAAAGAGTTTCACTG_AGGAGAACGGGGTTGGGGGTTGGGGG,6774,starcode_mp,hBFA1-YPD-R1-Time8,R1,8,1329545,1329545,0.00509497610084653,True,1139176,0.005946403365239436,6779.0,0.005950212720763074,L04
AATAAAAGAAGGAAAAGCATTTAAAC_AAACAAACTTTCTTTTTTCTTTATGC,6166,bartender,hBFA1-YPD-R1-Time8,R1,8,1329545,1329545,0.0046376767992057435,True,1136260,0.0054265749036312115,6188.0,0.005431467224676486,L01
ACAAAAAGATATAACAAGCTTGAAGA_CCCGAAAAAGTTTTTTATCTTCAATG,18107,bartender,hBFA1-YPD-R1-Time8,R1,8,1329545,1329545,0.013618944826989684,True,1136260,0.015935613327935506,18192.0,0.01596788166634044,L03
AGGAAAATGGCTAATTGTCTTAATGG_TTCCCAAGCGAATTATATTTTTGAGA,5319,bartender,hBFA1-YPD-R1-Time8,R1,8,1329545,1329545,0.004000616752347608,True,1136260,0.004681146920599158,5337.0,0.004684508819990047,L12
ATTAAAAAATGAAAGTCTGTTCAATG_GAATCAATCAAGTTTCTGTTTCACTC,3046,bartender,hBFA1-YPD-R1-Time8,R1,8,1329545,1329545,0.0022910093302596,True,1136260,0.002680724482072765,3059.0,0.0026850126438728783,L07
ATTAGAAGAAATAAGCCTCTTAGCTG_GGTAAAACCAGATTTGGCATTCACTA,3076,bartender,hBFA1-YPD-R1-Time8,R1,8,1329545,1329545,0.0023135734405379284,True,1136260,0.0027071268899723656,3082.0,0.002705200708864404,L11
CCCATAACGTATAACAGATTTCTTAT_AGGAGAACGGGGTTGGGGGTTGGGGG,3682,bartender,hBFA1-YPD-R1-Time8,R1,8,1329545,1329545,0.00276936846816016,True,1136260,0.0032404555295442944,3700.0,0.0032476452377671297,L05
CGATGAAAGGGAAAATGAATTAACAG_TTCCCAAGCGAATTATATTTTTGAGA,9338,bartender,hBFA1-YPD-R1-Time8,R1,8,1329545,1329545,0.007023455392634322,True,1136260,0.008218189498882297,9369.0,0.008223564387200065,L06
CGCACAAGAAAGAATAATCTTGAATT_GGTAAAACCAGATTTGGCATTCACTA,9113,bartender,hBFA1-YPD-R1-Time8,R1,8,1329545,1329545,0.00685422456554686,True,1136260,0.008020171439635295,9170.0,0.008048893737925562,L02
GATCAAACTAGGAACATTATTGACTT_GGTAAAACCAGATTTGGCATTCACTA,1826,bartender,hBFA1-YPD-R1-Time8,R1,8,1329545,1329545,0.0013734021789409158,True,1136260,0.001607026560822347,1831.0,0.0016071455217166527,L10
GCTCTAAGAAAGAAATGCGTTGCTAG_TACAAAACACGTTTTCGGCTTAGCAA,6676,bartender,hBFA1-YPD-R1-Time8,R1,8,1329545,1329545,0.005021266673937324,True,1136260,0.005875415837924418,6697.0,0.0058782378803585045,L08
TGGCGAAATCTCAAGTAGCTTGTAGG_CAACAAAAGCGTTTTTTACTTGTAAT,6027,bartender,hBFA1-YPD-R1-Time8,R1,8,1329545,1329545,0.004533129754916156,True,1136260,0.005304243747029729,6041.0,0.005302439157121954,L09
TGTATAAAGTAGAAAGAGTTTCACTG_AGGAGAACGGGGTTGGGGGTTGGGGG,6755,bartender,hBFA1-YPD-R1-Time8,R1,8,1329545,1329545,0.005080685497670255,True,1136260,0.0059449421787267,6779.0,0.005950212720763074,L04
AATAAAAGAAGGAAAAGCATTTAAAC_AAACAAACTTTCTTTTTTCTTTATGC,17743,barbac_lv,hBFA1-YPD-R1-Time16,R1,16,1892092,1892092,0.009377450990755206,True,1595332,0.011121822918364327,17762.0,0.011126095963047481,L01
ACAAAAAGATATAACAAGCTTGAAGA_CCCGAAAAAGTTTTTTATCTTCAATG,26467,barbac_lv,hBFA1-YPD-R1-Time16,R1,16,1892092,1892092,0.013988220445940261,True,1595332,0.016590277133537095,26502.0,0.0166008217099811,L03
AGGAAAATGGCTAATTGTCTTAATGG_TTCCCAAGCGAATTATATTTTTGAGA,6290,barbac_lv,hBFA1-YPD-R1-Time16,R1,16,1892092,1892092,0.0033243626631263173,True,1595332,0.003942752981824473,6295.0,0.003943180615211344,L12
ATTAAAAAATGAAAGTCTGTTCAATG_GAATCAATCAAGTTTCTGTTTCACTC,6573,barbac_lv,hBFA1-YPD-R1-Time16,R1,16,1892092,1892092,0.003473932557190665,True,1595332,0.004120145524567927,6574.0,0.004117945887910941,L07
ATTAGAAGAAATAAGCCTCTTAGCTG_GGTAAAACCAGATTTGGCATTCACTA,5077,barbac_lv,hBFA1-YPD-R1-Time16,R1,16,1892092,1892092,0.0026832733292038655,True,1595332,0.0031824096802421063,5081.0,0.0031827324393786877,L11
CCCATAACGTATAACAGATTTCTTAT_AGGAGAACGGGGTTGGGGGTTGGGGG,7936,barbac_lv,hBFA1-YPD-R1-Time16,R1,16,1892092,1892092,0.004194299220122489,True,1595332,0.004974513142092053,7945.0,0.004976738679563801,L05
CGATGAAAGGGAAAATGAATTAACAG_TTCCCAAGCGAATTATATTTTTGAGA,11795,barbac_lv,hBFA1-YPD-R1-Time16,R1,16,1892092,1892092,0.006233840637770257,True,1595332,0.007393445376887068,11803.0,0.00739338535366791,L06
CGCACAAGAAAGAATAATCTTGAATT_GGTAAAACCAGATTTGGCATTCACTA,20715,barbac_lv,hBFA1-YPD-R1-Time16,R1,16,1892092,1892092,0.010948199136194223,True,1595332,0.012984758031557068,20739.0,0.012990885270670065,L02
GATCAAACTAGGAACATTATTGACTT_GGTAAAACCAGATTTGGCATTCACTA,3995,barbac_lv,hBFA1-YPD-R1-Time16,R1,16,1892092,1892092,0.002111419529282931,True,1595332,0.0025041809479155437,3999.0,0.0025049689086942277,L10
GCTCTAAGAAAGAAATGCGTTGCTAG_TACAAAACACGTTTTCGGCTTAGCAA,8586,barbac_lv,hBFA1-YPD-R1-Time16,R1,16,1892092,1892092,0.0045378343124964325,True,1595332,0.005381951844506347,8595.0,0.005383897917035981,L08
TGGCGAAATCTCAAGTAGCTTGTAGG_CAACAAAAGCGTTTTTTACTTGTAAT,7592,barbac_lv,hBFA1-YPD-R1-Time16,R1,16,1892092,1892092,0.0040124898789276634,True,1595332,0.004758884044198951,7598.0,0.004759378286636345,L09
TGTATAAAGTAGAAAGAGTTTCACTG_AGGAGAACGGGGTTGGGGGTTGGGGG,14288,barbac_lv,hBFA1-YPD-R1-Time16,R1,16,1892092,1892092,0.007551429845906013,True,1595332,0.00895612950783912,14324.0,0.008972536796233088,L04
AATAAAAGAAGGAAAAGCATTTAAAC_AAACAAACTTTCTTTTTTCTTTATGC,17689,barbac_hamming,hBFA1-YPD-R1-Time16,R1,16,1892092,1892092,0.009348911152311833,True,1591691,0.011113337953157994,17762.0,0.011126095963047481,L01
ACAAAAAGATATAACAAGCTTGAAGA_CCCGAAAAAGTTTTTTATCTTCAATG,26346,barbac_hamming,hBFA1-YPD-R1-Time16,R1,16,1892092,1892092,0.013924270067206035,True,1591691,0.016552207683526513,26502.0,0.0166008217099811,L03
AGGAAAATGGCTAATTGTCTTAATGG_TTCCCAAGCGAATTATATTTTTGAGA,6273,barbac_hamming,hBFA1-YPD-R1-Time16,R1,16,1892092,1892092,0.003315377899171922,True,1591691,0.003941091581217711,6295.0,0.003943180615211344,L12
ATTAAAAAATGAAAGTCTGTTCAATG_GAATCAATCAAGTTTCTGTTTCACTC,6565,barbac_hamming,hBFA1-YPD-R1-Time16,R1,16,1892092,1892092,0.003469704432976832,True,1591691,0.004124544273982827,6574.0,0.004117945887910941,L07
ATTAGAAGAAATAAGCCTCTTAGCTG_GGTAAAACCAGATTTGGCATTCACTA,5070,barbac_hamming,hBFA1-YPD-R1-Time16,R1,16,1892092,1892092,0.0026795737205167615,True,1591691,0.003185291617531292,5081.0,0.0031827324393786877,L11
CCCATAACGTATAACAGATTTCTTAT_AGGAGAACGGGGTTGGGGGTTGGGGG,7906,barbac_hamming,hBFA1-YPD-R1-Time16,R1,16,1892092,1892092,0.004178443754320614,True,1591691,0.004967044482880157,7945.0,0.004976738679563801,L05
CGATGAAAGGGAAAATGAATTAACAG_TTCCCAAGCGAATTATATTTTTGAGA,11761,barbac_hamming,hBFA1-YPD-R1-Time16,R1,16,1892092,1892092,0.006215871109861466,True,1591691,0.00738899698496756,11803.0,0.00739338535366791,L06
CGCACAAGAAAGAATAATCTTGAATT_GGTAAAACCAGATTTGGCATTCACTA,20684,barbac_hamming,hBFA1-YPD-R1-Time16,R1,16,1892092,1892092,0.01093181515486562,True,1591691,0.012994984579293344,20739.0,0.012990885270670065,L02
GATCAAACTAGGAACATTATTGACTT_GGTAAAACCAGATTTGGCATTCACTA,3988,barbac_hamming,hBFA1-YPD-R1-Time16,R1,16,1892092,1892092,0.002107719920595827,True,1591691,0.002505511434066034,3999.0,0.0025049689086942277,L10
GCTCTAAGAAAGAAATGCGTTGCTAG_TACAAAACACGTTTTCGGCTTAGCAA,8580,barbac_hamming,hBFA1-YPD-R1-Time16,R1,16,1892092,1892092,0.0045346632193360575,True,1591691,0.005390493506591418,8595.0,0.005383897917035981,L08
TGGCGAAATCTCAAGTAGCTTGTAGG_CAACAAAAGCGTTTTTTACTTGTAAT,7578,barbac_hamming,hBFA1-YPD-R1-Time16,R1,16,1892092,1892092,0.0040050906615534555,True,1591691,0.00476097433484263,7598.0,0.004759378286636345,L09
TGTATAAAGTAGAAAGAGTTTCACTG_AGGAGAACGGGGTTGGGGGTTGGGGG,14244,barbac_hamming,hBFA1-YPD-R1-Time16,R1,16,1892092,1892092,0.007528175162729931,True,1591691,0.0089489731361175,14324.0,0.008972536796233088,L04
AATAAAAGAAGGAAAAGCATTTAAAC_AAACAAACTTTCTTTTTTCTTTATGC,17727,shepherd,hBFA1-YPD-R1-Time16,R1,16,1892092,1866955,0.009495140482764716,True,1540370,0.011508273986120218,17762.0,0.011126095963047481,L01
ACAAAAAGATATAACAAGCTTGAAGA_CCCGAAAAAGTTTTTTATCTTCAATG,26450,shepherd,hBFA1-YPD-R1-Time16,R1,16,1892092,1866955,0.014167454491404453,True,1540370,0.01717119912748236,26502.0,0.0166008217099811,L03
AGGAAAATGGCTAATTGTCTTAATGG_TTCCCAAGCGAATTATATTTTTGAGA,6290,shepherd,hBFA1-YPD-R1-Time16,R1,16,1892092,1866955,0.003369122448050435,True,1540370,0.004083434499503366,6295.0,0.003943180615211344,L12
ATTAAAAAATGAAAGTCTGTTCAATG_GAATCAATCAAGTTTCTGTTTCACTC,6573,shepherd,hBFA1-YPD-R1-Time16,R1,16,1892092,1866955,0.003520706176635216,True,1540370,0.004267156592247317,6574.0,0.004117945887910941,L07
ATTAGAAGAAATAAGCCTCTTAGCTG_GGTAAAACCAGATTTGGCATTCACTA,5077,shepherd,hBFA1-YPD-R1-Time16,R1,16,1892092,1866955,0.0027194013781799775,True,1540370,0.003295961359933003,5081.0,0.0031827324393786877,L11
CCCATAACGTATAACAGATTTCTTAT_AGGAGAACGGGGTTGGGGGTTGGGGG,7935,shepherd,hBFA1-YPD-R1-Time16,R1,16,1892092,1866955,0.004250236347421336,True,1540370,0.005151359738244708,7945.0,0.004976738679563801,L05
CGATGAAAGGGAAAATGAATTAACAG_TTCCCAAGCGAATTATATTTTTGAGA,11789,shepherd,hBFA1-YPD-R1-Time16,R1,16,1892092,1866955,0.0063145603402331605,True,1540370,0.007653356011867279,11803.0,0.00739338535366791,L06
CGCACAAGAAAGAATAATCTTGAATT_GGTAAAACCAGATTTGGCATTCACTA,20706,shepherd,hBFA1-YPD-R1-Time16,R1,16,1892092,1866955,0.011090786869528189,True,1540370,0.013442224919986756,20739.0,0.012990885270670065,L02
GATCAAACTAGGAACATTATTGACTT_GGTAAAACCAGATTTGGCATTCACTA,3992,shepherd,hBFA1-YPD-R1-Time16,R1,16,1892092,1866955,0.002138241146680022,True,1540370,0.0025915851386355227,3999.0,0.0025049689086942277,L10
GCTCTAAGAAAGAAATGCGTTGCTAG_TACAAAACACGTTTTCGGCTTAGCAA,8585,shepherd,hBFA1-YPD-R1-Time16,R1,16,1892092,1866955,0.004598396854771539,True,1540370,0.005573336276349189,8595.0,0.005383897917035981,L08
TGGCGAAATCTCAAGTAGCTTGTAGG_CAACAAAAGCGTTTTTTACTTGTAAT,7582,shepherd,hBFA1-YPD-R1-Time16,R1,16,1892092,1866955,0.004061158410352686,True,1540370,0.004922194018320274,7598.0,0.004759378286636345,L09
TGTATAAAGTAGAAAGAGTTTCACTG_AGGAGAACGGGGTTGGGGGTTGGGGG,14280,shepherd,hBFA1-YPD-R1-Time16,R1,16,1892092,1866955,0.0076488185307090955,True,1540370,0.009270499944818452,14324.0,0.008972536796233088,L04
AATAAAAGAAGGAAAAGCATTTAAAC_AAACAAACTTTCTTTTTTCTTTATGC,17764,starcode_sphere,hBFA1-YPD-R1-Time16,R1,16,1892092,1892092,0.009388549816816518,True,1596079,0.011129774904625649,17762.0,0.011126095963047481,L01
ACAAAAAGATATAACAAGCTTGAAGA_CCCGAAAAAGTTTTTTATCTTCAATG,26489,starcode_sphere,hBFA1-YPD-R1-Time16,R1,16,1892092,1892092,0.013999847787528302,True,1596079,0.016596296298616798,26502.0,0.0166008217099811,L03
AGGAAAATGGCTAATTGTCTTAATGG_TTCCCAAGCGAATTATATTTTTGAGA,6293,starcode_sphere,hBFA1-YPD-R1-Time16,R1,16,1892092,1892092,0.0033259482097065048,True,1596079,0.003942787293110178,6295.0,0.003943180615211344,L12
ATTAAAAAATGAAAGTCTGTTCAATG_GAATCAATCAAGTTTCTGTTTCACTC,6574,starcode_sphere,hBFA1-YPD-R1-Time16,R1,16,1892092,1892092,0.0034744610727173945,True,1596079,0.0041188437414438756,6574.0,0.004117945887910941,L07
ATTAGAAGAAATAAGCCTCTTAGCTG_GGTAAAACCAGATTTGGCATTCACTA,5078,starcode_sphere,hBFA1-YPD-R1-Time16,R1,16,1892092,1892092,0.0026838018447305945,True,1596079,0.0031815467780730152,5081.0,0.0031827324393786877,L11
CCCATAACGTATAACAGATTTCTTAT_AGGAGAACGGGGTTGGGGGTTGGGGG,7939,starcode_sphere,hBFA1-YPD-R1-Time16,R1,16,1892092,1892092,0.004195884766702677,True,1596079,0.004974064566979454,7945.0,0.004976738679563801,L05
CGATGAAAGGGAAAATGAATTAACAG_TTCCCAAGCGAATTATATTTTTGAGA,11797,starcode_sphere,hBFA1-YPD-R1-Time16,R1,16,1892092,1892092,0.006234897668823715,True,1596079,0.007391238152998692,11803.0,0.00739338535366791,L06
CGCACAAGAAAGAATAATCTTGAATT_GGTAAAACCAGATTTGGCATTCACTA,20731,starcode_sphere,hBFA1-YPD-R1-Time16,R1,16,1892092,1892092,0.010956655384621889,True,1596079,0.012988705446284301,20739.0,0.012990885270670065,L02
GATCAAACTAGGAACATTATTGACTT_GGTAAAACCAGATTTGGCATTCACTA,3997,starcode_sphere,hBFA1-YPD-R1-Time16,R1,16,1892092,1892092,0.0021124765603363896,True,1596079,0.0025042620070811032,3999.0,0.0025049689086942277,L10
GCTCTAAGAAAGAAATGCGTTGCTAG_TACAAAACACGTTTTCGGCTTAGCAA,8590,starcode_sphere,hBFA1-YPD-R1-Time16,R1,16,1892092,1892092,0.0045399483746033495,True,1596079,0.005381939114542576,8595.0,0.005383897917035981,L08
TGGCGAAATCTCAAGTAGCTTGTAGG_CAACAAAAGCGTTTTTTACTTGTAAT,7598,starcode_sphere,hBFA1-YPD-R1-Time16,R1,16,1892092,1892092,0.004015660972088038,True,1596079,0.00476041599444639,7598.0,0.004759378286636345,L09
TGTATAAAGTAGAAAGAGTTTCACTG_AGGAGAACGGGGTTGGGGGTTGGGGG,14303,starcode_sphere,hBFA1-YPD-R1-Time16,R1,16,1892092,1892092,0.00755935757880695,True,1596079,0.00896133587372555,14324.0,0.008972536796233088,L04
AATAAAAGAAGGAAAAGCATTTAAAC_AAACAAACTTTCTTTTTTCTTTATGC,17768,starcode_mp,hBFA1-YPD-R1-Time16,R1,16,1892092,1892092,0.009390663878923435,True,1596223,0.011131276770225714,17762.0,0.011126095963047481,L01
ACAAAAAGATATAACAAGCTTGAAGA_CCCGAAAAAGTTTTTTATCTTCAATG,26490,starcode_mp,hBFA1-YPD-R1-Time16,R1,16,1892092,1892092,0.01400037630305503,True,1596223,0.016595425576501528,26502.0,0.0166008217099811,L03
AGGAAAATGGCTAATTGTCTTAATGG_TTCCCAAGCGAATTATATTTTTGAGA,6293,starcode_mp,hBFA1-YPD-R1-Time16,R1,16,1892092,1892092,0.0033259482097065048,True,1596223,0.003942431602601892,6295.0,0.003943180615211344,L12
ATTAAAAAATGAAAGTCTGTTCAATG_GAATCAATCAAGTTTCTGTTTCACTC,6574,starcode_mp,hBFA1-YPD-R1-Time16,R1,16,1892092,1892092,0.0034744610727173945,True,1596223,0.004118472168362441,6574.0,0.004117945887910941,L07
ATTAGAAGAAATAAGCCTCTTAGCTG_GGTAAAACCAGATTTGGCATTCACTA,5081,starcode_mp,hBFA1-YPD-R1-Time16,R1,16,1892092,1892092,0.002685387391310782,True,1596223,0.003183139197969206,5081.0,0.0031827324393786877,L11
CCCATAACGTATAACAGATTTCTTAT_AGGAGAACGGGGTTGGGGGTTGGGGG,7942,starcode_mp,hBFA1-YPD-R1-Time16,R1,16,1892092,1892092,0.004197470313282863,True,1596223,0.004975495278541908,7945.0,0.004976738679563801,L05
CGATGAAAGGGAAAATGAATTAACAG_TTCCCAAGCGAATTATATTTTTGAGA,11800,starcode_mp,hBFA1-YPD-R1-Time16,R1,16,1892092,1892092,0.006236483215403902,True,1596223,0.007392450804179616,11803.0,0.00739338535366791,L06
CGCACAAGAAAGAATAATCTTGAATT_GGTAAAACCAGATTTGGCATTCACTA,20735,starcode_mp,hBFA1-YPD-R1-Time16,R1,16,1892092,1892092,0.010958769446728805,True,1596223,0.012990039612259691,20739.0,0.012990885270670065,L02
GATCAAACTAGGAACATTATTGACTT_GGTAAAACCAGATTTGGCATTCACTA,3997,starcode_mp,hBFA1-YPD-R1-Time16,R1,16,1892092,1892092,0.0021124765603363896,True,1596223,0.0025040360901954174,3999.0,0.0025049689086942277,L10
GCTCTAAGAAAGAAATGCGTTGCTAG_TACAAAACACGTTTTCGGCTTAGCAA,8591,starcode_mp,hBFA1-YPD-R1-Time16,R1,16,1892092,1892092,0.004540476890130078,True,1596223,0.005382080072771787,8595.0,0.005383897917035981,L08
TGGCGAAATCTCAAGTAGCTTGTAGG_CAACAAAAGCGTTTTTTACTTGTAAT,7598,starcode_mp,hBFA1-YPD-R1-Time16,R1,16,1892092,1892092,0.004015660972088038,True,1596223,0.004759986543233621,7598.0,0.004759378286636345,L09
TGTATAAAGTAGAAAGAGTTTCACTG_AGGAGAACGGGGTTGGGGGTTGGGGG,14305,starcode_mp,hBFA1-YPD-R1-Time16,R1,16,1892092,1892092,0.007560414609860408,True,1596223,0.008961780402863509,14324.0,0.008972536796233088,L04
AATAAAAGAAGGAAAAGCATTTAAAC_AAACAAACTTTCTTTTTTCTTTATGC,17713,bartender,hBFA1-YPD-R1-Time16,R1,16,1892092,1892092,0.009361595524953333,True,1592285,0.011124264814401945,17762.0,0.011126095963047481,L01
ACAAAAAGATATAACAAGCTTGAAGA_CCCGAAAAAGTTTTTTATCTTCAATG,26359,bartender,hBFA1-YPD-R1-Time16,R1,16,1892092,1892092,0.013931140769053513,True,1592285,0.016554197269961095,26502.0,0.0166008217099811,L03
AGGAAAATGGCTAATTGTCTTAATGG_TTCCCAAGCGAATTATATTTTTGAGA,6276,bartender,hBFA1-YPD-R1-Time16,R1,16,1892092,1892092,0.0033169634457521093,True,1592285,0.003941505446575204,6295.0,0.003943180615211344,L12
ATTAAAAAATGAAAGTCTGTTCAATG_GAATCAATCAAGTTTCTGTTTCACTC,6565,bartender,hBFA1-YPD-R1-Time16,R1,16,1892092,1892092,0.003469704432976832,True,1592285,0.004123005617712909,6574.0,0.004117945887910941,L07
ATTAGAAGAAATAAGCCTCTTAGCTG_GGTAAAACCAGATTTGGCATTCACTA,5071,bartender,hBFA1-YPD-R1-Time16,R1,16,1892092,1892092,0.0026801022360434905,True,1592285,0.003184731376606575,5081.0,0.0031827324393786877,L11
CCCATAACGTATAACAGATTTCTTAT_AGGAGAACGGGGTTGGGGGTTGGGGG,7910,bartender,hBFA1-YPD-R1-Time16,R1,16,1892092,1892092,0.004180557816427531,True,1592285,0.004967703646018144,7945.0,0.004976738679563801,L05
CGATGAAAGGGAAAATGAATTAACAG_TTCCCAAGCGAATTATATTTTTGAGA,11766,bartender,hBFA1-YPD-R1-Time16,R1,16,1892092,1892092,0.006218513687495111,True,1592285,0.007389380669917759,11803.0,0.00739338535366791,L06
CGCACAAGAAAGAATAATCTTGAATT_GGTAAAACCAGATTTGGCATTCACTA,20572,bartender,hBFA1-YPD-R1-Time16,R1,16,1892092,1892092,0.010872621415871956,True,1592285,0.01291979764929017,20739.0,0.012990885270670065,L02
GATCAAACTAGGAACATTATTGACTT_GGTAAAACCAGATTTGGCATTCACTA,3990,bartender,hBFA1-YPD-R1-Time16,R1,16,1892092,1892092,0.0021087769516492856,True,1592285,0.002505832812593223,3999.0,0.0025049689086942277,L10
GCTCTAAGAAAGAAATGCGTTGCTAG_TACAAAACACGTTTTCGGCTTAGCAA,8583,bartender,hBFA1-YPD-R1-Time16,R1,16,1892092,1892092,0.004536248765916245,True,1592285,0.005390366674307677,8595.0,0.005383897917035981,L08
TGGCGAAATCTCAAGTAGCTTGTAGG_CAACAAAAGCGTTTTTTACTTGTAAT,7581,bartender,hBFA1-YPD-R1-Time16,R1,16,1892092,1892092,0.004006676208133643,True,1592285,0.004761082343927124,7598.0,0.004759378286636345,L09
TGTATAAAGTAGAAAGAGTTTCACTG_AGGAGAACGGGGTTGGGGGTTGGGGG,14257,bartender,hBFA1-YPD-R1-Time16,R1,16,1892092,1892092,0.007535045864577409,True,1592285,0.008953799100035484,14324.0,0.008972536796233088,L04
AATAAAAGAAGGAAAAGCATTTAAAC_AAACAAACTTTCTTTTTTCTTTATGC,57953,barbac_lv,hBFA1-YPD-R1-Time24,R1,24,3389939,3389939,0.01709558785571068,True,2775254,0.020882052597708173,58020.0,0.020891410036950647,L01
ACAAAAAGATATAACAAGCTTGAAGA_CCCGAAAAAGTTTTTTATCTTCAATG,43750,barbac_lv,hBFA1-YPD-R1-Time24,R1,24,3389939,3389939,0.012905836948688458,True,2775254,0.01576432283315329,43783.0,0.015765056974281457,L03
AGGAAAATGGCTAATTGTCTTAATGG_TTCCCAAGCGAATTATATTTTTGAGA,9282,barbac_lv,hBFA1-YPD-R1-Time24,R1,24,3389939,3389939,0.002738102367033743,True,2775254,0.003344558732281802,9285.0,0.0033432737365233843,L12
ATTAAAAAATGAAAGTCTGTTCAATG_GAATCAATCAAGTTTCTGTTTCACTC,16313,barbac_lv,hBFA1-YPD-R1-Time24,R1,24,3389939,3389939,0.004812180986147539,True,2775254,0.005878020534336677,16318.0,0.005875664063822141,L07
ATTAGAAGAAATAAGCCTCTTAGCTG_GGTAAAACCAGATTTGGCATTCACTA,11340,barbac_lv,hBFA1-YPD-R1-Time24,R1,24,3389939,3389939,0.003345192937100048,True,2775254,0.004086112478353333,11356.0,0.00408898401205811,L11
CCCATAACGTATAACAGATTTCTTAT_AGGAGAACGGGGTTGGGGGTTGGGGG,21458,barbac_lv,hBFA1-YPD-R1-Time24,R1,24,3389939,3389939,0.006329907411313301,True,2775254,0.007731904899515504,21500.0,0.0077415600791871575,L05
CGATGAAAGGGAAAATGAATTAACAG_TTCCCAAGCGAATTATATTTTTGAGA,17646,barbac_lv,hBFA1-YPD-R1-Time24,R1,24,3389939,3389939,0.005205403401064149,True,2775254,0.006358336930601668,17659.0,0.006358521369226326,L06
CGCACAAGAAAGAATAATCTTGAATT_GGTAAAACCAGATTTGGCATTCACTA,61309,barbac_lv,hBFA1-YPD-R1-Time24,R1,24,3389939,3389939,0.018085576171134644,True,2775254,0.022091311281778173,61359.0,0.022093692320876504,L02
GATCAAACTAGGAACATTATTGACTT_GGTAAAACCAGATTTGGCATTCACTA,11271,barbac_lv,hBFA1-YPD-R1-Time24,R1,24,3389939,3389939,0.003324838588540974,True,2775254,0.004061249889199331,11280.0,0.004061618497359588,L10
GCTCTAAGAAAGAAATGCGTTGCTAG_TACAAAACACGTTTTCGGCTTAGCAA,12490,barbac_lv,hBFA1-YPD-R1-Time24,R1,24,3389939,3389939,0.0036844320797512877,True,2775254,0.0045004889642533625,12512.0,0.004505227893525103,L08
TGGCGAAATCTCAAGTAGCTTGTAGG_CAACAAAAGCGTTTTTTACTTGTAAT,10854,barbac_lv,hBFA1-YPD-R1-Time24,R1,24,3389939,3389939,0.003201827525510046,True,2775254,0.00391099337213819,10861.0,0.003910748093955894,L09
TGTATAAAGTAGAAAGAGTTTCACTG_AGGAGAACGGGGTTGGGGGTTGGGGG,38952,barbac_lv,hBFA1-YPD-R1-Time24,R1,24,3389939,3389939,0.011490472247435721,True,2775254,0.014035472068502558,39014.0,0.014047870926949198,L04
AATAAAAGAAGGAAAAGCATTTAAAC_AAACAAACTTTCTTTTTTCTTTATGC,57785,barbac_hamming,hBFA1-YPD-R1-Time24,R1,24,3389939,3389939,0.017046029441827714,True,2768591,0.02087162748127116,58020.0,0.020891410036950647,L01
ACAAAAAGATATAACAAGCTTGAAGA_CCCGAAAAAGTTTTTTATCTTCAATG,43532,barbac_hamming,hBFA1-YPD-R1-Time24,R1,24,3389939,3389939,0.012841529006864135,True,2768591,0.015723521459110427,43783.0,0.015765056974281457,L03
AGGAAAATGGCTAATTGTCTTAATGG_TTCCCAAGCGAATTATATTTTTGAGA,9257,barbac_hamming,hBFA1-YPD-R1-Time24,R1,24,3389939,3389939,0.002730727603063064,True,2768591,0.003343578014954177,9285.0,0.0033432737365233843,L12
ATTAAAAAATGAAAGTCTGTTCAATG_GAATCAATCAAGTTTCTGTTTCACTC,16282,barbac_hamming,hBFA1-YPD-R1-Time24,R1,24,3389939,3389939,0.004803036278823896,True,2768591,0.005880969778490214,16318.0,0.005875664063822141,L07
ATTAGAAGAAATAAGCCTCTTAGCTG_GGTAAAACCAGATTTGGCATTCACTA,11321,barbac_hamming,hBFA1-YPD-R1-Time24,R1,24,3389939,3389939,0.003339588116482332,True,2768591,0.004089083580781704,11356.0,0.00408898401205811,L11
CCCATAACGTATAACAGATTTCTTAT_AGGAGAACGGGGTTGGGGGTTGGGGG,21346,barbac_hamming,hBFA1-YPD-R1-Time24,R1,24,3389939,3389939,0.006296868468724659,True,2768591,0.0077100590155786825,21500.0,0.0077415600791871575,L05
CGATGAAAGGGAAAATGAATTAACAG_TTCCCAAGCGAATTATATTTTTGAGA,17610,barbac_hamming,hBFA1-YPD-R1-Time24,R1,24,3389939,3389939,0.005194783740946371,True,2768591,0.0063606361503017236,17659.0,0.006358521369226326,L06
CGCACAAGAAAGAATAATCTTGAATT_GGTAAAACCAGATTTGGCATTCACTA,61162,barbac_hamming,hBFA1-YPD-R1-Time24,R1,24,3389939,3389939,0.01804221255898705,True,2768591,0.02209138150055389,61359.0,0.022093692320876504,L02
GATCAAACTAGGAACATTATTGACTT_GGTAAAACCAGATTTGGCATTCACTA,11248,barbac_hamming,hBFA1-YPD-R1-Time24,R1,24,3389939,3389939,0.003318053805687949,True,2768591,0.004062716378114355,11280.0,0.004061618497359588,L10
GCTCTAAGAAAGAAATGCGTTGCTAG_TACAAAACACGTTTTCGGCTTAGCAA,12469,barbac_hamming,hBFA1-YPD-R1-Time24,R1,24,3389939,3389939,0.003678237278015917,True,2768591,0.004503734932317558,12512.0,0.004505227893525103,L08
TGGCGAAATCTCAAGTAGCTTGTAGG_CAACAAAAGCGTTTTTTACTTGTAAT,10835,barbac_hamming,hBFA1-YPD-R1-Time24,R1,24,3389939,3389939,0.00319622270489233,True,2768591,0.003913543026037432,10861.0,0.003910748093955894,L09
TGTATAAAGTAGAAAGAGTTTCACTG_AGGAGAACGGGGTTGGGGGTTGGGGG,38827,barbac_hamming,hBFA1-YPD-R1-Time24,R1,24,3389939,3389939,0.011453598427582326,True,2768591,0.014024101068016185,39014.0,0.014047870926949198,L04
AATAAAAGAAGGAAAAGCATTTAAAC_AAACAAACTTTCTTTTTTCTTTATGC,57895,shepherd,hBFA1-YPD-R1-Time24,R1,24,3389939,3349243,0.01728599567126064,True,2684609,0.02156552406700566,58020.0,0.020891410036950647,L01
ACAAAAAGATATAACAAGCTTGAAGA_CCCGAAAAAGTTTTTTATCTTCAATG,43714,shepherd,hBFA1-YPD-R1-Time24,R1,24,3389939,3349243,0.013051904564703128,True,2684609,0.016283190587530624,43783.0,0.015765056974281457,L03
AGGAAAATGGCTAATTGTCTTAATGG_TTCCCAAGCGAATTATATTTTTGAGA,9282,shepherd,hBFA1-YPD-R1-Time24,R1,24,3389939,3349243,0.002771372516117821,True,2684609,0.003457486732704837,9285.0,0.0033432737365233843,L12
ATTAAAAAATGAAAGTCTGTTCAATG_GAATCAATCAAGTTTCTGTTTCACTC,16315,shepherd,hBFA1-YPD-R1-Time24,R1,24,3389939,3349243,0.004871250010823341,True,2684609,0.006077235083395757,16318.0,0.005875664063822141,L07
ATTAGAAGAAATAAGCCTCTTAGCTG_GGTAAAACCAGATTTGGCATTCACTA,11336,shepherd,hBFA1-YPD-R1-Time24,R1,24,3389939,3349243,0.003384645425846975,True,2684609,0.004222588838821594,11356.0,0.00408898401205811,L11
CCCATAACGTATAACAGATTTCTTAT_AGGAGAACGGGGTTGGGGGTTGGGGG,21450,shepherd,hBFA1-YPD-R1-Time24,R1,24,3389939,3349243,0.006404432285146226,True,2684609,0.007989990348687649,21500.0,0.0077415600791871575,L05
CGATGAAAGGGAAAATGAATTAACAG_TTCCCAAGCGAATTATATTTTTGAGA,17642,shepherd,hBFA1-YPD-R1-Time24,R1,24,3389939,3349243,0.005267458945200453,True,2684609,0.006571534253218997,17659.0,0.006358521369226326,L06
CGCACAAGAAAGAATAATCTTGAATT_GGTAAAACCAGATTTGGCATTCACTA,61261,shepherd,hBFA1-YPD-R1-Time24,R1,24,3389939,3349243,0.01829099889139128,True,2684609,0.022819337937107415,61359.0,0.022093692320876504,L02
GATCAAACTAGGAACATTATTGACTT_GGTAAAACCAGATTTGGCATTCACTA,11270,shepherd,hBFA1-YPD-R1-Time24,R1,24,3389939,3349243,0.0033649394803542173,True,2684609,0.004198004253133324,11280.0,0.004061618497359588,L10
GCTCTAAGAAAGAAATGCGTTGCTAG_TACAAAACACGTTTTCGGCTTAGCAA,12481,shepherd,hBFA1-YPD-R1-Time24,R1,24,3389939,3349243,0.003726513722653149,True,2684609,0.004649094151140818,12512.0,0.004505227893525103,L08
TGGCGAAATCTCAAGTAGCTTGTAGG_CAACAAAAGCGTTTTTTACTTGTAAT,10841,shepherd,hBFA1-YPD-R1-Time24,R1,24,3389939,3349243,0.003236850834651293,True,2684609,0.004038204446159571,10861.0,0.003910748093955894,L09
TGTATAAAGTAGAAAGAGTTTCACTG_AGGAGAACGGGGTTGGGGGTTGGGGG,38924,shepherd,hBFA1-YPD-R1-Time24,R1,24,3389939,3349243,0.011621730641819658,True,2684609,0.014498945656518323,39014.0,0.014047870926949198,L04
AATAAAAGAAGGAAAAGCATTTAAAC_AAACAAACTTTCTTTTTTCTTTATGC,57997,starcode_sphere,hBFA1-YPD-R1-Time24,R1,24,3389939,3389939,0.017108567440299073,True,2776528,0.020888318072066984,58020.0,0.020891410036950647,L01
ACAAAAAGATATAACAAGCTTGAAGA_CCCGAAAAAGTTTTTTATCTTCAATG,43777,starcode_sphere,hBFA1-YPD-R1-Time24,R1,24,3389939,3389939,0.01291380169377679,True,2776528,0.015766813804867087,43783.0,0.015765056974281457,L03
AGGAAAATGGCTAATTGTCTTAATGG_TTCCCAAGCGAATTATATTTTTGAGA,9282,starcode_sphere,hBFA1-YPD-R1-Time24,R1,24,3389939,3389939,0.002738102367033743,True,2776528,0.0033430240934001028,9285.0,0.0033432737365233843,L12
ATTAAAAAATGAAAGTCTGTTCAATG_GAATCAATCAAGTTTCTGTTTCACTC,16318,starcode_sphere,hBFA1-YPD-R1-Time24,R1,24,3389939,3389939,0.004813655938941674,True,2776528,0.0058771242357361425,16318.0,0.005875664063822141,L07
ATTAGAAGAAATAAGCCTCTTAGCTG_GGTAAAACCAGATTTGGCATTCACTA,11342,starcode_sphere,hBFA1-YPD-R1-Time24,R1,24,3389939,3389939,0.0033457829182177022,True,2776528,0.004084957904260285,11356.0,0.00408898401205811,L11
CCCATAACGTATAACAGATTTCTTAT_AGGAGAACGGGGTTGGGGGTTGGGGG,21476,starcode_sphere,hBFA1-YPD-R1-Time24,R1,24,3389939,3389939,0.00633521724137219,True,2776528,0.007734840059239453,21500.0,0.0077415600791871575,L05
CGATGAAAGGGAAAATGAATTAACAG_TTCCCAAGCGAATTATATTTTTGAGA,17652,starcode_sphere,hBFA1-YPD-R1-Time24,R1,24,3389939,3389939,0.005207173344417112,True,2776528,0.006357580402574726,17659.0,0.006358521369226326,L06
CGCACAAGAAAGAATAATCTTGAATT_GGTAAAACCAGATTTGGCATTCACTA,61350,starcode_sphere,hBFA1-YPD-R1-Time24,R1,24,3389939,3389939,0.018097670784046557,True,2776528,0.02209594140595737,61359.0,0.022093692320876504,L02
GATCAAACTAGGAACATTATTGACTT_GGTAAAACCAGATTTGGCATTCACTA,11275,starcode_sphere,hBFA1-YPD-R1-Time24,R1,24,3389939,3389939,0.0033260185507762823,True,2776528,0.004060827047305124,11280.0,0.004061618497359588,L10
GCTCTAAGAAAGAAATGCGTTGCTAG_TACAAAACACGTTTTCGGCTTAGCAA,12502,starcode_sphere,hBFA1-YPD-R1-Time24,R1,24,3389939,3389939,0.0036879719664572137,True,2776528,0.004502745875424271,12512.0,0.004505227893525103,L08
TGGCGAAATCTCAAGTAGCTTGTAGG_CAACAAAAGCGTTTTTTACTTGTAAT,10860,starcode_sphere,hBFA1-YPD-R1-Time24,R1,24,3389939,3389939,0.003203597468863009,True,2776528,0.003911359799000766,10861.0,0.003910748093955894,L09
TGTATAAAGTAGAAAGAGTTTCACTG_AGGAGAACGGGGTTGGGGGTTGGGGG,38991,starcode_sphere,hBFA1-YPD-R1-Time24,R1,24,3389939,3389939,0.011501976879229981,True,2776528,0.014043078261771536,39014.0,0.014047870926949198,L04
AATAAAAGAAGGAAAAGCATTTAAAC_AAACAAACTTTCTTTTTTCTTTATGC,58010,starcode_mp,hBFA1-YPD-R1-Time24,R1,24,3389939,3389939,0.017112402317563825,True,2776831,0.020890720393138797,58020.0,0.020891410036950647,L01
ACAAAAAGATATAACAAGCTTGAAGA_CCCGAAAAAGTTTTTTATCTTCAATG,43784,starcode_mp,hBFA1-YPD-R1-Time24,R1,24,3389939,3389939,0.012915866627688581,True,2776831,0.01576761423363539,43783.0,0.015765056974281457,L03
AGGAAAATGGCTAATTGTCTTAATGG_TTCCCAAGCGAATTATATTTTTGAGA,9284,starcode_mp,hBFA1-YPD-R1-Time24,R1,24,3389939,3389939,0.0027386923481513975,True,2776831,0.0033433795574883745,9285.0,0.0033432737365233843,L12
ATTAAAAAATGAAAGTCTGTTCAATG_GAATCAATCAAGTTTCTGTTTCACTC,16318,starcode_mp,hBFA1-YPD-R1-Time24,R1,24,3389939,3389939,0.004813655938941674,True,2776831,0.005876482940445422,16318.0,0.005875664063822141,L07
ATTAGAAGAAATAAGCCTCTTAGCTG_GGTAAAACCAGATTTGGCATTCACTA,11347,starcode_mp,hBFA1-YPD-R1-Time24,R1,24,3389939,3389939,0.0033472578710118384,True,2776831,0.004086312778847543,11356.0,0.00408898401205811,L11
CCCATAACGTATAACAGATTTCTTAT_AGGAGAACGGGGTTGGGGGTTGGGGG,21481,starcode_mp,hBFA1-YPD-R1-Time24,R1,24,3389939,3389939,0.006336692194166326,True,2776831,0.00773579666893664,21500.0,0.0077415600791871575,L05
CGATGAAAGGGAAAATGAATTAACAG_TTCCCAAGCGAATTATATTTTTGAGA,17655,starcode_mp,hBFA1-YPD-R1-Time24,R1,24,3389939,3389939,0.005208058316093594,True,2776831,0.006357967049489148,17659.0,0.006358521369226326,L06
CGCACAAGAAAGAATAATCTTGAATT_GGTAAAACCAGATTTGGCATTCACTA,61358,starcode_mp,hBFA1-YPD-R1-Time24,R1,24,3389939,3389939,0.018100030708517175,True,2776831,0.022096411340841414,61359.0,0.022093692320876504,L02
GATCAAACTAGGAACATTATTGACTT_GGTAAAACCAGATTTGGCATTCACTA,11277,starcode_mp,hBFA1-YPD-R1-Time24,R1,24,3389939,3389939,0.003326608531893937,True,2776831,0.0040611041867510125,11280.0,0.004061618497359588,L10
GCTCTAAGAAAGAAATGCGTTGCTAG_TACAAAACACGTTTTCGGCTTAGCAA,12503,starcode_mp,hBFA1-YPD-R1-Time24,R1,24,3389939,3389939,0.0036882669570160406,True,2776831,0.004502614671184527,12512.0,0.004505227893525103,L08
TGGCGAAATCTCAAGTAGCTTGTAGG_CAACAAAAGCGTTTTTTACTTGTAAT,10862,starcode_mp,hBFA1-YPD-R1-Time24,R1,24,3389939,3389939,0.0032041874499806632,True,2776831,0.003911653247893012,10861.0,0.003910748093955894,L09
TGTATAAAGTAGAAAGAGTTTCACTG_AGGAGAACGGGGTTGGGGGTTGGGGG,38998,starcode_mp,hBFA1-YPD-R1-Time24,R1,24,3389939,3389939,0.01150404181314177,True,2776831,0.0140440667797212,39014.0,0.014047870926949198,L04
AATAAAAGAAGGAAAAGCATTTAAAC_AAACAAACTTTCTTTTTTCTTTATGC,57848,bartender,hBFA1-YPD-R1-Time24,R1,24,3389939,3389939,0.017064613847033824,True,2769517,0.020887396611033622,58020.0,0.020891410036950647,L01
ACAAAAAGATATAACAAGCTTGAAGA_CCCGAAAAAGTTTTTTATCTTCAATG,43550,bartender,hBFA1-YPD-R1-Time24,R1,24,3389939,3389939,0.012846838836923025,True,2769517,0.015724763559855384,43783.0,0.015765056974281457,L03
AGGAAAATGGCTAATTGTCTTAATGG_TTCCCAAGCGAATTATATTTTTGAGA,9259,bartender,hBFA1-YPD-R1-Time24,R1,24,3389939,3389939,0.002731317584180718,True,2769517,0.0033431822227485875,9285.0,0.0033432737365233843,L12
ATTAAAAAATGAAAGTCTGTTCAATG_GAATCAATCAAGTTTCTGTTTCACTC,16282,bartender,hBFA1-YPD-R1-Time24,R1,24,3389939,3389939,0.004803036278823896,True,2769517,0.005879003450782213,16318.0,0.005875664063822141,L07
ATTAGAAGAAATAAGCCTCTTAGCTG_GGTAAAACCAGATTTGGCATTCACTA,11325,bartender,hBFA1-YPD-R1-Time24,R1,24,3389939,3389939,0.0033407680787176405,True,2769517,0.0040891606731426455,11356.0,0.00408898401205811,L11
CCCATAACGTATAACAGATTTCTTAT_AGGAGAACGGGGTTGGGGGTTGGGGG,21363,bartender,hBFA1-YPD-R1-Time24,R1,24,3389939,3389939,0.00630188330822472,True,2769517,0.007713619378397027,21500.0,0.0077415600791871575,L05
CGATGAAAGGGAAAATGAATTAACAG_TTCCCAAGCGAATTATATTTTTGAGA,17619,bartender,hBFA1-YPD-R1-Time24,R1,24,3389939,3389939,0.005197438655975816,True,2769517,0.006361759108176625,17659.0,0.006358521369226326,L06
CGCACAAGAAAGAATAATCTTGAATT_GGTAAAACCAGATTTGGCATTCACTA,60858,bartender,hBFA1-YPD-R1-Time24,R1,24,3389939,3389939,0.01795253542910359,True,2769517,0.021974228719303764,61359.0,0.022093692320876504,L02
GATCAAACTAGGAACATTATTGACTT_GGTAAAACCAGATTTGGCATTCACTA,11254,bartender,hBFA1-YPD-R1-Time24,R1,24,3389939,3389939,0.003319823749040912,True,2769517,0.004063524434043914,11280.0,0.004061618497359588,L10
GCTCTAAGAAAGAAATGCGTTGCTAG_TACAAAACACGTTTTCGGCTTAGCAA,12479,bartender,hBFA1-YPD-R1-Time24,R1,24,3389939,3389939,0.0036811871836041885,True,2769517,0.004505839826944554,12512.0,0.004505227893525103,L08
TGGCGAAATCTCAAGTAGCTTGTAGG_CAACAAAAGCGTTTTTTACTTGTAAT,10837,bartender,hBFA1-YPD-R1-Time24,R1,24,3389939,3389939,0.0031968126860099843,True,2769517,0.003912956663562636,10861.0,0.003910748093955894,L09
TGTATAAAGTAGAAAGAGTTTCACTG_AGGAGAACGGGGTTGGGGGTTGGGGG,38868,bartender,hBFA1-YPD-R1-Time24,R1,24,3389939,3389939,0.011465693040494239,True,2769517,0.014034216074499633,39014.0,0.014047870926949198,L04
AATAAAAGAAGGAAAAGCATTTAAAC_AAACAAACTTTCTTTTTTCTTTATGC,85406,barbac_lv,hBFA1-YPD-R1-Time40,R1,40,1851343,1851343,0.046131916127913626,True,1282552,0.06659067234700815,85510.0,0.0666199732148909,L01
ACAAAAAGATATAACAAGCTTGAAGA_CCCGAAAAAGTTTTTTATCTTCAATG,15846,barbac_lv,hBFA1-YPD-R1-Time40,R1,40,1851343,1851343,0.008559191894748838,True,1282552,0.012355054609871569,15863.0,0.012358702316779492,L03
AGGAAAATGGCTAATTGTCTTAATGG_TTCCCAAGCGAATTATATTTTTGAGA,2992,barbac_lv,hBFA1-YPD-R1-Time40,R1,40,1851343,1851343,0.0016161240785743107,True,1282552,0.002332848882540435,2989.0,0.0023286995665923156,L12
ATTAAAAAATGAAAGTCTGTTCAATG_GAATCAATCAAGTTTCTGTTTCACTC,14429,barbac_lv,hBFA1-YPD-R1-Time40,R1,40,1851343,1851343,0.007793801580798372,True,1282552,0.01125022611168982,14438.0,0.011248499278173252,L07
ATTAGAAGAAATAAGCCTCTTAGCTG_GGTAAAACCAGATTTGGCATTCACTA,6779,barbac_lv,hBFA1-YPD-R1-Time40,R1,40,1851343,1851343,0.0036616661526254184,True,1282552,0.005285555673376206,6783.0,0.0052845664637656995,L11
CCCATAACGTATAACAGATTTCTTAT_AGGAGAACGGGGTTGGGGGTTGGGGG,20187,barbac_lv,hBFA1-YPD-R1-Time40,R1,40,1851343,1851343,0.010903976194578746,True,1282552,0.015739712697808744,20218.0,0.01575163862073049,L05
CGATGAAAGGGAAAATGAATTAACAG_TTCCCAAGCGAATTATATTTTTGAGA,5573,barbac_lv,hBFA1-YPD-R1-Time40,R1,40,1851343,1851343,0.003010247155713447,True,1282552,0.004345242921924414,5579.0,0.004346542282374884,L06
CGCACAAGAAAGAATAATCTTGAATT_GGTAAAACCAGATTTGGCATTCACTA,63565,barbac_lv,hBFA1-YPD-R1-Time40,R1,40,1851343,1851343,0.03433453444337435,True,1282552,0.04956134332175226,63628.0,0.049571929081008985,L02
GATCAAACTAGGAACATTATTGACTT_GGTAAAACCAGATTTGGCATTCACTA,11360,barbac_lv,hBFA1-YPD-R1-Time40,R1,40,1851343,1851343,0.00613608607373134,True,1282552,0.00885734067702518,11359.0,0.008849681624932122,L10
GCTCTAAGAAAGAAATGCGTTGCTAG_TACAAAACACGTTTTCGGCTTAGCAA,4231,barbac_lv,hBFA1-YPD-R1-Time40,R1,40,1851343,1851343,0.002285367973411734,True,1282552,0.0032988915849026003,4234.0,0.0032986664319009248,L08
TGGCGAAATCTCAAGTAGCTTGTAGG_CAACAAAAGCGTTTTTTACTTGTAAT,3702,barbac_lv,hBFA1-YPD-R1-Time40,R1,40,1851343,1851343,0.0019996294581825194,True,1282552,0.0028864326748545086,3705.0,0.0028865279003762226,L09
TGTATAAAGTAGAAAGAGTTTCACTG_AGGAGAACGGGGTTGGGGGTTGGGGG,36488,barbac_lv,hBFA1-YPD-R1-Time40,R1,40,1851343,1851343,0.01970893562133003,True,1282552,0.0284495287520506,36575.0,0.02849521132422681,L04
AATAAAAGAAGGAAAAGCATTTAAAC_AAACAAACTTTCTTTTTTCTTTATGC,85197,barbac_hamming,hBFA1-YPD-R1-Time40,R1,40,1851343,1851343,0.046019025107719096,True,1279411,0.06659079842208641,85510.0,0.0666199732148909,L01
ACAAAAAGATATAACAAGCTTGAAGA_CCCGAAAAAGTTTTTTATCTTCAATG,15769,barbac_hamming,hBFA1-YPD-R1-Time40,R1,40,1851343,1851343,0.008517600466256117,True,1279411,0.012325202769086713,15863.0,0.012358702316779492,L03
AGGAAAATGGCTAATTGTCTTAATGG_TTCCCAAGCGAATTATATTTTTGAGA,2985,barbac_hamming,hBFA1-YPD-R1-Time40,R1,40,1851343,1851343,0.001612343039620427,True,1279411,0.002333104842775308,2989.0,0.0023286995665923156,L12
ATTAAAAAATGAAAGTCTGTTCAATG_GAATCAATCAAGTTTCTGTTTCACTC,14398,barbac_hamming,hBFA1-YPD-R1-Time40,R1,40,1851343,1851343,0.007777056979716887,True,1279411,0.01125361592170147,14438.0,0.011248499278173252,L07
ATTAGAAGAAATAAGCCTCTTAGCTG_GGTAAAACCAGATTTGGCATTCACTA,6763,barbac_hamming,hBFA1-YPD-R1-Time40,R1,40,1851343,1851343,0.0036530237778736843,True,1279411,0.005286026147969651,6783.0,0.0052845664637656995,L11
CCCATAACGTATAACAGATTTCTTAT_AGGAGAACGGGGTTGGGGGTTGGGGG,20077,barbac_hamming,hBFA1-YPD-R1-Time40,R1,40,1851343,1851343,0.010844559868160573,True,1279411,0.015692377195443842,20218.0,0.01575163862073049,L05
CGATGAAAGGGAAAATGAATTAACAG_TTCCCAAGCGAATTATATTTTTGAGA,5562,barbac_hamming,hBFA1-YPD-R1-Time40,R1,40,1851343,1851343,0.0030043055230716295,True,1279411,0.004347312943221529,5579.0,0.004346542282374884,L06
CGCACAAGAAAGAATAATCTTGAATT_GGTAAAACCAGATTTGGCATTCACTA,63428,barbac_hamming,hBFA1-YPD-R1-Time40,R1,40,1851343,1851343,0.034260534109562625,True,1279411,0.049575937677571943,63628.0,0.049571929081008985,L02
GATCAAACTAGGAACATTATTGACTT_GGTAAAACCAGATTTGGCATTCACTA,11332,barbac_hamming,hBFA1-YPD-R1-Time40,R1,40,1851343,1851343,0.006120961917915805,True,1279411,0.008857200696257887,11359.0,0.008849681624932122,L10
GCTCTAAGAAAGAAATGCGTTGCTAG_TACAAAACACGTTTTCGGCTTAGCAA,4225,barbac_hamming,hBFA1-YPD-R1-Time40,R1,40,1851343,1851343,0.0022821270828798338,True,1279411,0.003302300824363711,4234.0,0.0032986664319009248,L08
TGGCGAAATCTCAAGTAGCTTGTAGG_CAACAAAAGCGTTTTTTACTTGTAAT,3695,barbac_hamming,hBFA1-YPD-R1-Time40,R1,40,1851343,1851343,0.0019958484192286355,True,1279411,0.0028880477032009262,3705.0,0.0028865279003762226,L09
TGTATAAAGTAGAAAGAGTTTCACTG_AGGAGAACGGGGTTGGGGGTTGGGGG,36371,barbac_hamming,hBFA1-YPD-R1-Time40,R1,40,1851343,1851343,0.019645738255957973,True,1279411,0.028427925037380484,36575.0,0.02849521132422681,L04
AATAAAAGAAGGAAAAGCATTTAAAC_AAACAAACTTTCTTTTTTCTTTATGC,85333,shepherd,hBFA1-YPD-R1-Time40,R1,40,1851343,1836305,0.046469949164218365,True,1246787,0.06844232414999515,85510.0,0.0666199732148909,L01
ACAAAAAGATATAACAAGCTTGAAGA_CCCGAAAAAGTTTTTTATCTTCAATG,15841,shepherd,hBFA1-YPD-R1-Time40,R1,40,1851343,1836305,0.008626562580834883,True,1246787,0.012705458109524722,15863.0,0.012358702316779492,L03
AGGAAAATGGCTAATTGTCTTAATGG_TTCCCAAGCGAATTATATTTTTGAGA,2992,shepherd,hBFA1-YPD-R1-Time40,R1,40,1851343,1836305,0.001629358957253833,True,1246787,0.0023997683646043793,2989.0,0.0023286995665923156,L12
ATTAAAAAATGAAAGTCTGTTCAATG_GAATCAATCAAGTTTCTGTTTCACTC,14435,shepherd,hBFA1-YPD-R1-Time40,R1,40,1851343,1836305,0.007860894568168141,True,1246787,0.011577759472949268,14438.0,0.011248499278173252,L07
ATTAGAAGAAATAAGCCTCTTAGCTG_GGTAAAACCAGATTTGGCATTCACTA,6775,shepherd,hBFA1-YPD-R1-Time40,R1,40,1851343,1836305,0.0036894742431132083,True,1246787,0.005433967469984849,6783.0,0.0052845664637656995,L11
CCCATAACGTATAACAGATTTCTTAT_AGGAGAACGGGGTTGGGGGTTGGGGG,20174,shepherd,hBFA1-YPD-R1-Time40,R1,40,1851343,1836305,0.010986192380895331,True,1246787,0.01618079110545747,20218.0,0.01575163862073049,L05
CGATGAAAGGGAAAATGAATTAACAG_TTCCCAAGCGAATTATATTTTTGAGA,5573,shepherd,hBFA1-YPD-R1-Time40,R1,40,1851343,1836305,0.003034898886622865,True,1246787,0.00446988940372333,5579.0,0.004346542282374884,L06
CGCACAAGAAAGAATAATCTTGAATT_GGTAAAACCAGATTTGGCATTCACTA,63524,shepherd,hBFA1-YPD-R1-Time40,R1,40,1851343,1836305,0.03459338181837984,True,1246787,0.050950162297168644,63628.0,0.049571929081008985,L02
GATCAAACTAGGAACATTATTGACTT_GGTAAAACCAGATTTGGCATTCACTA,11354,shepherd,hBFA1-YPD-R1-Time40,R1,40,1851343,1836305,0.0061830687167981355,True,1246787,0.00910660762423734,11359.0,0.008849681624932122,L10
GCTCTAAGAAAGAAATGCGTTGCTAG_TACAAAACACGTTTTCGGCTTAGCAA,4228,shepherd,hBFA1-YPD-R1-Time40,R1,40,1851343,1836305,0.0023024497564402427,True,1246787,0.00339111652591822,4234.0,0.0032986664319009248,L08
TGGCGAAATCTCAAGTAGCTTGTAGG_CAACAAAAGCGTTTTTTACTTGTAAT,3701,shepherd,hBFA1-YPD-R1-Time40,R1,40,1851343,1836305,0.0020154603946512155,True,1246787,0.0029684300526072217,3705.0,0.0028865279003762226,L09
TGTATAAAGTAGAAAGAGTTTCACTG_AGGAGAACGGGGTTGGGGGTTGGGGG,36459,shepherd,hBFA1-YPD-R1-Time40,R1,40,1851343,1836305,0.019854544860467078,True,1246787,0.029242364573900753,36575.0,0.02849521132422681,L04
AATAAAAGAAGGAAAAGCATTTAAAC_AAACAAACTTTCTTTTTTCTTTATGC,85484,starcode_sphere,hBFA1-YPD-R1-Time40,R1,40,1851343,1851343,0.04617404770482833,True,1283192,0.06661824574966178,85510.0,0.0666199732148909,L01
ACAAAAAGATATAACAAGCTTGAAGA_CCCGAAAAAGTTTTTTATCTTCAATG,15857,starcode_sphere,hBFA1-YPD-R1-Time40,R1,40,1851343,1851343,0.008565133527390656,True,1283192,0.012357464822099888,15863.0,0.012358702316779492,L03
AGGAAAATGGCTAATTGTCTTAATGG_TTCCCAAGCGAATTATATTTTTGAGA,2992,starcode_sphere,hBFA1-YPD-R1-Time40,R1,40,1851343,1851343,0.0016161240785743107,True,1283192,0.0023316853596344117,2989.0,0.0023286995665923156,L12
ATTAAAAAATGAAAGTCTGTTCAATG_GAATCAATCAAGTTTCTGTTTCACTC,14437,starcode_sphere,hBFA1-YPD-R1-Time40,R1,40,1851343,1851343,0.007798122768174239,True,1283192,0.01125084944419853,14438.0,0.011248499278173252,L07
ATTAGAAGAAATAAGCCTCTTAGCTG_GGTAAAACCAGATTTGGCATTCACTA,6782,starcode_sphere,hBFA1-YPD-R1-Time40,R1,40,1851343,1851343,0.0036632865978913688,True,1283192,0.005285257389385221,6783.0,0.0052845664637656995,L11
CCCATAACGTATAACAGATTTCTTAT_AGGAGAACGGGGTTGGGGGTTGGGGG,20197,starcode_sphere,hBFA1-YPD-R1-Time40,R1,40,1851343,1851343,0.01090937767879858,True,1283192,0.015739655484136434,20218.0,0.01575163862073049,L05
CGATGAAAGGGAAAATGAATTAACAG_TTCCCAAGCGAATTATATTTTTGAGA,5573,starcode_sphere,hBFA1-YPD-R1-Time40,R1,40,1851343,1851343,0.003010247155713447,True,1283192,0.004343075704960754,5579.0,0.004346542282374884,L06
CGCACAAGAAAGAATAATCTTGAATT_GGTAAAACCAGATTTGGCATTCACTA,63616,starcode_sphere,hBFA1-YPD-R1-Time40,R1,40,1851343,1851343,0.034362082012895506,True,1283192,0.04957636892998086,63628.0,0.049571929081008985,L02
GATCAAACTAGGAACATTATTGACTT_GGTAAAACCAGATTTGGCATTCACTA,11361,starcode_sphere,hBFA1-YPD-R1-Time40,R1,40,1851343,1851343,0.006136626222153324,True,1283192,0.008853702329815024,11359.0,0.008849681624932122,L10
GCTCTAAGAAAGAAATGCGTTGCTAG_TACAAAACACGTTTTCGGCTTAGCAA,4233,starcode_sphere,hBFA1-YPD-R1-Time40,R1,40,1851343,1851343,0.002286448270255701,True,1283192,0.0032988048553918665,4234.0,0.0032986664319009248,L08
TGGCGAAATCTCAAGTAGCTTGTAGG_CAACAAAAGCGTTTTTTACTTGTAAT,3704,starcode_sphere,hBFA1-YPD-R1-Time40,R1,40,1851343,1851343,0.002000709755026486,True,1283192,0.002886551661793403,3705.0,0.0028865279003762226,L09
TGTATAAAGTAGAAAGAGTTTCACTG_AGGAGAACGGGGTTGGGGGTTGGGGG,36525,starcode_sphere,hBFA1-YPD-R1-Time40,R1,40,1851343,1851343,0.019728921112943415,True,1283192,0.028464173716793745,36575.0,0.02849521132422681,L04
AATAAAAGAAGGAAAAGCATTTAAAC_AAACAAACTTTCTTTTTTCTTTATGC,85504,starcode_mp,hBFA1-YPD-R1-Time40,R1,40,1851343,1851343,0.046184850673268,True,1283341,0.06662609548046856,85510.0,0.0666199732148909,L01
ACAAAAAGATATAACAAGCTTGAAGA_CCCGAAAAAGTTTTTTATCTTCAATG,15859,starcode_mp,hBFA1-YPD-R1-Time40,R1,40,1851343,1851343,0.008566213824234623,True,1283341,0.012357588513107583,15863.0,0.012358702316779492,L03
AGGAAAATGGCTAATTGTCTTAATGG_TTCCCAAGCGAATTATATTTTTGAGA,2992,starcode_mp,hBFA1-YPD-R1-Time40,R1,40,1851343,1851343,0.0016161240785743107,True,1283341,0.002331414643496935,2989.0,0.0023286995665923156,L12
ATTAAAAAATGAAAGTCTGTTCAATG_GAATCAATCAAGTTTCTGTTTCACTC,14437,starcode_mp,hBFA1-YPD-R1-Time40,R1,40,1851343,1851343,0.007798122768174239,True,1283341,0.01124954318454721,14438.0,0.011248499278173252,L07
ATTAGAAGAAATAAGCCTCTTAGCTG_GGTAAAACCAGATTTGGCATTCACTA,6782,starcode_mp,hBFA1-YPD-R1-Time40,R1,40,1851343,1851343,0.0036632865978913688,True,1283341,0.005284643754076274,6783.0,0.0052845664637656995,L11
CCCATAACGTATAACAGATTTCTTAT_AGGAGAACGGGGTTGGGGGTTGGGGG,20203,starcode_mp,hBFA1-YPD-R1-Time40,R1,40,1851343,1851343,0.010912618569330481,True,1283341,0.015742503356473456,20218.0,0.01575163862073049,L05
CGATGAAAGGGAAAATGAATTAACAG_TTCCCAAGCGAATTATATTTTTGAGA,5573,starcode_mp,hBFA1-YPD-R1-Time40,R1,40,1851343,1851343,0.003010247155713447,True,1283341,0.004342571459962707,5579.0,0.004346542282374884,L06
CGCACAAGAAAGAATAATCTTGAATT_GGTAAAACCAGATTTGGCATTCACTA,63627,starcode_mp,hBFA1-YPD-R1-Time40,R1,40,1851343,1851343,0.03436802364553732,True,1283341,0.049579184332145546,63628.0,0.049571929081008985,L02
GATCAAACTAGGAACATTATTGACTT_GGTAAAACCAGATTTGGCATTCACTA,11361,starcode_mp,hBFA1-YPD-R1-Time40,R1,40,1851343,1851343,0.006136626222153324,True,1283341,0.008852674386620548,11359.0,0.008849681624932122,L10
GCTCTAAGAAAGAAATGCGTTGCTAG_TACAAAACACGTTTTCGGCTTAGCAA,4233,starcode_mp,hBFA1-YPD-R1-Time40,R1,40,1851343,1851343,0.002286448270255701,True,1283341,0.0032984218535837316,4234.0,0.0032986664319009248,L08
TGGCGAAATCTCAAGTAGCTTGTAGG_CAACAAAAGCGTTTTTTACTTGTAAT,3704,starcode_mp,hBFA1-YPD-R1-Time40,R1,40,1851343,1851343,0.002000709755026486,True,1283341,0.0028862165239012857,3705.0,0.0028865279003762226,L09
TGTATAAAGTAGAAAGAGTTTCACTG_AGGAGAACGGGGTTGGGGGTTGGGGG,36533,starcode_mp,hBFA1-YPD-R1-Time40,R1,40,1851343,1851343,0.01973324230031928,True,1283341,0.028467102664062008,36575.0,0.02849521132422681,L04
AATAAAAGAAGGAAAAGCATTTAAAC_AAACAAACTTTCTTTTTTCTTTATGC,85282,bartender,hBFA1-YPD-R1-Time40,R1,40,1851343,1851343,0.04606493772358769,True,1279688,0.06664280668412925,85510.0,0.0666199732148909,L01
ACAAAAAGATATAACAAGCTTGAAGA_CCCGAAAAAGTTTTTTATCTTCAATG,15777,bartender,hBFA1-YPD-R1-Time40,R1,40,1851343,1851343,0.008521921653631985,True,1279688,0.012328786391682972,15863.0,0.012358702316779492,L03
AGGAAAATGGCTAATTGTCTTAATGG_TTCCCAAGCGAATTATATTTTTGAGA,2985,bartender,hBFA1-YPD-R1-Time40,R1,40,1851343,1851343,0.001612343039620427,True,1279688,0.002332599821206419,2989.0,0.0023286995665923156,L12
ATTAAAAAATGAAAGTCTGTTCAATG_GAATCAATCAAGTTTCTGTTTCACTC,14398,bartender,hBFA1-YPD-R1-Time40,R1,40,1851343,1851343,0.007777056979716887,True,1279688,0.011251179975118935,14438.0,0.011248499278173252,L07
ATTAGAAGAAATAAGCCTCTTAGCTG_GGTAAAACCAGATTTGGCATTCACTA,6765,bartender,hBFA1-YPD-R1-Time40,R1,40,1851343,1851343,0.003654104074717651,True,1279688,0.005286444820925101,6783.0,0.0052845664637656995,L11
CCCATAACGTATAACAGATTTCTTAT_AGGAGAACGGGGTTGGGGGTTGGGGG,20090,bartender,hBFA1-YPD-R1-Time40,R1,40,1851343,1851343,0.010851581797646358,True,1279688,0.01569913916517151,20218.0,0.01575163862073049,L05
CGATGAAAGGGAAAATGAATTAACAG_TTCCCAAGCGAATTATATTTTTGAGA,5562,bartender,hBFA1-YPD-R1-Time40,R1,40,1851343,1851343,0.0030043055230716295,True,1279688,0.004346371928157488,5579.0,0.004346542282374884,L06
CGCACAAGAAAGAATAATCTTGAATT_GGTAAAACCAGATTTGGCATTCACTA,63126,bartender,hBFA1-YPD-R1-Time40,R1,40,1851343,1851343,0.03409740928612364,True,1279688,0.04932921149530198,63628.0,0.049571929081008985,L02
GATCAAACTAGGAACATTATTGACTT_GGTAAAACCAGATTTGGCATTCACTA,11338,bartender,hBFA1-YPD-R1-Time40,R1,40,1851343,1851343,0.006124202808447705,True,1279688,0.008859972118203812,11359.0,0.008849681624932122,L10
GCTCTAAGAAAGAAATGCGTTGCTAG_TACAAAACACGTTTTCGGCTTAGCAA,4227,bartender,hBFA1-YPD-R1-Time40,R1,40,1851343,1851343,0.0022832073797238004,True,1279688,0.0033031488925425573,4234.0,0.0032986664319009248,L08
TGGCGAAATCTCAAGTAGCTTGTAGG_CAACAAAAGCGTTTTTTACTTGTAAT,3697,bartender,hBFA1-YPD-R1-Time40,R1,40,1851343,1851343,0.0019969287160726025,True,1279688,0.002888985440201049,3705.0,0.0028865279003762226,L09
TGTATAAAGTAGAAAGAGTTTCACTG_AGGAGAACGGGGTTGGGGGTTGGGGG,36410,bartender,hBFA1-YPD-R1-Time40,R1,40,1851343,1851343,0.019666804044415325,True,1279688,0.0284522477353855,36575.0,0.02849521132422681,L04
AATAAAAGAAGGAAAAGCATTTAAAC_AAACAAACTTTCTTTTTTCTTTATGC,7341,barbac_lv,hBFA1-YPD-R2-Time8,R2,8,1713257,1713257,0.004284821249818329,True,1476593,0.00497157984630836,7344.0,0.004970430540534321,L01
ACAAAAAGATATAACAAGCTTGAAGA_CCCGAAAAAGTTTTTTATCTTCAATG,23125,barbac_lv,hBFA1-YPD-R2-Time8,R2,8,1713257,1713257,0.013497683067981044,True,1476593,0.01566105216535633,23146.0,0.015665248541831073,L03
AGGAAAATGGCTAATTGTCTTAATGG_TTCCCAAGCGAATTATATTTTTGAGA,7046,barbac_lv,hBFA1-YPD-R2-Time8,R2,8,1713257,1713257,0.0041126345901403,True,1476593,0.004771795613280031,7051.0,0.004772127688086533,L12
ATTAAAAAATGAAAGTCTGTTCAATG_GAATCAATCAAGTTTCTGTTTCACTC,4589,barbac_lv,hBFA1-YPD-R2-Time8,R2,8,1713257,1713257,0.0026785240042795683,True,1476593,0.0031078299842949276,4592.0,0.0031078726909223317,L07
ATTAGAAGAAATAAGCCTCTTAGCTG_GGTAAAACCAGATTTGGCATTCACTA,3559,barbac_lv,hBFA1-YPD-R2-Time8,R2,8,1713257,1713257,0.002077329904386791,True,1476593,0.002410278255416354,3562.0,0.002410767100406216,L11
CCCATAACGTATAACAGATTTCTTAT_AGGAGAACGGGGTTGGGGGTTGGGGG,4499,barbac_lv,hBFA1-YPD-R2-Time8,R2,8,1713257,1713257,0.002625992480987966,True,1476593,0.003046878862354081,4504.0,0.003048314155033576,L05
CGATGAAAGGGAAAATGAATTAACAG_TTCCCAAGCGAATTATATTTTTGAGA,12037,barbac_lv,hBFA1-YPD-R2-Time8,R2,8,1713257,1713257,0.0070257993984556896,True,1476593,0.008151873942244071,12044.0,0.008151397798229217,L06
CGCACAAGAAAGAATAATCTTGAATT_GGTAAAACCAGATTTGGCATTCACTA,10903,barbac_lv,hBFA1-YPD-R2-Time8,R2,8,1713257,1713257,0.006363902204981506,True,1476593,0.0073838898057894085,10914.0,0.007386612053294061,L02
GATCAAACTAGGAACATTATTGACTT_GGTAAAACCAGATTTGGCATTCACTA,2288,barbac_lv,hBFA1-YPD-R2-Time8,R2,8,1713257,1713257,0.001335468058790946,True,1476593,0.0015495129666739582,2287.0,0.0015478451315634521,L10
GCTCTAAGAAAGAAATGCGTTGCTAG_TACAAAACACGTTTTCGGCTTAGCAA,9646,barbac_lv,hBFA1-YPD-R2-Time8,R2,8,1713257,1713257,0.005630211929675466,True,1476593,0.006532605802682256,9658.0,0.006536549313790914,L08
TGGCGAAATCTCAAGTAGCTTGTAGG_CAACAAAAGCGTTTTTTACTTGTAAT,7565,barbac_lv,hBFA1-YPD-R2-Time8,R2,8,1713257,1713257,0.004415566374455204,True,1476593,0.005123280416472244,7575.0,0.005126771697242304,L09
TGTATAAAGTAGAAAGAGTTTCACTG_AGGAGAACGGGGTTGGGGGTTGGGGG,8232,barbac_lv,hBFA1-YPD-R2-Time8,R2,8,1713257,1713257,0.004804883330405187,True,1476593,0.0055749959535227375,8249.0,0.005582935938026636,L04
AATAAAAGAAGGAAAAGCATTTAAAC_AAACAAACTTTCTTTTTTCTTTATGC,7328,barbac_hamming,hBFA1-YPD-R2-Time8,R2,8,1713257,1713257,0.0042772333631206525,True,1473192,0.004974232822334088,7344.0,0.004970430540534321,L01
ACAAAAAGATATAACAAGCTTGAAGA_CCCGAAAAAGTTTTTTATCTTCAATG,23036,barbac_hamming,hBFA1-YPD-R2-Time8,R2,8,1713257,1713257,0.013445735228281571,True,1473192,0.015636794117806777,23146.0,0.015665248541831073,L03
AGGAAAATGGCTAATTGTCTTAATGG_TTCCCAAGCGAATTATATTTTTGAGA,7031,barbac_hamming,hBFA1-YPD-R2-Time8,R2,8,1713257,1713257,0.004103879336258366,True,1473192,0.004772629772629772,7051.0,0.004772127688086533,L12
ATTAAAAAATGAAAGTCTGTTCAATG_GAATCAATCAAGTTTCTGTTTCACTC,4576,barbac_hamming,hBFA1-YPD-R2-Time8,R2,8,1713257,1713257,0.002670936117581892,True,1473192,0.003106180321370195,4592.0,0.0031078726909223317,L07
ATTAGAAGAAATAAGCCTCTTAGCTG_GGTAAAACCAGATTTGGCATTCACTA,3550,barbac_hamming,hBFA1-YPD-R2-Time8,R2,8,1713257,1713257,0.0020720767520576305,True,1473192,0.00240973342239165,3562.0,0.002410767100406216,L11
CCCATAACGTATAACAGATTTCTTAT_AGGAGAACGGGGTTGGGGGTTGGGGG,4480,barbac_hamming,hBFA1-YPD-R2-Time8,R2,8,1713257,1713257,0.0026149024927375167,True,1473192,0.0030410156992435474,4504.0,0.003048314155033576,L05
CGATGAAAGGGAAAATGAATTAACAG_TTCCCAAGCGAATTATATTTTTGAGA,12011,barbac_hamming,hBFA1-YPD-R2-Time8,R2,8,1713257,1713257,0.007010623625060338,True,1473192,0.008153044545449609,12044.0,0.008151397798229217,L06
CGCACAAGAAAGAATAATCTTGAATT_GGTAAAACCAGATTTGGCATTCACTA,10884,barbac_hamming,hBFA1-YPD-R2-Time8,R2,8,1713257,1713257,0.006352812216731057,True,1473192,0.007388039033608654,10914.0,0.007386612053294061,L02
GATCAAACTAGGAACATTATTGACTT_GGTAAAACCAGATTTGGCATTCACTA,2284,barbac_hamming,hBFA1-YPD-R2-Time8,R2,8,1713257,1713257,0.0013331333244224306,True,1473192,0.001550374968096487,2287.0,0.0015478451315634521,L10
GCTCTAAGAAAGAAATGCGTTGCTAG_TACAAAACACGTTTTCGGCTTAGCAA,9632,barbac_hamming,hBFA1-YPD-R2-Time8,R2,8,1713257,1713257,0.005622040359385661,True,1473192,0.006538183753373627,9658.0,0.006536549313790914,L08
TGGCGAAATCTCAAGTAGCTTGTAGG_CAACAAAAGCGTTTTTTACTTGTAAT,7552,barbac_hamming,hBFA1-YPD-R2-Time8,R2,8,1713257,1713257,0.004407978487757529,True,1473192,0.005126283607296266,7575.0,0.005126771697242304,L09
TGTATAAAGTAGAAAGAGTTTCACTG_AGGAGAACGGGGTTGGGGGTTGGGGG,8212,barbac_hamming,hBFA1-YPD-R2-Time8,R2,8,1713257,1713257,0.0047932096585626095,True,1473192,0.005574290384416967,8249.0,0.005582935938026636,L04
AATAAAAGAAGGAAAAGCATTTAAAC_AAACAAACTTTCTTTTTTCTTTATGC,7339,shepherd,hBFA1-YPD-R2-Time8,R2,8,1713257,1689275,0.004344467301061106,True,1423823,0.005154432819247898,7344.0,0.004970430540534321,L01
ACAAAAAGATATAACAAGCTTGAAGA_CCCGAAAAAGTTTTTTATCTTCAATG,23111,shepherd,hBFA1-YPD-R2-Time8,R2,8,1713257,1689275,0.01368101700433618,True,1423823,0.01623165238937705,23146.0,0.015665248541831073,L03
AGGAAAATGGCTAATTGTCTTAATGG_TTCCCAAGCGAATTATATTTTTGAGA,7045,shepherd,hBFA1-YPD-R2-Time8,R2,8,1713257,1689275,0.004170428142250373,True,1423823,0.004947946479302554,7051.0,0.004772127688086533,L12
ATTAAAAAATGAAAGTCTGTTCAATG_GAATCAATCAAGTTTCTGTTTCACTC,4588,shepherd,hBFA1-YPD-R2-Time8,R2,8,1713257,1689275,0.0027159580293321097,True,1423823,0.0032223106383307476,4592.0,0.0031078726909223317,L07
ATTAGAAGAAATAAGCCTCTTAGCTG_GGTAAAACCAGATTTGGCATTCACTA,3558,shepherd,hBFA1-YPD-R2-Time8,R2,8,1713257,1689275,0.0021062290035666186,True,1423823,0.0024989061140324323,3562.0,0.002410767100406216,L11
CCCATAACGTATAACAGATTTCTTAT_AGGAGAACGGGGTTGGGGGTTGGGGG,4497,shepherd,hBFA1-YPD-R2-Time8,R2,8,1713257,1689275,0.002662088765890693,True,1423823,0.003158398199776236,4504.0,0.003048314155033576,L05
CGATGAAAGGGAAAATGAATTAACAG_TTCCCAAGCGAATTATATTTTTGAGA,12035,shepherd,hBFA1-YPD-R2-Time8,R2,8,1713257,1689275,0.007124358082609404,True,1423823,0.008452595582456528,12044.0,0.008151397798229217,L06
CGCACAAGAAAGAATAATCTTGAATT_GGTAAAACCAGATTTGGCATTCACTA,10899,shepherd,hBFA1-YPD-R2-Time8,R2,8,1713257,1689275,0.00645188024448358,True,1423823,0.007654743602259551,10914.0,0.007386612053294061,L02
GATCAAACTAGGAACATTATTGACTT_GGTAAAACCAGATTTGGCATTCACTA,2287,shepherd,hBFA1-YPD-R2-Time8,R2,8,1713257,1689275,0.0013538352251705613,True,1423823,0.0016062389777381037,2287.0,0.0015478451315634521,L10
GCTCTAAGAAAGAAATGCGTTGCTAG_TACAAAACACGTTTTCGGCTTAGCAA,9644,shepherd,hBFA1-YPD-R2-Time8,R2,8,1713257,1689275,0.005708957984934366,True,1423823,0.006773313817798982,9658.0,0.006536549313790914,L08
TGGCGAAATCTCAAGTAGCTTGTAGG_CAACAAAAGCGTTTTTTACTTGTAAT,7557,shepherd,hBFA1-YPD-R2-Time8,R2,8,1713257,1689275,0.004473516745349336,True,1423823,0.005307541737982881,7575.0,0.005126771697242304,L09
TGTATAAAGTAGAAAGAGTTTCACTG_AGGAGAACGGGGTTGGGGGTTGGGGG,8229,shepherd,hBFA1-YPD-R2-Time8,R2,8,1713257,1689275,0.004871320536916725,True,1423823,0.005779510515000811,8249.0,0.005582935938026636,L04
AATAAAAGAAGGAAAAGCATTTAAAC_AAACAAACTTTCTTTTTTCTTTATGC,7342,starcode_sphere,hBFA1-YPD-R2-Time8,R2,8,1713257,1713257,0.004285404933410457,True,1477233,0.004970102888305366,7344.0,0.004970430540534321,L01
ACAAAAAGATATAACAAGCTTGAAGA_CCCGAAAAAGTTTTTTATCTTCAATG,23142,starcode_sphere,hBFA1-YPD-R2-Time8,R2,8,1713257,1713257,0.013507605689047237,True,1477233,0.015665775134999015,23146.0,0.015665248541831073,L03
AGGAAAATGGCTAATTGTCTTAATGG_TTCCCAAGCGAATTATATTTTTGAGA,7048,starcode_sphere,hBFA1-YPD-R2-Time8,R2,8,1713257,1713257,0.0041138019573245576,True,1477233,0.004771082151563091,7051.0,0.004772127688086533,L12
ATTAAAAAATGAAAGTCTGTTCAATG_GAATCAATCAAGTTTCTGTTTCACTC,4590,starcode_sphere,hBFA1-YPD-R2-Time8,R2,8,1713257,1713257,0.002679107687871697,True,1477233,0.0031071604817926486,4592.0,0.0031078726909223317,L07
ATTAGAAGAAATAAGCCTCTTAGCTG_GGTAAAACCAGATTTGGCATTCACTA,3560,starcode_sphere,hBFA1-YPD-R2-Time8,R2,8,1713257,1713257,0.0020779135879789197,True,1477233,0.0024099109619132525,3562.0,0.002410767100406216,L11
CCCATAACGTATAACAGATTTCTTAT_AGGAGAACGGGGTTGGGGGTTGGGGG,4501,starcode_sphere,hBFA1-YPD-R2-Time8,R2,8,1713257,1713257,0.002627159848172224,True,1477233,0.0030469127077448173,4504.0,0.003048314155033576,L05
CGATGAAAGGGAAAATGAATTAACAG_TTCCCAAGCGAATTATATTTTTGAGA,12038,starcode_sphere,hBFA1-YPD-R2-Time8,R2,8,1713257,1713257,0.007026383082047819,True,1477233,0.008149019145930263,12044.0,0.008151397798229217,L06
CGCACAAGAAAGAATAATCTTGAATT_GGTAAAACCAGATTTGGCATTCACTA,10906,starcode_sphere,hBFA1-YPD-R2-Time8,R2,8,1713257,1713257,0.006365653255757893,True,1477233,0.007382721615344363,10914.0,0.007386612053294061,L02
GATCAAACTAGGAACATTATTGACTT_GGTAAAACCAGATTTGGCATTCACTA,2288,starcode_sphere,hBFA1-YPD-R2-Time8,R2,8,1713257,1713257,0.001335468058790946,True,1477233,0.0015488416519262704,2287.0,0.0015478451315634521,L10
GCTCTAAGAAAGAAATGCGTTGCTAG_TACAAAACACGTTTTCGGCTTAGCAA,9657,starcode_sphere,hBFA1-YPD-R2-Time8,R2,8,1713257,1713257,0.005636632449188884,True,1477233,0.006537221954830416,9658.0,0.006536549313790914,L08
TGGCGAAATCTCAAGTAGCTTGTAGG_CAACAAAAGCGTTTTTTACTTGTAAT,7570,starcode_sphere,hBFA1-YPD-R2-Time8,R2,8,1713257,1713257,0.0044184847924158485,True,1477233,0.005124445500472844,7575.0,0.005126771697242304,L09
TGTATAAAGTAGAAAGAGTTTCACTG_AGGAGAACGGGGTTGGGGGTTGGGGG,8246,starcode_sphere,hBFA1-YPD-R2-Time8,R2,8,1713257,1713257,0.004813054900694992,True,1477233,0.005582057806723787,8249.0,0.005582935938026636,L04
AATAAAAGAAGGAAAAGCATTTAAAC_AAACAAACTTTCTTTTTTCTTTATGC,7344,starcode_mp,hBFA1-YPD-R2-Time8,R2,8,1713257,1713257,0.0042865723005947156,True,1477359,0.00497103276860939,7344.0,0.004970430540534321,L01
ACAAAAAGATATAACAAGCTTGAAGA_CCCGAAAAAGTTTTTTATCTTCAATG,23142,starcode_mp,hBFA1-YPD-R2-Time8,R2,8,1713257,1713257,0.013507605689047237,True,1477359,0.01566443904291374,23146.0,0.015665248541831073,L03
AGGAAAATGGCTAATTGTCTTAATGG_TTCCCAAGCGAATTATATTTTTGAGA,7049,starcode_mp,hBFA1-YPD-R2-Time8,R2,8,1713257,1713257,0.004114385640916687,True,1477359,0.004771352122266829,7051.0,0.004772127688086533,L12
ATTAAAAAATGAAAGTCTGTTCAATG_GAATCAATCAAGTTTCTGTTTCACTC,4591,starcode_mp,hBFA1-YPD-R2-Time8,R2,8,1713257,1713257,0.002679691371463826,True,1477359,0.0031075723639277927,4592.0,0.0031078726909223317,L07
ATTAGAAGAAATAAGCCTCTTAGCTG_GGTAAAACCAGATTTGGCATTCACTA,3561,starcode_mp,hBFA1-YPD-R2-Time8,R2,8,1713257,1713257,0.0020784972715710485,True,1477359,0.002410382310596138,3562.0,0.002410767100406216,L11
CCCATAACGTATAACAGATTTCTTAT_AGGAGAACGGGGTTGGGGGTTGGGGG,4501,starcode_mp,hBFA1-YPD-R2-Time8,R2,8,1713257,1713257,0.002627159848172224,True,1477359,0.0030466528447046387,4504.0,0.003048314155033576,L05
CGATGAAAGGGAAAATGAATTAACAG_TTCCCAAGCGAATTATATTTTTGAGA,12039,starcode_mp,hBFA1-YPD-R2-Time8,R2,8,1713257,1713257,0.007026966765639948,True,1477359,0.008149001021417272,12044.0,0.008151397798229217,L06
CGCACAAGAAAGAATAATCTTGAATT_GGTAAAACCAGATTTGGCATTCACTA,10908,starcode_mp,hBFA1-YPD-R2-Time8,R2,8,1713257,1713257,0.006366820622942151,True,1477359,0.0073834457298463,10914.0,0.007386612053294061,L02
GATCAAACTAGGAACATTATTGACTT_GGTAAAACCAGATTTGGCATTCACTA,2288,starcode_mp,hBFA1-YPD-R2-Time8,R2,8,1713257,1713257,0.001335468058790946,True,1477359,0.0015487095553619668,2287.0,0.0015478451315634521,L10
GCTCTAAGAAAGAAATGCGTTGCTAG_TACAAAACACGTTTTCGGCTTAGCAA,9657,starcode_mp,hBFA1-YPD-R2-Time8,R2,8,1713257,1713257,0.005636632449188884,True,1477359,0.006536664412644455,9658.0,0.006536549313790914,L08
TGGCGAAATCTCAAGTAGCTTGTAGG_CAACAAAAGCGTTTTTTACTTGTAAT,7570,starcode_mp,hBFA1-YPD-R2-Time8,R2,8,1713257,1713257,0.0044184847924158485,True,1477359,0.0051240084502141995,7575.0,0.005126771697242304,L09
TGTATAAAGTAGAAAGAGTTTCACTG_AGGAGAACGGGGTTGGGGGTTGGGGG,8249,starcode_mp,hBFA1-YPD-R2-Time8,R2,8,1713257,1713257,0.004814805951471378,True,1477359,0.005583612378575553,8249.0,0.005582935938026636,L04
AATAAAAGAAGGAAAAGCATTTAAAC_AAACAAACTTTCTTTTTTCTTTATGC,7331,bartender,hBFA1-YPD-R2-Time8,R2,8,1713257,1713257,0.0042789844138970395,True,1473797,0.004974226436883777,7344.0,0.004970430540534321,L01
ACAAAAAGATATAACAAGCTTGAAGA_CCCGAAAAAGTTTTTTATCTTCAATG,23044,bartender,hBFA1-YPD-R2-Time8,R2,8,1713257,1713257,0.013450404697018603,True,1473797,0.015635803302625803,23146.0,0.015665248541831073,L03
AGGAAAATGGCTAATTGTCTTAATGG_TTCCCAAGCGAATTATATTTTTGAGA,7033,bartender,hBFA1-YPD-R2-Time8,R2,8,1713257,1713257,0.004105046703442624,True,1473797,0.004772027626599864,7051.0,0.004772127688086533,L12
ATTAAAAAATGAAAGTCTGTTCAATG_GAATCAATCAAGTTTCTGTTTCACTC,4576,bartender,hBFA1-YPD-R2-Time8,R2,8,1713257,1713257,0.002670936117581892,True,1473797,0.003104905221003978,4592.0,0.0031078726909223317,L07
ATTAGAAGAAATAAGCCTCTTAGCTG_GGTAAAACCAGATTTGGCATTCACTA,3552,bartender,hBFA1-YPD-R2-Time8,R2,8,1713257,1713257,0.002073244119241888,True,1473797,0.0024101012554646264,3562.0,0.002410767100406216,L11
CCCATAACGTATAACAGATTTCTTAT_AGGAGAACGGGGTTGGGGGTTGGGGG,4482,bartender,hBFA1-YPD-R2-Time8,R2,8,1713257,1713257,0.002616069859921775,True,1473797,0.003041124388229858,4504.0,0.003048314155033576,L05
CGATGAAAGGGAAAATGAATTAACAG_TTCCCAAGCGAATTATATTTTTGAGA,12012,bartender,hBFA1-YPD-R2-Time8,R2,8,1713257,1713257,0.0070112073086524675,True,1473797,0.008150376205135442,12044.0,0.008151397798229217,L06
CGCACAAGAAAGAATAATCTTGAATT_GGTAAAACCAGATTTGGCATTCACTA,10836,bartender,hBFA1-YPD-R2-Time8,R2,8,1713257,1713257,0.006324795404308869,True,1473797,0.007352437275961343,10914.0,0.007386612053294061,L02
GATCAAACTAGGAACATTATTGACTT_GGTAAAACCAGATTTGGCATTCACTA,2285,bartender,hBFA1-YPD-R2-Time8,R2,8,1713257,1713257,0.0013337170080145594,True,1473797,0.001550417052009198,2287.0,0.0015478451315634521,L10
GCTCTAAGAAAGAAATGCGTTGCTAG_TACAAAACACGTTTTCGGCTTAGCAA,9639,bartender,hBFA1-YPD-R2-Time8,R2,8,1713257,1713257,0.005626126144530564,True,1473797,0.0065402494373377066,9658.0,0.006536549313790914,L08
TGGCGAAATCTCAAGTAGCTTGTAGG_CAACAAAAGCGTTTTTTACTTGTAAT,7555,bartender,hBFA1-YPD-R2-Time8,R2,8,1713257,1713257,0.004409729538533916,True,1473797,0.00512621480434551,7575.0,0.005126771697242304,L09
TGTATAAAGTAGAAAGAGTTTCACTG_AGGAGAACGGGGTTGGGGGTTGGGGG,8226,bartender,hBFA1-YPD-R2-Time8,R2,8,1713257,1713257,0.004801381228852414,True,1473797,0.005581501387233113,8249.0,0.005582935938026636,L04
AATAAAAGAAGGAAAAGCATTTAAAC_AAACAAACTTTCTTTTTTCTTTATGC,19541,barbac_lv,hBFA1-YPD-R2-Time16,R2,16,1997106,1997106,0.00978465840070582,True,1691302,0.011553820665972133,19560.0,0.011557360194938868,L01
ACAAAAAGATATAACAAGCTTGAAGA_CCCGAAAAAGTTTTTTATCTTCAATG,28641,barbac_lv,hBFA1-YPD-R2-Time16,R2,16,1997106,1997106,0.014341251791342073,True,1691302,0.01693429085994104,28682.0,0.016947249750063224,L03
AGGAAAATGGCTAATTGTCTTAATGG_TTCCCAAGCGAATTATATTTTTGAGA,6514,barbac_lv,hBFA1-YPD-R2-Time16,R2,16,1997106,1997106,0.003261719708418081,True,1691302,0.003851470642144336,6514.0,0.0038489081957991714,L12
ATTAAAAAATGAAAGTCTGTTCAATG_GAATCAATCAAGTTTCTGTTTCACTC,7955,barbac_lv,hBFA1-YPD-R2-Time16,R2,16,1997106,1997106,0.0039832637826935574,True,1691302,0.004703476966266226,7955.0,0.004700347666193185,L07
ATTAGAAGAAATAAGCCTCTTAGCTG_GGTAAAACCAGATTTGGCATTCACTA,5358,barbac_lv,hBFA1-YPD-R2-Time16,R2,16,1997106,1997106,0.0026828821304427505,True,1691302,0.0031679735493720224,5363.0,0.003168820180238096,L11
CCCATAACGTATAACAGATTTCTTAT_AGGAGAACGGGGTTGGGGGTTGGGGG,8865,barbac_lv,hBFA1-YPD-R2-Time16,R2,16,1997106,1997106,0.0044389231217571825,True,1691302,0.005241523985663117,8884.0,0.005249263188744219,L05
CGATGAAAGGGAAAATGAATTAACAG_TTCCCAAGCGAATTATATTTTTGAGA,12084,barbac_lv,hBFA1-YPD-R2-Time16,R2,16,1997106,1997106,0.006050755443126204,True,1691302,0.007144791409222008,12086.0,0.007141219596934109,L06
CGCACAAGAAAGAATAATCTTGAATT_GGTAAAACCAGATTTGGCATTCACTA,23034,barbac_lv,hBFA1-YPD-R2-Time16,R2,16,1997106,1997106,0.011533689248342352,True,1691302,0.013619093455810968,23059.0,0.013624804127561113,L02
GATCAAACTAGGAACATTATTGACTT_GGTAAAACCAGATTTGGCATTCACTA,4597,barbac_lv,hBFA1-YPD-R2-Time16,R2,16,1997106,1997106,0.0023018307490939387,True,1691302,0.0027180243386456114,4602.0,0.0027191703280730404,L10
GCTCTAAGAAAGAAATGCGTTGCTAG_TACAAAACACGTTTTCGGCTTAGCAA,8796,barbac_lv,hBFA1-YPD-R2-Time16,R2,16,1997106,1997106,0.004404373127916095,True,1691302,0.005200727013862693,8805.0,0.005202584688979384,L08
TGGCGAAATCTCAAGTAGCTTGTAGG_CAACAAAAGCGTTTTTTACTTGTAAT,7578,barbac_lv,hBFA1-YPD-R2-Time16,R2,16,1997106,1997106,0.003794490627938627,True,1691302,0.004480571772516085,7583.0,0.004480545110338519,L09
TGTATAAAGTAGAAAGAGTTTCACTG_AGGAGAACGGGGTTGGGGGTTGGGGG,15733,barbac_lv,hBFA1-YPD-R2-Time16,R2,16,1997106,1997106,0.007877899320316498,True,1691302,0.009302300830957452,15759.0,0.009311474402456115,L04
AATAAAAGAAGGAAAAGCATTTAAAC_AAACAAACTTTCTTTTTTCTTTATGC,19483,barbac_hamming,hBFA1-YPD-R2-Time16,R2,16,1997106,1997106,0.009755616376897371,True,1687175,0.011547705484019144,19560.0,0.011557360194938868,L01
ACAAAAAGATATAACAAGCTTGAAGA_CCCGAAAAAGTTTTTTATCTTCAATG,28499,barbac_hamming,hBFA1-YPD-R2-Time16,R2,16,1997106,1997106,0.014270148905466209,True,1687175,0.01689154948360425,28682.0,0.016947249750063224,L03
AGGAAAATGGCTAATTGTCTTAATGG_TTCCCAAGCGAATTATATTTTTGAGA,6496,barbac_hamming,hBFA1-YPD-R2-Time16,R2,16,1997106,1997106,0.0032527066665464927,True,1687175,0.0038502230059122497,6514.0,0.0038489081957991714,L12
ATTAAAAAATGAAAGTCTGTTCAATG_GAATCAATCAAGTTTCTGTTTCACTC,7940,barbac_hamming,hBFA1-YPD-R2-Time16,R2,16,1997106,1997106,0.0039757529144672345,True,1687175,0.0047060915435565365,7955.0,0.004700347666193185,L07
ATTAGAAGAAATAAGCCTCTTAGCTG_GGTAAAACCAGATTTGGCATTCACTA,5349,barbac_hamming,hBFA1-YPD-R2-Time16,R2,16,1997106,1997106,0.0026783756095069564,True,1687175,0.003170388371093692,5363.0,0.003168820180238096,L11
CCCATAACGTATAACAGATTTCTTAT_AGGAGAACGGGGTTGGGGGTTGGGGG,8838,barbac_hamming,hBFA1-YPD-R2-Time16,R2,16,1997106,1997106,0.0044254035589498,True,1687175,0.0052383421992383715,8884.0,0.005249263188744219,L05
CGATGAAAGGGAAAATGAATTAACAG_TTCCCAAGCGAATTATATTTTTGAGA,12047,barbac_hamming,hBFA1-YPD-R2-Time16,R2,16,1997106,1997106,0.006032228634834606,True,1687175,0.0071403381391971785,12086.0,0.007141219596934109,L06
CGCACAAGAAAGAATAATCTTGAATT_GGTAAAACCAGATTTGGCATTCACTA,22990,barbac_hamming,hBFA1-YPD-R2-Time16,R2,16,1997106,1997106,0.011511657368211803,True,1687175,0.013626328033547202,23059.0,0.013624804127561113,L02
GATCAAACTAGGAACATTATTGACTT_GGTAAAACCAGATTTGGCATTCACTA,4586,barbac_hamming,hBFA1-YPD-R2-Time16,R2,16,1997106,1997106,0.0022963227790613015,True,1687175,0.0027181531257871885,4602.0,0.0027191703280730404,L10
GCTCTAAGAAAGAAATGCGTTGCTAG_TACAAAACACGTTTTCGGCTTAGCAA,8787,barbac_hamming,hBFA1-YPD-R2-Time16,R2,16,1997106,1997106,0.004399866606980301,True,1687175,0.005208114155318802,8805.0,0.005202584688979384,L08
TGGCGAAATCTCAAGTAGCTTGTAGG_CAACAAAAGCGTTTTTTACTTGTAAT,7555,barbac_hamming,hBFA1-YPD-R2-Time16,R2,16,1997106,1997106,0.0037829739633249313,True,1687175,0.0044778994473009615,7583.0,0.004480545110338519,L09
TGTATAAAGTAGAAAGAGTTTCACTG_AGGAGAACGGGGTTGGGGGTTGGGGG,15683,barbac_hamming,hBFA1-YPD-R2-Time16,R2,16,1997106,1997106,0.00785286309289542,True,1687175,0.009295419858639442,15759.0,0.009311474402456115,L04
AATAAAAGAAGGAAAAGCATTTAAAC_AAACAAACTTTCTTTTTTCTTTATGC,19523,shepherd,hBFA1-YPD-R2-Time16,R2,16,1997106,1970806,0.009906099331948451,True,1633676,0.011950350008202361,19560.0,0.011557360194938868,L01
ACAAAAAGATATAACAAGCTTGAAGA_CCCGAAAAAGTTTTTTATCTTCAATG,28629,shepherd,hBFA1-YPD-R2-Time16,R2,16,1997106,1970806,0.014526543962216474,True,1633676,0.01752428266069894,28682.0,0.016947249750063224,L03
AGGAAAATGGCTAATTGTCTTAATGG_TTCCCAAGCGAATTATATTTTTGAGA,6508,shepherd,hBFA1-YPD-R2-Time16,R2,16,1997106,1970806,0.0033022022461876004,True,1633676,0.00398365404156026,6514.0,0.0038489081957991714,L12
ATTAAAAAATGAAAGTCTGTTCAATG_GAATCAATCAAGTTTCTGTTTCACTC,7955,shepherd,hBFA1-YPD-R2-Time16,R2,16,1997106,1970806,0.004036419617151561,True,1633676,0.004869386585834645,7955.0,0.004700347666193185,L07
ATTAGAAGAAATAAGCCTCTTAGCTG_GGTAAAACCAGATTTGGCATTCACTA,5358,shepherd,hBFA1-YPD-R2-Time16,R2,16,1997106,1970806,0.002718684639685489,True,1633676,0.003279720091376748,5363.0,0.003168820180238096,L11
CCCATAACGTATAACAGATTTCTTAT_AGGAGAACGGGGTTGGGGGTTGGGGG,8864,shepherd,hBFA1-YPD-R2-Time16,R2,16,1997106,1970806,0.004497652229595404,True,1633676,0.005425800464718831,8884.0,0.005249263188744219,L05
CGATGAAAGGGAAAATGAATTAACAG_TTCCCAAGCGAATTATATTTTTGAGA,12078,shepherd,hBFA1-YPD-R2-Time16,R2,16,1997106,1970806,0.006128457088115218,True,1633676,0.007393142826362143,12086.0,0.007141219596934109,L06
CGCACAAGAAAGAATAATCTTGAATT_GGTAAAACCAGATTTGGCATTCACTA,23022,shepherd,hBFA1-YPD-R2-Time16,R2,16,1997106,1970806,0.01168151507555792,True,1633676,0.0140921455661955,23059.0,0.013624804127561113,L02
GATCAAACTAGGAACATTATTGACTT_GGTAAAACCAGATTTGGCATTCACTA,4594,shepherd,hBFA1-YPD-R2-Time16,R2,16,1997106,1970806,0.002331025986322347,True,1633676,0.0028120631018635272,4602.0,0.0027191703280730404,L10
GCTCTAAGAAAGAAATGCGTTGCTAG_TACAAAACACGTTTTCGGCTTAGCAA,8794,shepherd,hBFA1-YPD-R2-Time16,R2,16,1997106,1970806,0.004462133766590928,True,1633676,0.005382952311229399,8805.0,0.005202584688979384,L08
TGGCGAAATCTCAAGTAGCTTGTAGG_CAACAAAAGCGTTTTTTACTTGTAAT,7566,shepherd,hBFA1-YPD-R2-Time16,R2,16,1997106,1970806,0.0038390384441695426,True,1633676,0.004631273275729092,7583.0,0.004480545110338519,L09
TGTATAAAGTAGAAAGAGTTTCACTG_AGGAGAACGGGGTTGGGGGTTGGGGG,15727,shepherd,hBFA1-YPD-R2-Time16,R2,16,1997106,1970806,0.007979983823877134,True,1633676,0.009626755856118349,15759.0,0.009311474402456115,L04
AATAAAAGAAGGAAAAGCATTTAAAC_AAACAAACTTTCTTTTTTCTTTATGC,19560,starcode_sphere,hBFA1-YPD-R2-Time16,R2,16,1997106,1997106,0.00979417216712583,True,1692018,0.011560160707510203,19560.0,0.011557360194938868,L01
ACAAAAAGATATAACAAGCTTGAAGA_CCCGAAAAAGTTTTTTATCTTCAATG,28660,starcode_sphere,hBFA1-YPD-R2-Time16,R2,16,1997106,1997106,0.014350765557762081,True,1692018,0.016938354083703602,28682.0,0.016947249750063224,L03
AGGAAAATGGCTAATTGTCTTAATGG_TTCCCAAGCGAATTATATTTTTGAGA,6515,starcode_sphere,hBFA1-YPD-R2-Time16,R2,16,1997106,1997106,0.0032622204329665026,True,1692018,0.0038504318511978007,6514.0,0.0038489081957991714,L12
ATTAAAAAATGAAAGTCTGTTCAATG_GAATCAATCAAGTTTCTGTTTCACTC,7958,starcode_sphere,hBFA1-YPD-R2-Time16,R2,16,1997106,1997106,0.003984765956338822,True,1692018,0.004703259657994182,7955.0,0.004700347666193185,L07
ATTAGAAGAAATAAGCCTCTTAGCTG_GGTAAAACCAGATTTGGCATTCACTA,5360,starcode_sphere,hBFA1-YPD-R2-Time16,R2,16,1997106,1997106,0.0026838835795395936,True,1692018,0.003167814999604023,5363.0,0.003168820180238096,L11
CCCATAACGTATAACAGATTTCTTAT_AGGAGAACGGGGTTGGGGGTTGGGGG,8879,starcode_sphere,hBFA1-YPD-R2-Time16,R2,16,1997106,1997106,0.0044459332654350845,True,1692018,0.0052475801084858435,8884.0,0.005249263188744219,L05
CGATGAAAGGGAAAATGAATTAACAG_TTCCCAAGCGAATTATATTTTTGAGA,12087,starcode_sphere,hBFA1-YPD-R2-Time16,R2,16,1997106,1997106,0.006052257616771468,True,1692018,0.007143541026159296,12086.0,0.007141219596934109,L06
CGCACAAGAAAGAATAATCTTGAATT_GGTAAAACCAGATTTGGCATTCACTA,23046,starcode_sphere,hBFA1-YPD-R2-Time16,R2,16,1997106,1997106,0.011539697942923411,True,1692018,0.01362042247777506,23059.0,0.013624804127561113,L02
GATCAAACTAGGAACATTATTGACTT_GGTAAAACCAGATTTGGCATTCACTA,4597,starcode_sphere,hBFA1-YPD-R2-Time16,R2,16,1997106,1997106,0.0023018307490939387,True,1692018,0.002716874170369346,4602.0,0.0027191703280730404,L10
GCTCTAAGAAAGAAATGCGTTGCTAG_TACAAAACACGTTTTCGGCTTAGCAA,8806,starcode_sphere,hBFA1-YPD-R2-Time16,R2,16,1997106,1997106,0.00440938037340031,True,1692018,0.005204436359424073,8805.0,0.005202584688979384,L08
TGGCGAAATCTCAAGTAGCTTGTAGG_CAACAAAAGCGTTTTTTACTTGTAAT,7580,starcode_sphere,hBFA1-YPD-R2-Time16,R2,16,1997106,1997106,0.00379549207703547,True,1692018,0.004479857779290764,7583.0,0.004480545110338519,L09
TGTATAAAGTAGAAAGAGTTTCACTG_AGGAGAACGGGGTTGGGGGTTGGGGG,15747,starcode_sphere,hBFA1-YPD-R2-Time16,R2,16,1997106,1997106,0.0078849094639944,True,1692018,0.009306638581859058,15759.0,0.009311474402456115,L04
AATAAAAGAAGGAAAAGCATTTAAAC_AAACAAACTTTCTTTTTTCTTTATGC,19561,starcode_mp,hBFA1-YPD-R2-Time16,R2,16,1997106,1997106,0.009794672891674253,True,1692175,0.011559679111203038,19560.0,0.011557360194938868,L01
ACAAAAAGATATAACAAGCTTGAAGA_CCCGAAAAAGTTTTTTATCTTCAATG,28661,starcode_mp,hBFA1-YPD-R2-Time16,R2,16,1997106,1997106,0.014351266282310503,True,1692175,0.01693737349860387,28682.0,0.016947249750063224,L03
AGGAAAATGGCTAATTGTCTTAATGG_TTCCCAAGCGAATTATATTTTTGAGA,6516,starcode_mp,hBFA1-YPD-R2-Time16,R2,16,1997106,1997106,0.003262721157514924,True,1692175,0.003850665563549869,6514.0,0.0038489081957991714,L12
ATTAAAAAATGAAAGTCTGTTCAATG_GAATCAATCAAGTTTCTGTTTCACTC,7958,starcode_mp,hBFA1-YPD-R2-Time16,R2,16,1997106,1997106,0.003984765956338822,True,1692175,0.004702823289553386,7955.0,0.004700347666193185,L07
ATTAGAAGAAATAAGCCTCTTAGCTG_GGTAAAACCAGATTTGGCATTCACTA,5361,starcode_mp,hBFA1-YPD-R2-Time16,R2,16,1997106,1997106,0.0026843843040880153,True,1692175,0.0031681120451489946,5363.0,0.003168820180238096,L11
CCCATAACGTATAACAGATTTCTTAT_AGGAGAACGGGGTTGGGGGTTGGGGG,8879,starcode_mp,hBFA1-YPD-R2-Time16,R2,16,1997106,1997106,0.0044459332654350845,True,1692175,0.0052470932379925245,8884.0,0.005249263188744219,L05
CGATGAAAGGGAAAATGAATTAACAG_TTCCCAAGCGAATTATATTTTTGAGA,12089,starcode_mp,hBFA1-YPD-R2-Time16,R2,16,1997106,1997106,0.006053259065868312,True,1692175,0.007144060159262488,12086.0,0.007141219596934109,L06
CGCACAAGAAAGAATAATCTTGAATT_GGTAAAACCAGATTTGGCATTCACTA,23052,starcode_mp,hBFA1-YPD-R2-Time16,R2,16,1997106,1997106,0.01154270229021394,True,1692175,0.013622704507512521,23059.0,0.013624804127561113,L02
GATCAAACTAGGAACATTATTGACTT_GGTAAAACCAGATTTGGCATTCACTA,4598,starcode_mp,hBFA1-YPD-R2-Time16,R2,16,1997106,1997106,0.0023023314736423605,True,1692175,0.0027172130542053867,4602.0,0.0027191703280730404,L10
GCTCTAAGAAAGAAATGCGTTGCTAG_TACAAAACACGTTTTCGGCTTAGCAA,8807,starcode_mp,hBFA1-YPD-R2-Time16,R2,16,1997106,1997106,0.004409881097948732,True,1692175,0.005204544447235067,8805.0,0.005202584688979384,L08
TGGCGAAATCTCAAGTAGCTTGTAGG_CAACAAAAGCGTTTTTTACTTGTAAT,7580,starcode_mp,hBFA1-YPD-R2-Time16,R2,16,1997106,1997106,0.00379549207703547,True,1692175,0.004479442138076736,7583.0,0.004480545110338519,L09
TGTATAAAGTAGAAAGAGTTTCACTG_AGGAGAACGGGGTTGGGGGTTGGGGG,15748,starcode_mp,hBFA1-YPD-R2-Time16,R2,16,1997106,1997106,0.007885410188542821,True,1692175,0.00930636606733937,15759.0,0.009311474402456115,L04
AATAAAAGAAGGAAAAGCATTTAAAC_AAACAAACTTTCTTTTTTCTTTATGC,19502,bartender,hBFA1-YPD-R2-Time16,R2,16,1997106,1997106,0.009765130143317381,True,1687736,0.01155512473514815,19560.0,0.011557360194938868,L01
ACAAAAAGATATAACAAGCTTGAAGA_CCCGAAAAAGTTTTTTATCTTCAATG,28511,bartender,hBFA1-YPD-R2-Time16,R2,16,1997106,1997106,0.014276157600047268,True,1687736,0.016893044883796993,28682.0,0.016947249750063224,L03
AGGAAAATGGCTAATTGTCTTAATGG_TTCCCAAGCGAATTATATTTTTGAGA,6499,bartender,hBFA1-YPD-R2-Time16,R2,16,1997106,1997106,0.0032542088401917575,True,1687736,0.0038507207288343676,6514.0,0.0038489081957991714,L12
ATTAAAAAATGAAAGTCTGTTCAATG_GAATCAATCAAGTTTCTGTTTCACTC,7940,bartender,hBFA1-YPD-R2-Time16,R2,16,1997106,1997106,0.0039757529144672345,True,1687736,0.0047045272483374175,7955.0,0.004700347666193185,L07
ATTAGAAGAAATAAGCCTCTTAGCTG_GGTAAAACCAGATTTGGCATTCACTA,5352,bartender,hBFA1-YPD-R2-Time16,R2,16,1997106,1997106,0.0026798777831522212,True,1687736,0.0031711120696601837,5363.0,0.003168820180238096,L11
CCCATAACGTATAACAGATTTCTTAT_AGGAGAACGGGGTTGGGGGTTGGGGG,8847,bartender,hBFA1-YPD-R2-Time16,R2,16,1997106,1997106,0.004429910079885594,True,1687736,0.005241933572549261,8884.0,0.005249263188744219,L05
CGATGAAAGGGAAAATGAATTAACAG_TTCCCAAGCGAATTATATTTTTGAGA,12054,bartender,hBFA1-YPD-R2-Time16,R2,16,1997106,1997106,0.006035733706673557,True,1687736,0.007142112273483531,12086.0,0.007141219596934109,L06
CGCACAAGAAAGAATAATCTTGAATT_GGTAAAACCAGATTTGGCATTCACTA,22870,bartender,hBFA1-YPD-R2-Time16,R2,16,1997106,1997106,0.011451570422401214,True,1687736,0.013550697502452991,23059.0,0.013624804127561113,L02
GATCAAACTAGGAACATTATTGACTT_GGTAAAACCAGATTTGGCATTCACTA,4588,bartender,hBFA1-YPD-R2-Time16,R2,16,1997106,1997106,0.002297324228158145,True,1687736,0.0027184346366967344,4602.0,0.0027191703280730404,L10
GCTCTAAGAAAGAAATGCGTTGCTAG_TACAAAACACGTTTTCGGCTTAGCAA,8791,bartender,hBFA1-YPD-R2-Time16,R2,16,1997106,1997106,0.004401869505173987,True,1687736,0.005208753027724715,8805.0,0.005202584688979384,L08
TGGCGAAATCTCAAGTAGCTTGTAGG_CAACAAAAGCGTTTTTTACTTGTAAT,7557,bartender,hBFA1-YPD-R2-Time16,R2,16,1997106,1997106,0.0037839754124217744,True,1687736,0.004477596022126684,7583.0,0.004480545110338519,L09
TGTATAAAGTAGAAAGAGTTTCACTG_AGGAGAACGGGGTTGGGGGTTGGGGG,15696,bartender,hBFA1-YPD-R2-Time16,R2,16,1997106,1997106,0.0078593725120249,True,1687736,0.009300032706537042,15759.0,0.009311474402456115,L04
AATAAAAGAAGGAAAAGCATTTAAAC_AAACAAACTTTCTTTTTTCTTTATGC,30700,barbac_lv,hBFA1-YPD-R2-Time24,R2,24,1853949,1853949,0.016559247314785898,True,1512637,0.02029568230844545,30739.0,0.020307328449021927,L01
ACAAAAAGATATAACAAGCTTGAAGA_CCCGAAAAAGTTTTTTATCTTCAATG,23206,barbac_lv,hBFA1-YPD-R2-Time24,R2,24,1853949,1853949,0.012517064924655425,True,1512637,0.015341420314325248,23235.0,0.015349906519829027,L03
AGGAAAATGGCTAATTGTCTTAATGG_TTCCCAAGCGAATTATATTTTTGAGA,5312,barbac_lv,hBFA1-YPD-R2-Time24,R2,24,1853949,1853949,0.0028652352357049736,True,1512637,0.0035117480267903007,5310.0,0.003507983801174613,L12
ATTAAAAAATGAAAGTCTGTTCAATG_GAATCAATCAAGTTTCTGTTTCACTC,8453,barbac_lv,hBFA1-YPD-R2-Time24,R2,24,1853949,1853949,0.004559456597781277,True,1512637,0.005588254154830274,8462.0,0.005590312415355852,L07
ATTAGAAGAAATAAGCCTCTTAGCTG_GGTAAAACCAGATTTGGCATTCACTA,6019,barbac_lv,hBFA1-YPD-R2-Time24,R2,24,1853949,1853949,0.0032465833741920623,True,1512637,0.003979143707313784,6023.0,0.003979018160918022,L11
CCCATAACGTATAACAGATTTCTTAT_AGGAGAACGGGGTTGGGGGTTGGGGG,11383,barbac_lv,hBFA1-YPD-R2-Time24,R2,24,1853949,1853949,0.006139866846391136,True,1512637,0.007525268785571158,11407.0,0.0075358891186438435,L05
CGATGAAAGGGAAAATGAATTAACAG_TTCCCAAGCGAATTATATTTTTGAGA,9832,barbac_lv,hBFA1-YPD-R2-Time24,R2,24,1853949,1853949,0.0053032742540382715,True,1512637,0.006499907115851324,9839.0,0.00650000990955876,L06
CGCACAAGAAAGAATAATCTTGAATT_GGTAAAACCAGATTTGGCATTCACTA,31003,barbac_lv,hBFA1-YPD-R2-Time24,R2,24,1853949,1853949,0.016722682231280366,True,1512637,0.020495994742955513,31036.0,0.020503537712477454,L02
GATCAAACTAGGAACATTATTGACTT_GGTAAAACCAGATTTGGCATTCACTA,5767,barbac_lv,hBFA1-YPD-R2-Time24,R2,24,1853949,1853949,0.003110657305028348,True,1512637,0.003812547227127196,5769.0,0.003811216299242249,L10
GCTCTAAGAAAGAAATGCGTTGCTAG_TACAAAACACGTTTTCGGCTTAGCAA,6943,barbac_lv,hBFA1-YPD-R2-Time24,R2,24,1853949,1853949,0.0037449789611256838,True,1512637,0.00458999746799794,6946.0,0.004588786343306754,L08
TGGCGAAATCTCAAGTAGCTTGTAGG_CAACAAAAGCGTTTTTTACTTGTAAT,6192,barbac_lv,hBFA1-YPD-R2-Time24,R2,24,1853949,1853949,0.0033398976994512795,True,1512637,0.004093513513156163,6197.0,0.004093969042538432,L09
TGTATAAAGTAGAAAGAGTTTCACTG_AGGAGAACGGGGTTGGGGGTTGGGGG,20578,barbac_lv,hBFA1-YPD-R2-Time24,R2,24,1853949,1853949,0.011099550203376683,True,1512637,0.013604057020950829,20613.0,0.013617715648514557,L04
AATAAAAGAAGGAAAAGCATTTAAAC_AAACAAACTTTCTTTTTTCTTTATGC,30609,barbac_hamming,hBFA1-YPD-R2-Time24,R2,24,1853949,1853949,0.01651016290092122,True,1508930,0.02028523523291339,30739.0,0.020307328449021927,L01
ACAAAAAGATATAACAAGCTTGAAGA_CCCGAAAAAGTTTTTTATCTTCAATG,23090,barbac_hamming,hBFA1-YPD-R2-Time24,R2,24,1853949,1853949,0.012454495781707048,True,1508930,0.015302234033387898,23235.0,0.015349906519829027,L03
AGGAAAATGGCTAATTGTCTTAATGG_TTCCCAAGCGAATTATATTTTTGAGA,5301,barbac_hamming,hBFA1-YPD-R2-Time24,R2,24,1853949,1853949,0.0028593019549081446,True,1508930,0.0035130854313984083,5310.0,0.003507983801174613,L12
ATTAAAAAATGAAAGTCTGTTCAATG_GAATCAATCAAGTTTCTGTTTCACTC,8444,barbac_hamming,hBFA1-YPD-R2-Time24,R2,24,1853949,1853949,0.004554602095311144,True,1508930,0.005596018370633496,8462.0,0.005590312415355852,L07
ATTAGAAGAAATAAGCCTCTTAGCTG_GGTAAAACCAGATTTGGCATTCACTA,6014,barbac_hamming,hBFA1-YPD-R2-Time24,R2,24,1853949,1853949,0.0032438864283753223,True,1508930,0.003985605694101118,6023.0,0.003979018160918022,L11
CCCATAACGTATAACAGATTTCTTAT_AGGAGAACGGGGTTGGGGGTTGGGGG,11339,barbac_hamming,hBFA1-YPD-R2-Time24,R2,24,1853949,1853949,0.006116133723203821,True,1508930,0.007514596435885031,11407.0,0.0075358891186438435,L05
CGATGAAAGGGAAAATGAATTAACAG_TTCCCAAGCGAATTATATTTTTGAGA,9810,barbac_hamming,hBFA1-YPD-R2-Time24,R2,24,1853949,1853949,0.005291407692444614,True,1508930,0.0065012956200751525,9839.0,0.00650000990955876,L06
CGCACAAGAAAGAATAATCTTGAATT_GGTAAAACCAGATTTGGCATTCACTA,30935,barbac_hamming,hBFA1-YPD-R2-Time24,R2,24,1853949,1853949,0.016686003768172693,True,1508930,0.020501282365649832,31036.0,0.020503537712477454,L02
GATCAAACTAGGAACATTATTGACTT_GGTAAAACCAGATTTGGCATTCACTA,5749,barbac_hamming,hBFA1-YPD-R2-Time24,R2,24,1853949,1853949,0.003100948300088082,True,1508930,0.0038099845585945007,5769.0,0.003811216299242249,L10
GCTCTAAGAAAGAAATGCGTTGCTAG_TACAAAACACGTTTTCGGCTTAGCAA,6929,barbac_hamming,hBFA1-YPD-R2-Time24,R2,24,1853949,1853949,0.0037374275128388107,True,1508930,0.004591995652548495,6946.0,0.004588786343306754,L08
TGGCGAAATCTCAAGTAGCTTGTAGG_CAACAAAAGCGTTTTTTACTTGTAAT,6183,barbac_hamming,hBFA1-YPD-R2-Time24,R2,24,1853949,1853949,0.003335043196981147,True,1508930,0.004097605588065716,6197.0,0.004093969042538432,L09
TGTATAAAGTAGAAAGAGTTTCACTG_AGGAGAACGGGGTTGGGGGTTGGGGG,20510,barbac_hamming,hBFA1-YPD-R2-Time24,R2,24,1853949,1853949,0.011062871740269015,True,1508930,0.013592413166946114,20613.0,0.013617715648514557,L04
AATAAAAGAAGGAAAAGCATTTAAAC_AAACAAACTTTCTTTTTTCTTTATGC,30683,shepherd,hBFA1-YPD-R2-Time24,R2,24,1853949,1831403,0.016753822069746526,True,1462778,0.02097584185706922,30739.0,0.020307328449021927,L01
ACAAAAAGATATAACAAGCTTGAAGA_CCCGAAAAAGTTTTTTATCTTCAATG,23188,shepherd,hBFA1-YPD-R2-Time24,R2,24,1853949,1831403,0.012661331230755874,True,1462778,0.015852029494564452,23235.0,0.015349906519829027,L03
AGGAAAATGGCTAATTGTCTTAATGG_TTCCCAAGCGAATTATATTTTTGAGA,5311,shepherd,hBFA1-YPD-R2-Time24,R2,24,1853949,1831403,0.0028999624877757654,True,1462778,0.003630762836192505,5310.0,0.003507983801174613,L12
ATTAAAAAATGAAAGTCTGTTCAATG_GAATCAATCAAGTTTCTGTTTCACTC,8455,shepherd,hBFA1-YPD-R2-Time24,R2,24,1853949,1831403,0.004616679125238956,True,1462778,0.005780097868576093,8462.0,0.005590312415355852,L07
ATTAGAAGAAATAAGCCTCTTAGCTG_GGTAAAACCAGATTTGGCATTCACTA,6022,shepherd,hBFA1-YPD-R2-Time24,R2,24,1853949,1831403,0.0032881894372784144,True,1462778,0.004116824289126579,6023.0,0.003979018160918022,L11
CCCATAACGTATAACAGATTTCTTAT_AGGAGAACGGGGTTGGGGGTTGGGGG,11385,shepherd,hBFA1-YPD-R2-Time24,R2,24,1853949,1831403,0.006216545457225963,True,1462778,0.007783135923564615,11407.0,0.0075358891186438435,L05
CGATGAAAGGGAAAATGAATTAACAG_TTCCCAAGCGAATTATATTTTTGAGA,9830,shepherd,hBFA1-YPD-R2-Time24,R2,24,1853949,1831403,0.005367469639396681,True,1462778,0.006720090129876167,9839.0,0.00650000990955876,L06
CGCACAAGAAAGAATAATCTTGAATT_GGTAAAACCAGATTTGGCATTCACTA,30977,shepherd,hBFA1-YPD-R2-Time24,R2,24,1853949,1831403,0.01691435473241007,True,1462778,0.021176829293303563,31036.0,0.020503537712477454,L02
GATCAAACTAGGAACATTATTGACTT_GGTAAAACCAGATTTGGCATTCACTA,5761,shepherd,hBFA1-YPD-R2-Time24,R2,24,1853949,1831403,0.003145675746954657,True,1462778,0.0039383966671634385,5769.0,0.003811216299242249,L10
GCTCTAAGAAAGAAATGCGTTGCTAG_TACAAAACACGTTTTCGGCTTAGCAA,6939,shepherd,hBFA1-YPD-R2-Time24,R2,24,1853949,1831403,0.0037888984565385116,True,1462778,0.004743713673571793,6946.0,0.004588786343306754,L08
TGGCGAAATCTCAAGTAGCTTGTAGG_CAACAAAAGCGTTTTTTACTTGTAAT,6186,shepherd,hBFA1-YPD-R2-Time24,R2,24,1853949,1831403,0.0033777382695124995,True,1462778,0.004228939729747098,6197.0,0.004093969042538432,L09
TGTATAAAGTAGAAAGAGTTTCACTG_AGGAGAACGGGGTTGGGGGTTGGGGG,20562,shepherd,hBFA1-YPD-R2-Time24,R2,24,1853949,1831403,0.01122745785608083,True,1462778,0.014056815183165183,20613.0,0.013617715648514557,L04
AATAAAAGAAGGAAAAGCATTTAAAC_AAACAAACTTTCTTTTTTCTTTATGC,30725,starcode_sphere,hBFA1-YPD-R2-Time24,R2,24,1853949,1853949,0.0165727320438696,True,1513342,0.020302747164884078,30739.0,0.020307328449021927,L01
ACAAAAAGATATAACAAGCTTGAAGA_CCCGAAAAAGTTTTTTATCTTCAATG,23227,starcode_sphere,hBFA1-YPD-R2-Time24,R2,24,1853949,1853949,0.012528392097085735,True,1513342,0.015348149988568347,23235.0,0.015349906519829027,L03
AGGAAAATGGCTAATTGTCTTAATGG_TTCCCAAGCGAATTATATTTTTGAGA,5314,starcode_sphere,hBFA1-YPD-R2-Time24,R2,24,1853949,1853949,0.0028663140140316695,True,1513342,0.003511433634961562,5310.0,0.003507983801174613,L12
ATTAAAAAATGAAAGTCTGTTCAATG_GAATCAATCAAGTTTCTGTTTCACTC,8456,starcode_sphere,hBFA1-YPD-R2-Time24,R2,24,1853949,1853949,0.004561074765271321,True,1513342,0.005587633198576396,8462.0,0.005590312415355852,L07
ATTAGAAGAAATAAGCCTCTTAGCTG_GGTAAAACCAGATTTGGCATTCACTA,6025,starcode_sphere,hBFA1-YPD-R2-Time24,R2,24,1853949,1853949,0.003249819709172151,True,1513342,0.003981254732902411,6023.0,0.003979018160918022,L11
CCCATAACGTATAACAGATTTCTTAT_AGGAGAACGGGGTTGGGGGTTGGGGG,11396,starcode_sphere,hBFA1-YPD-R2-Time24,R2,24,1853949,1853949,0.006146878905514661,True,1513342,0.007530353350399315,11407.0,0.0075358891186438435,L05
CGATGAAAGGGAAAATGAATTAACAG_TTCCCAAGCGAATTATATTTTTGAGA,9836,starcode_sphere,hBFA1-YPD-R2-Time24,R2,24,1853949,1853949,0.005305431810691664,True,1513342,0.006499522249432052,9839.0,0.00650000990955876,L06
CGCACAAGAAAGAATAATCTTGAATT_GGTAAAACCAGATTTGGCATTCACTA,31026,starcode_sphere,hBFA1-YPD-R2-Time24,R2,24,1853949,1853949,0.01673508818203737,True,1513342,0.020501644704237376,31036.0,0.020503537712477454,L02
GATCAAACTAGGAACATTATTGACTT_GGTAAAACCAGATTTGGCATTCACTA,5768,starcode_sphere,hBFA1-YPD-R2-Time24,R2,24,1853949,1853949,0.0031111966941916955,True,1513342,0.003811431916909727,5769.0,0.003811216299242249,L10
GCTCTAAGAAAGAAATGCGTTGCTAG_TACAAAACACGTTTTCGGCTTAGCAA,6946,starcode_sphere,hBFA1-YPD-R2-Time24,R2,24,1853949,1853949,0.003746597128615728,True,1513342,0.004589841555973468,6946.0,0.004588786343306754,L08
TGGCGAAATCTCAAGTAGCTTGTAGG_CAACAAAAGCGTTTTTTACTTGTAAT,6192,starcode_sphere,hBFA1-YPD-R2-Time24,R2,24,1853949,1853949,0.0033398976994512795,True,1513342,0.004091606523839291,6197.0,0.004093969042538432,L09
TGTATAAAGTAGAAAGAGTTTCACTG_AGGAGAACGGGGTTGGGGGTTGGGGG,20594,starcode_sphere,hBFA1-YPD-R2-Time24,R2,24,1853949,1853949,0.011108180429990254,True,1513342,0.013608292111102448,20613.0,0.013617715648514557,L04
AATAAAAGAAGGAAAAGCATTTAAAC_AAACAAACTTTCTTTTTTCTTTATGC,30732,starcode_mp,hBFA1-YPD-R2-Time24,R2,24,1853949,1853949,0.016576507768013036,True,1513493,0.020305346638537475,30739.0,0.020307328449021927,L01
ACAAAAAGATATAACAAGCTTGAAGA_CCCGAAAAAGTTTTTTATCTTCAATG,23231,starcode_mp,hBFA1-YPD-R2-Time24,R2,24,1853949,1853949,0.012530549653739127,True,1513493,0.015349261608742162,23235.0,0.015349906519829027,L03
AGGAAAATGGCTAATTGTCTTAATGG_TTCCCAAGCGAATTATATTTTTGAGA,5314,starcode_mp,hBFA1-YPD-R2-Time24,R2,24,1853949,1853949,0.0028663140140316695,True,1513493,0.0035110833020040397,5310.0,0.003507983801174613,L12
ATTAAAAAATGAAAGTCTGTTCAATG_GAATCAATCAAGTTTCTGTTTCACTC,8456,starcode_mp,hBFA1-YPD-R2-Time24,R2,24,1853949,1853949,0.004561074765271321,True,1513493,0.0055870757248299135,8462.0,0.005590312415355852,L07
ATTAGAAGAAATAAGCCTCTTAGCTG_GGTAAAACCAGATTTGGCATTCACTA,6026,starcode_mp,hBFA1-YPD-R2-Time24,R2,24,1853949,1853949,0.003250359098335499,True,1513493,0.003981518249506275,6023.0,0.003979018160918022,L11
CCCATAACGTATAACAGATTTCTTAT_AGGAGAACGGGGTTGGGGGTTGGGGG,11398,starcode_mp,hBFA1-YPD-R2-Time24,R2,24,1853949,1853949,0.006147957683841357,True,1513493,0.007530923499481002,11407.0,0.0075358891186438435,L05
CGATGAAAGGGAAAATGAATTAACAG_TTCCCAAGCGAATTATATTTTTGAGA,9837,starcode_mp,hBFA1-YPD-R2-Time24,R2,24,1853949,1853949,0.005305971199855012,True,1513493,0.006499534520476804,9839.0,0.00650000990955876,L06
CGCACAAGAAAGAATAATCTTGAATT_GGTAAAACCAGATTTGGCATTCACTA,31029,starcode_mp,hBFA1-YPD-R2-Time24,R2,24,1853949,1853949,0.016736706349527414,True,1513493,0.02050158144107703,31036.0,0.020503537712477454,L02
GATCAAACTAGGAACATTATTGACTT_GGTAAAACCAGATTTGGCATTCACTA,5769,starcode_mp,hBFA1-YPD-R2-Time24,R2,24,1853949,1853949,0.0031117360833550437,True,1513493,0.0038117123766016757,5769.0,0.003811216299242249,L10
GCTCTAAGAAAGAAATGCGTTGCTAG_TACAAAACACGTTTTCGGCTTAGCAA,6947,starcode_mp,hBFA1-YPD-R2-Time24,R2,24,1853949,1853949,0.003747136517779076,True,1513493,0.00459004435435116,6946.0,0.004588786343306754,L08
TGGCGAAATCTCAAGTAGCTTGTAGG_CAACAAAAGCGTTTTTTACTTGTAAT,6195,starcode_mp,hBFA1-YPD-R2-Time24,R2,24,1853949,1853949,0.0033415158669413236,True,1513493,0.004093180477213968,6197.0,0.004093969042538432,L09
TGTATAAAGTAGAAAGAGTTTCACTG_AGGAGAACGGGGTTGGGGGTTGGGGG,20598,starcode_mp,hBFA1-YPD-R2-Time24,R2,24,1853949,1853949,0.011110337986643645,True,1513493,0.013609577315521116,20613.0,0.013617715648514557,L04
AATAAAAGAAGGAAAAGCATTTAAAC_AAACAAACTTTCTTTTTTCTTTATGC,30642,bartender,hBFA1-YPD-R2-Time24,R2,24,1853949,1853949,0.016527962743311708,True,1509441,0.02030023035017599,30739.0,0.020307328449021927,L01
ACAAAAAGATATAACAAGCTTGAAGA_CCCGAAAAAGTTTTTTATCTTCAATG,23106,bartender,hBFA1-YPD-R2-Time24,R2,24,1853949,1853949,0.012463126008320616,True,1509441,0.015307653628064959,23235.0,0.015349906519829027,L03
AGGAAAATGGCTAATTGTCTTAATGG_TTCCCAAGCGAATTATATTTTTGAGA,5303,bartender,hBFA1-YPD-R2-Time24,R2,24,1853949,1853949,0.002860380733234841,True,1509441,0.00351322111960653,5310.0,0.003507983801174613,L12
ATTAAAAAATGAAAGTCTGTTCAATG_GAATCAATCAAGTTTCTGTTTCACTC,8444,bartender,hBFA1-YPD-R2-Time24,R2,24,1853949,1853949,0.004554602095311144,True,1509441,0.005594123917397235,8462.0,0.005590312415355852,L07
ATTAGAAGAAATAAGCCTCTTAGCTG_GGTAAAACCAGATTTGGCATTCACTA,6017,bartender,hBFA1-YPD-R2-Time24,R2,24,1853949,1853949,0.0032455045958653663,True,1509441,0.00398624391413775,6023.0,0.003979018160918022,L11
CCCATAACGTATAACAGATTTCTTAT_AGGAGAACGGGGTTGGGGGTTGGGGG,11348,bartender,hBFA1-YPD-R2-Time24,R2,24,1853949,1853949,0.006120988225673953,True,1509441,0.007518014947255308,11407.0,0.0075358891186438435,L05
CGATGAAAGGGAAAATGAATTAACAG_TTCCCAAGCGAATTATATTTTTGAGA,9815,bartender,hBFA1-YPD-R2-Time24,R2,24,1853949,1853949,0.005294104638261354,True,1509441,0.006502407182526511,9839.0,0.00650000990955876,L06
CGCACAAGAAAGAATAATCTTGAATT_GGTAAAACCAGATTTGGCATTCACTA,30759,bartender,hBFA1-YPD-R2-Time24,R2,24,1853949,1853949,0.016591071275423433,True,1509441,0.020377742488775646,31036.0,0.020503537712477454,L02
GATCAAACTAGGAACATTATTGACTT_GGTAAAACCAGATTTGGCATTCACTA,5752,bartender,hBFA1-YPD-R2-Time24,R2,24,1853949,1853949,0.0031025664675781266,True,1509441,0.0038106822326940903,5769.0,0.003811216299242249,L10
GCTCTAAGAAAGAAATGCGTTGCTAG_TACAAAACACGTTTTCGGCTTAGCAA,6930,bartender,hBFA1-YPD-R2-Time24,R2,24,1853949,1853949,0.003737966902002159,True,1509441,0.004591103593979493,6946.0,0.004588786343306754,L08
TGGCGAAATCTCAAGTAGCTTGTAGG_CAACAAAAGCGTTTTTTACTTGTAAT,6183,bartender,hBFA1-YPD-R2-Time24,R2,24,1853949,1853949,0.003335043196981147,True,1509441,0.0040962184013817035,6197.0,0.004093969042538432,L09
TGTATAAAGTAGAAAGAGTTTCACTG_AGGAGAACGGGGTTGGGGGTTGGGGG,20529,bartender,hBFA1-YPD-R2-Time24,R2,24,1853949,1853949,0.011073120134372628,True,1509441,0.013600399088139252,20613.0,0.013617715648514557,L04
AATAAAAGAAGGAAAAGCATTTAAAC_AAACAAACTTTCTTTTTTCTTTATGC,93993,barbac_lv,hBFA1-YPD-R2-Time40,R2,40,2024113,2024113,0.04643663668975003,True,1416959,0.06633431171967573,94122.0,0.06637312298229853,L01
ACAAAAAGATATAACAAGCTTGAAGA_CCCGAAAAAGTTTTTTATCTTCAATG,21599,barbac_lv,hBFA1-YPD-R2-Time40,R2,40,2024113,2024113,0.010670846933940941,True,1416959,0.015243207460484036,21635.0,0.015256608611398277,L03
AGGAAAATGGCTAATTGTCTTAATGG_TTCCCAAGCGAATTATATTTTTGAGA,3454,barbac_lv,hBFA1-YPD-R2-Time40,R2,40,2024113,2024113,0.0017064264692732076,True,1416959,0.002437614638108795,3454.0,0.0024356979960143124,L12
ATTAAAAAATGAAAGTCTGTTCAATG_GAATCAATCAAGTTTCTGTTTCACTC,17800,barbac_lv,hBFA1-YPD-R2-Time40,R2,40,2024113,2024113,0.008793975435165921,True,1416959,0.0125621136532532,17817.0,0.012564224433985815,L07
ATTAGAAGAAATAAGCCTCTTAGCTG_GGTAAAACCAGATTTGGCATTCACTA,6991,barbac_lv,hBFA1-YPD-R2-Time40,R2,40,2024113,2024113,0.0034538585543396044,True,1416959,0.004933805424151299,6995.0,0.004932746810110051,L11
CCCATAACGTATAACAGATTTCTTAT_AGGAGAACGGGGTTGGGGGTTGGGGG,20361,barbac_lv,hBFA1-YPD-R2-Time40,R2,40,2024113,2024113,0.010059221001989513,True,1416959,0.014369505398533055,20402.0,0.014387119431002895,L05
CGATGAAAGGGAAAATGAATTAACAG_TTCCCAAGCGAATTATATTTTTGAGA,6448,barbac_lv,hBFA1-YPD-R2-Time40,R2,40,2024113,2024113,0.0031855928992106665,True,1416959,0.004550590384054867,6453.0,0.004550538265280938,L06
CGCACAAGAAAGAATAATCTTGAATT_GGTAAAACCAGATTTGGCATTCACTA,64618,barbac_lv,hBFA1-YPD-R2-Time40,R2,40,2024113,2024113,0.03192410700390739,True,1416959,0.045603295508197486,64683.0,0.04561327547081464,L02
GATCAAACTAGGAACATTATTGACTT_GGTAAAACCAGATTTGGCATTCACTA,12190,barbac_lv,hBFA1-YPD-R2-Time40,R2,40,2024113,2024113,0.006022391042397337,True,1416959,0.008602930642312163,12198.0,0.008601807804106132,L10
GCTCTAAGAAAGAAATGCGTTGCTAG_TACAAAACACGTTTTCGGCTTAGCAA,4852,barbac_lv,hBFA1-YPD-R2-Time40,R2,40,2024113,2024113,0.002397099371428374,True,1416959,0.003424234575594636,4861.0,0.0034278888125725457,L08
TGGCGAAATCTCAAGTAGCTTGTAGG_CAACAAAAGCGTTTTTTACTTGTAAT,4440,barbac_lv,hBFA1-YPD-R2-Time40,R2,40,2024113,2024113,0.002193553423153747,True,1416959,0.003133471046092371,4443.0,0.00313312281305489,L09
TGTATAAAGTAGAAAGAGTTTCACTG_AGGAGAACGGGGTTGGGGGTTGGGGG,36004,barbac_lv,hBFA1-YPD-R2-Time40,R2,40,2024113,2024113,0.017787544470096284,True,1416959,0.02540934494223192,36068.0,0.025434497776561732,L04
AATAAAAGAAGGAAAAGCATTTAAAC_AAACAAACTTTCTTTTTTCTTTATGC,93745,barbac_hamming,hBFA1-YPD-R2-Time40,R2,40,2024113,2024113,0.04631411388593423,True,1413310,0.06633010450644232,94122.0,0.06637312298229853,L01
ACAAAAAGATATAACAAGCTTGAAGA_CCCGAAAAAGTTTTTTATCTTCAATG,21498,barbac_hamming,hBFA1-YPD-R2-Time40,R2,40,2024113,2024113,0.01062094853399983,True,1413310,0.015211100183257742,21635.0,0.015256608611398277,L03
AGGAAAATGGCTAATTGTCTTAATGG_TTCCCAAGCGAATTATATTTTTGAGA,3442,barbac_hamming,hBFA1-YPD-R2-Time40,R2,40,2024113,2024113,0.0017004979465079272,True,1413310,0.00243541756585604,3454.0,0.0024356979960143124,L12
ATTAAAAAATGAAAGTCTGTTCAATG_GAATCAATCAAGTTTCTGTTTCACTC,17756,barbac_hamming,hBFA1-YPD-R2-Time40,R2,40,2024113,2024113,0.008772237518359894,True,1413310,0.012563414962039467,17817.0,0.012564224433985815,L07
ATTAGAAGAAATAAGCCTCTTAGCTG_GGTAAAACCAGATTTGGCATTCACTA,6977,barbac_hamming,hBFA1-YPD-R2-Time40,R2,40,2024113,2024113,0.0034469419444467775,True,1413310,0.004936638104874373,6995.0,0.004932746810110051,L11
CCCATAACGTATAACAGATTTCTTAT_AGGAGAACGGGGTTGGGGGTTGGGGG,20252,barbac_hamming,hBFA1-YPD-R2-Time40,R2,40,2024113,2024113,0.010005370253538216,True,1413310,0.014329481854653261,20402.0,0.014387119431002895,L05
CGATGAAAGGGAAAATGAATTAACAG_TTCCCAAGCGAATTATATTTTTGAGA,6436,barbac_hamming,hBFA1-YPD-R2-Time40,R2,40,2024113,2024113,0.003179664376445386,True,1413310,0.004553848766371143,6453.0,0.004550538265280938,L06
CGCACAAGAAAGAATAATCTTGAATT_GGTAAAACCAGATTTGGCATTCACTA,64454,barbac_hamming,hBFA1-YPD-R2-Time40,R2,40,2024113,2024113,0.031843083859448555,True,1413310,0.04560499819572493,64683.0,0.04561327547081464,L02
GATCAAACTAGGAACATTATTGACTT_GGTAAAACCAGATTTGGCATTCACTA,12153,barbac_hamming,hBFA1-YPD-R2-Time40,R2,40,2024113,2024113,0.006004111430537722,True,1413310,0.00859896271872413,12198.0,0.008601807804106132,L10
GCTCTAAGAAAGAAATGCGTTGCTAG_TACAAAACACGTTTTCGGCTTAGCAA,4847,barbac_hamming,hBFA1-YPD-R2-Time40,R2,40,2024113,2024113,0.002394629153609507,True,1413310,0.003429537751802506,4861.0,0.0034278888125725457,L08
TGGCGAAATCTCAAGTAGCTTGTAGG_CAACAAAAGCGTTTTTTACTTGTAAT,4425,barbac_hamming,hBFA1-YPD-R2-Time40,R2,40,2024113,2024113,0.002186142769697146,True,1413310,0.003130947916592963,4443.0,0.00313312281305489,L09
TGTATAAAGTAGAAAGAGTTTCACTG_AGGAGAACGGGGTTGGGGGTTGGGGG,35883,barbac_hamming,hBFA1-YPD-R2-Time40,R2,40,2024113,2024113,0.017727765198879707,True,1413310,0.0253893342578769,36068.0,0.025434497776561732,L04
AATAAAAGAAGGAAAAGCATTTAAAC_AAACAAACTTTCTTTTTTCTTTATGC,93912,shepherd,hBFA1-YPD-R2-Time40,R2,40,2024113,2007263,0.04678609629131808,True,1377453,0.06817800679950604,94122.0,0.06637312298229853,L01
ACAAAAAGATATAACAAGCTTGAAGA_CCCGAAAAAGTTTTTTATCTTCAATG,21581,shepherd,hBFA1-YPD-R2-Time40,R2,40,2024113,2007263,0.010751456087219263,True,1377453,0.015667322224424355,21635.0,0.015256608611398277,L03
AGGAAAATGGCTAATTGTCTTAATGG_TTCCCAAGCGAATTATATTTTTGAGA,3453,shepherd,hBFA1-YPD-R2-Time40,R2,40,2024113,2007263,0.0017202529015878836,True,1377453,0.0025068005950112274,3454.0,0.0024356979960143124,L12
ATTAAAAAATGAAAGTCTGTTCAATG_GAATCAATCAAGTTTCTGTTTCACTC,17810,shepherd,hBFA1-YPD-R2-Time40,R2,40,2024113,2007263,0.008872778504859602,True,1377453,0.012929660757935117,17817.0,0.012564224433985815,L07
ATTAGAAGAAATAAGCCTCTTAGCTG_GGTAAAACCAGATTTGGCATTCACTA,6991,shepherd,hBFA1-YPD-R2-Time40,R2,40,2024113,2007263,0.003482852022878915,True,1377453,0.0050753092845999105,6995.0,0.004932746810110051,L11
CCCATAACGTATAACAGATTTCTTAT_AGGAGAACGGGGTTGGGGGTTGGGGG,20345,shepherd,hBFA1-YPD-R2-Time40,R2,40,2024113,2007263,0.010135692233653487,True,1377453,0.014770013931509823,20402.0,0.014387119431002895,L05
CGATGAAAGGGAAAATGAATTAACAG_TTCCCAAGCGAATTATATTTTTGAGA,6448,shepherd,hBFA1-YPD-R2-Time40,R2,40,2024113,2007263,0.003212334407598805,True,1377453,0.004681103456887458,6453.0,0.004550538265280938,L06
CGCACAAGAAAGAATAATCTTGAATT_GGTAAAACCAGATTTGGCATTCACTA,64573,shepherd,hBFA1-YPD-R2-Time40,R2,40,2024113,2007263,0.03216967582225149,True,1377453,0.04687855048411815,64683.0,0.04561327547081464,L02
GATCAAACTAGGAACATTATTGACTT_GGTAAAACCAGATTTGGCATTCACTA,12186,shepherd,hBFA1-YPD-R2-Time40,R2,40,2024113,2007263,0.006070953332971315,True,1377453,0.008846762829657346,12198.0,0.008601807804106132,L10
GCTCTAAGAAAGAAATGCGTTGCTAG_TACAAAACACGTTTTCGGCTTAGCAA,4853,shepherd,hBFA1-YPD-R2-Time40,R2,40,2024113,2007263,0.0024177200496397332,True,1377453,0.0035231692115810847,4861.0,0.0034278888125725457,L08
TGGCGAAATCTCAAGTAGCTTGTAGG_CAACAAAAGCGTTTTTTACTTGTAAT,4429,shepherd,hBFA1-YPD-R2-Time40,R2,40,2024113,2007263,0.0022064871419440303,True,1377453,0.0032153547162770708,4443.0,0.00313312281305489,L09
TGTATAAAGTAGAAAGAGTTTCACTG_AGGAGAACGGGGTTGGGGGTTGGGGG,35982,shepherd,hBFA1-YPD-R2-Time40,R2,40,2024113,2007263,0.01792590208657261,True,1377453,0.02612212540101187,36068.0,0.025434497776561732,L04
AATAAAAGAAGGAAAAGCATTTAAAC_AAACAAACTTTCTTTTTTCTTTATGC,94073,starcode_sphere,hBFA1-YPD-R2-Time40,R2,40,2024113,2024113,0.0464761601748519,True,1417656,0.06635812919354202,94122.0,0.06637312298229853,L01
ACAAAAAGATATAACAAGCTTGAAGA_CCCGAAAAAGTTTTTTATCTTCAATG,21624,starcode_sphere,hBFA1-YPD-R2-Time40,R2,40,2024113,2024113,0.010683198023035275,True,1417656,0.015253347779715248,21635.0,0.015256608611398277,L03
AGGAAAATGGCTAATTGTCTTAATGG_TTCCCAAGCGAATTATATTTTTGAGA,3454,starcode_sphere,hBFA1-YPD-R2-Time40,R2,40,2024113,2024113,0.0017064264692732076,True,1417656,0.0024364161686615086,3454.0,0.0024356979960143124,L12
ATTAAAAAATGAAAGTCTGTTCAATG_GAATCAATCAAGTTTCTGTTTCACTC,17816,starcode_sphere,hBFA1-YPD-R2-Time40,R2,40,2024113,2024113,0.008801880132186296,True,1417656,0.012567223642406903,17817.0,0.012564224433985815,L07
ATTAGAAGAAATAAGCCTCTTAGCTG_GGTAAAACCAGATTTGGCATTCACTA,6994,starcode_sphere,hBFA1-YPD-R2-Time40,R2,40,2024113,2024113,0.0034553406850309247,True,1417656,0.004933495855129876,6995.0,0.004932746810110051,L11
CCCATAACGTATAACAGATTTCTTAT_AGGAGAACGGGGTTGGGGGTTGGGGG,20377,starcode_sphere,hBFA1-YPD-R2-Time40,R2,40,2024113,2024113,0.010067125699009888,True,1417656,0.014373726771515797,20402.0,0.014387119431002895,L05
CGATGAAAGGGAAAATGAATTAACAG_TTCCCAAGCGAATTATATTTTTGAGA,6449,starcode_sphere,hBFA1-YPD-R2-Time40,R2,40,2024113,2024113,0.00318608694277444,True,1417656,0.004549058445772458,6453.0,0.004550538265280938,L06
CGCACAAGAAAGAATAATCTTGAATT_GGTAAAACCAGATTTGGCATTCACTA,64643,starcode_sphere,hBFA1-YPD-R2-Time40,R2,40,2024113,2024113,0.031936458093001725,True,1417656,0.04559850908824144,64683.0,0.04561327547081464,L02
GATCAAACTAGGAACATTATTGACTT_GGTAAAACCAGATTTGGCATTCACTA,12192,starcode_sphere,hBFA1-YPD-R2-Time40,R2,40,2024113,2024113,0.006023379129524884,True,1417656,0.008600111733735124,12198.0,0.008601807804106132,L10
GCTCTAAGAAAGAAATGCGTTGCTAG_TACAAAACACGTTTTCGGCTTAGCAA,4854,starcode_sphere,hBFA1-YPD-R2-Time40,R2,40,2024113,2024113,0.0023980874585559204,True,1417656,0.0034239618073778123,4861.0,0.0034278888125725457,L08
TGGCGAAATCTCAAGTAGCTTGTAGG_CAACAAAAGCGTTTTTTACTTGTAAT,4441,starcode_sphere,hBFA1-YPD-R2-Time40,R2,40,2024113,2024113,0.0021940474667175203,True,1417656,0.0031326358439565027,4443.0,0.00313312281305489,L09
TGTATAAAGTAGAAAGAGTTTCACTG_AGGAGAACGGGGTTGGGGGTTGGGGG,36036,starcode_sphere,hBFA1-YPD-R2-Time40,R2,40,2024113,2024113,0.01780335386413703,True,1417656,0.025419424740557653,36068.0,0.025434497776561732,L04
AATAAAAGAAGGAAAAGCATTTAAAC_AAACAAACTTTCTTTTTTCTTTATGC,94092,starcode_mp,hBFA1-YPD-R2-Time40,R2,40,2024113,2024113,0.04648554700256359,True,1417829,0.0663634331079418,94122.0,0.06637312298229853,L01
ACAAAAAGATATAACAAGCTTGAAGA_CCCGAAAAAGTTTTTTATCTTCAATG,21628,starcode_mp,hBFA1-YPD-R2-Time40,R2,40,2024113,2024113,0.010685174197290368,True,1417829,0.015254307818502795,21635.0,0.015256608611398277,L03
AGGAAAATGGCTAATTGTCTTAATGG_TTCCCAAGCGAATTATATTTTTGAGA,3454,starcode_mp,hBFA1-YPD-R2-Time40,R2,40,2024113,2024113,0.0017064264692732076,True,1417829,0.0024361188831657416,3454.0,0.0024356979960143124,L12
ATTAAAAAATGAAAGTCTGTTCAATG_GAATCAATCAAGTTTCTGTTTCACTC,17817,starcode_mp,hBFA1-YPD-R2-Time40,R2,40,2024113,2024113,0.008802374175750069,True,1417829,0.012566395524425018,17817.0,0.012564224433985815,L07
ATTAGAAGAAATAAGCCTCTTAGCTG_GGTAAAACCAGATTTGGCATTCACTA,6995,starcode_mp,hBFA1-YPD-R2-Time40,R2,40,2024113,2024113,0.003455834728594698,True,1417829,0.004933599185797441,6995.0,0.004932746810110051,L11
CCCATAACGTATAACAGATTTCTTAT_AGGAGAACGGGGTTGGGGGTTGGGGG,20384,starcode_mp,hBFA1-YPD-R2-Time40,R2,40,2024113,2024113,0.010070584003956301,True,1417829,0.014376910050506796,20402.0,0.014387119431002895,L05
CGATGAAAGGGAAAATGAATTAACAG_TTCCCAAGCGAATTATATTTTTGAGA,6450,starcode_mp,hBFA1-YPD-R2-Time40,R2,40,2024113,2024113,0.0031865809863382134,True,1417829,0.004549208684545174,6453.0,0.004550538265280938,L06
CGCACAAGAAAGAATAATCTTGAATT_GGTAAAACCAGATTTGGCATTCACTA,64662,starcode_mp,hBFA1-YPD-R2-Time40,R2,40,2024113,2024113,0.031945844920713416,True,1417829,0.04560634604031939,64683.0,0.04561327547081464,L02
GATCAAACTAGGAACATTATTGACTT_GGTAAAACCAGATTTGGCATTCACTA,12193,starcode_mp,hBFA1-YPD-R2-Time40,R2,40,2024113,2024113,0.006023873173088657,True,1417829,0.008599767672970436,12198.0,0.008601807804106132,L10
GCTCTAAGAAAGAAATGCGTTGCTAG_TACAAAACACGTTTTCGGCTTAGCAA,4856,starcode_mp,hBFA1-YPD-R2-Time40,R2,40,2024113,2024113,0.0023990755456834672,True,1417829,0.003424954631341297,4861.0,0.0034278888125725457,L08
TGGCGAAATCTCAAGTAGCTTGTAGG_CAACAAAAGCGTTTTTTACTTGTAAT,4441,starcode_mp,hBFA1-YPD-R2-Time40,R2,40,2024113,2024113,0.0021940474667175203,True,1417829,0.0031322536074519566,4443.0,0.00313312281305489,L09
TGTATAAAGTAGAAAGAGTTTCACTG_AGGAGAACGGGGTTGGGGGTTGGGGG,36043,starcode_mp,hBFA1-YPD-R2-Time40,R2,40,2024113,2024113,0.017806812169083447,True,1417829,0.025421260250707244,36068.0,0.025434497776561732,L04
AATAAAAGAAGGAAAAGCATTTAAAC_AAACAAACTTTCTTTTTTCTTTATGC,93841,bartender,hBFA1-YPD-R2-Time40,R2,40,2024113,2024113,0.046361542068056476,True,1413682,0.06638055800385094,94122.0,0.06637312298229853,L01
ACAAAAAGATATAACAAGCTTGAAGA_CCCGAAAAAGTTTTTTATCTTCAATG,21517,bartender,hBFA1-YPD-R2-Time40,R2,40,2024113,2024113,0.010630335361711525,True,1413682,0.01522053757492845,21635.0,0.015256608611398277,L03
AGGAAAATGGCTAATTGTCTTAATGG_TTCCCAAGCGAATTATATTTTTGAGA,3442,bartender,hBFA1-YPD-R2-Time40,R2,40,2024113,2024113,0.0017004979465079272,True,1413682,0.0024347767036716887,3454.0,0.0024356979960143124,L12
ATTAAAAAATGAAAGTCTGTTCAATG_GAATCAATCAAGTTTCTGTTTCACTC,17756,bartender,hBFA1-YPD-R2-Time40,R2,40,2024113,2024113,0.008772237518359894,True,1413682,0.01256010899197981,17817.0,0.012564224433985815,L07
ATTAGAAGAAATAAGCCTCTTAGCTG_GGTAAAACCAGATTTGGCATTCACTA,6979,bartender,hBFA1-YPD-R2-Time40,R2,40,2024113,2024113,0.003447930031574324,True,1413682,0.004936753810262846,6995.0,0.004932746810110051,L11
CCCATAACGTATAACAGATTTCTTAT_AGGAGAACGGGGTTGGGGGTTGGGGG,20270,bartender,hBFA1-YPD-R2-Time40,R2,40,2024113,2024113,0.010014263037686138,True,1413682,0.014338443865027637,20402.0,0.014387119431002895,L05
CGATGAAAGGGAAAATGAATTAACAG_TTCCCAAGCGAATTATATTTTTGAGA,6437,bartender,hBFA1-YPD-R2-Time40,R2,40,2024113,2024113,0.0031801584200091596,True,1413682,0.00455335782729072,6453.0,0.004550538265280938,L06
CGCACAAGAAAGAATAATCTTGAATT_GGTAAAACCAGATTTGGCATTCACTA,64184,bartender,hBFA1-YPD-R2-Time40,R2,40,2024113,2024113,0.03170969209722975,True,1413682,0.045402006957717504,64683.0,0.04561327547081464,L02
GATCAAACTAGGAACATTATTGACTT_GGTAAAACCAGATTTGGCATTCACTA,12157,bartender,hBFA1-YPD-R2-Time40,R2,40,2024113,2024113,0.006006087604792815,True,1413682,0.00859952945570503,12198.0,0.008601807804106132,L10
GCTCTAAGAAAGAAATGCGTTGCTAG_TACAAAACACGTTTTCGGCTTAGCAA,4847,bartender,hBFA1-YPD-R2-Time40,R2,40,2024113,2024113,0.002394629153609507,True,1413682,0.0034286352942175112,4861.0,0.0034278888125725457,L08
TGGCGAAATCTCAAGTAGCTTGTAGG_CAACAAAAGCGTTTTTTACTTGTAAT,4425,bartender,hBFA1-YPD-R2-Time40,R2,40,2024113,2024113,0.002186142769697146,True,1413682,0.0031301240307226095,4443.0,0.00313312281305489,L09
TGTATAAAGTAGAAAGAGTTTCACTG_AGGAGAACGGGGTTGGGGGTTGGGGG,35918,bartender,hBFA1-YPD-R2-Time40,R2,40,2024113,2024113,0.017745056723611773,True,1413682,0.025407411284857555,36068.0,0.025434497776561732,L04
