run_accession	sample_alias	experiment_alias	library_name	experiment_title	sample_description
SRR10556877	exp-2_well-F9_passage-30_subsample-1	exp-2_well-F9_passage-30_subsample-1	exp-2_well-F9_passage-30_subsample-1	NextSeq 500 sequencing: Barcode sequencing of E. coli evolving in antibiotics	Microbe sample from Escherichia coli
SRR10556881	exp-2_well-F9_passage-22_subsample-1	exp-2_well-F9_passage-22_subsample-1	exp-2_well-F9_passage-22_subsample-1	NextSeq 500 sequencing: Barcode sequencing of E. coli evolving in antibiotics	Microbe sample from Escherichia coli
SRR10556893	exp-2_well-A3_passage-30_subsample-2	exp-2_well-A3_passage-30_subsample-2	exp-2_well-A3_passage-30_subsample-2	NextSeq 500 sequencing: Barcode sequencing of E. coli evolving in antibiotics	Microbe sample from Escherichia coli
SRR10556900	exp-2_well-F9_passage-12_subsample-4	exp-2_well-F9_passage-12_subsample-4	exp-2_well-F9_passage-12_subsample-4	NextSeq 500 sequencing: Barcode sequencing of E. coli evolving in antibiotics	Microbe sample from Escherichia coli
SRR10556905	exp-2_well-D9_passage-16_subsample-1	exp-2_well-D9_passage-16_subsample-1	exp-2_well-D9_passage-16_subsample-1	NextSeq 500 sequencing: Barcode sequencing of E. coli evolving in antibiotics	Microbe sample from Escherichia coli
SRR10556911	exp-2_well-D9_passage-12_subsample-4	exp-2_well-D9_passage-12_subsample-4	exp-2_well-D9_passage-12_subsample-4	NextSeq 500 sequencing: Barcode sequencing of E. coli evolving in antibiotics	Microbe sample from Escherichia coli
SRR10556917	exp-2_well-D9_passage-10_subsample-2	exp-2_well-D9_passage-10_subsample-2	exp-2_well-D9_passage-10_subsample-2	NextSeq 500 sequencing: Barcode sequencing of E. coli evolving in antibiotics	Microbe sample from Escherichia coli
SRR10556919	exp-2_well-A3_passage-18_subsample-3	exp-2_well-A3_passage-18_subsample-3	exp-2_well-A3_passage-18_subsample-3	NextSeq 500 sequencing: Barcode sequencing of E. coli evolving in antibiotics	Microbe sample from Escherichia coli
SRR10556924	exp-2_well-D9_passage-06_subsample-4	exp-2_well-D9_passage-06_subsample-4	exp-2_well-D9_passage-06_subsample-4	NextSeq 500 sequencing: Barcode sequencing of E. coli evolving in antibiotics	Microbe sample from Escherichia coli
SRR10556932	exp-2_well-D9_passage-04_subsample-1	exp-2_well-D9_passage-04_subsample-1	exp-2_well-D9_passage-04_subsample-1	NextSeq 500 sequencing: Barcode sequencing of E. coli evolving in antibiotics	Microbe sample from Escherichia coli
SRR10556940	exp-2_well-A3_passage-06_subsample-2	exp-2_well-A3_passage-06_subsample-2	exp-2_well-A3_passage-06_subsample-2	NextSeq 500 sequencing: Barcode sequencing of E. coli evolving in antibiotics	Microbe sample from Escherichia coli
SRR10556941	exp-2_well-B5_passage-04_subsample-2	exp-2_well-B5_passage-04_subsample-2	exp-2_well-B5_passage-04_subsample-2	NextSeq 500 sequencing: Barcode sequencing of E. coli evolving in antibiotics	Microbe sample from Escherichia coli
SRR10556943	exp-2_well-B5_passage-02_subsample-4	exp-2_well-B5_passage-02_subsample-4	exp-2_well-B5_passage-02_subsample-4	NextSeq 500 sequencing: Barcode sequencing of E. coli evolving in antibiotics	Microbe sample from Escherichia coli
SRR10556945	exp-2_well-B5_passage-02_subsample-2	exp-2_well-B5_passage-02_subsample-2	exp-2_well-B5_passage-02_subsample-2	NextSeq 500 sequencing: Barcode sequencing of E. coli evolving in antibiotics	Microbe sample from Escherichia coli
SRR10556946	exp-2_well-B5_passage-02_subsample-1	exp-2_well-B5_passage-02_subsample-1	exp-2_well-B5_passage-02_subsample-1	NextSeq 500 sequencing: Barcode sequencing of E. coli evolving in antibiotics	Microbe sample from Escherichia coli
SRR10556948	exp-2_well-A5_passage-30_subsample-3	exp-2_well-A5_passage-30_subsample-3	exp-2_well-A5_passage-30_subsample-3	NextSeq 500 sequencing: Barcode sequencing of E. coli evolving in antibiotics	Microbe sample from Escherichia coli
SRR10556954	exp-2_well-A5_passage-22_subsample-3	exp-2_well-A5_passage-22_subsample-3	exp-2_well-A5_passage-22_subsample-3	NextSeq 500 sequencing: Barcode sequencing of E. coli evolving in antibiotics	Microbe sample from Escherichia coli
SRR10556955	exp-2_well-A5_passage-22_subsample-2	exp-2_well-A5_passage-22_subsample-2	exp-2_well-A5_passage-22_subsample-2	NextSeq 500 sequencing: Barcode sequencing of E. coli evolving in antibiotics	Microbe sample from Escherichia coli
SRR10556958	exp-2_well-A5_passage-20_subsample-3	exp-2_well-A5_passage-20_subsample-3	exp-2_well-A5_passage-20_subsample-3	NextSeq 500 sequencing: Barcode sequencing of E. coli evolving in antibiotics	Microbe sample from Escherichia coli
SRR10556968	exp-2_well-D9_passage-02_subsample-1	exp-2_well-D9_passage-02_subsample-1	exp-2_well-D9_passage-02_subsample-1	NextSeq 500 sequencing: Barcode sequencing of E. coli evolving in antibiotics	Microbe sample from Escherichia coli
SRR10556971	exp-2_well-F7_passage-30_subsample-2	exp-2_well-F7_passage-30_subsample-2	exp-2_well-F7_passage-30_subsample-2	NextSeq 500 sequencing: Barcode sequencing of E. coli evolving in antibiotics	Microbe sample from Escherichia coli
SRR10556977	exp-2_well-F7_passage-22_subsample-1	exp-2_well-F7_passage-22_subsample-1	exp-2_well-F7_passage-22_subsample-1	NextSeq 500 sequencing: Barcode sequencing of E. coli evolving in antibiotics	Microbe sample from Escherichia coli
SRR10556983	exp-2_well-F7_passage-18_subsample-3	exp-2_well-F7_passage-18_subsample-3	exp-2_well-F7_passage-18_subsample-3	NextSeq 500 sequencing: Barcode sequencing of E. coli evolving in antibiotics	Microbe sample from Escherichia coli
SRR10556985	exp-2_well-F7_passage-18_subsample-2	exp-2_well-F7_passage-18_subsample-2	exp-2_well-F7_passage-18_subsample-2	NextSeq 500 sequencing: Barcode sequencing of E. coli evolving in antibiotics	Microbe sample from Escherichia coli
SRR10556986	exp-2_well-F7_passage-18_subsample-1	exp-2_well-F7_passage-18_subsample-1	exp-2_well-F7_passage-18_subsample-1	NextSeq 500 sequencing: Barcode sequencing of E. coli evolving in antibiotics	Microbe sample from Escherichia coli
SRR10556994	exp-2_well-F7_passage-14_subsample-1	exp-2_well-F7_passage-14_subsample-1	exp-2_well-F7_passage-14_subsample-1	NextSeq 500 sequencing: Barcode sequencing of E. coli evolving in antibiotics	Microbe sample from Escherichia coli
SRR10557009	exp-2_well-C5_passage-06_subsample-4	exp-2_well-C5_passage-06_subsample-4	exp-2_well-C5_passage-06_subsample-4	NextSeq 500 sequencing: Barcode sequencing of E. coli evolving in antibiotics	Microbe sample from Escherichia coli
SRR10557013	exp-2_well-A3_passage-08_subsample-3	exp-2_well-A3_passage-08_subsample-3	exp-2_well-A3_passage-08_subsample-3	NextSeq 500 sequencing: Barcode sequencing of E. coli evolving in antibiotics	Microbe sample from Escherichia coli
SRR10557015	exp-2_well-C5_passage-04_subsample-3	exp-2_well-C5_passage-04_subsample-3	exp-2_well-C5_passage-04_subsample-3	NextSeq 500 sequencing: Barcode sequencing of E. coli evolving in antibiotics	Microbe sample from Escherichia coli
SRR10557031	exp-2_well-A5_passage-16_subsample-3	exp-2_well-A5_passage-16_subsample-3	exp-2_well-A5_passage-16_subsample-3	NextSeq 500 sequencing: Barcode sequencing of E. coli evolving in antibiotics	Microbe sample from Escherichia coli
SRR10557033	exp-2_well-A5_passage-16_subsample-1	exp-2_well-A5_passage-16_subsample-1	exp-2_well-A5_passage-16_subsample-1	NextSeq 500 sequencing: Barcode sequencing of E. coli evolving in antibiotics	Microbe sample from Escherichia coli
SRR10557037	exp-2_well-A5_passage-14_subsample-1	exp-2_well-A5_passage-14_subsample-1	exp-2_well-A5_passage-14_subsample-1	NextSeq 500 sequencing: Barcode sequencing of E. coli evolving in antibiotics	Microbe sample from Escherichia coli
SRR10557040	exp-2_well-A5_passage-12_subsample-3	exp-2_well-A5_passage-12_subsample-3	exp-2_well-A5_passage-12_subsample-3	NextSeq 500 sequencing: Barcode sequencing of E. coli evolving in antibiotics	Microbe sample from Escherichia coli
SRR10557047	exp-2_well-A5_passage-08_subsample-4	exp-2_well-A5_passage-08_subsample-4	exp-2_well-A5_passage-08_subsample-4	NextSeq 500 sequencing: Barcode sequencing of E. coli evolving in antibiotics	Microbe sample from Escherichia coli
SRR10557048	exp-2_well-A5_passage-08_subsample-3	exp-2_well-A5_passage-08_subsample-3	exp-2_well-A5_passage-08_subsample-3	NextSeq 500 sequencing: Barcode sequencing of E. coli evolving in antibiotics	Microbe sample from Escherichia coli
SRR10557066	exp-2_well-E7_passage-20_subsample-2	exp-2_well-E7_passage-20_subsample-2	exp-2_well-E7_passage-20_subsample-2	NextSeq 500 sequencing: Barcode sequencing of E. coli evolving in antibiotics	Microbe sample from Escherichia coli
SRR10557072	exp-2_well-A3_passage-14_subsample-3	exp-2_well-A3_passage-14_subsample-3	exp-2_well-A3_passage-14_subsample-3	NextSeq 500 sequencing: Barcode sequencing of E. coli evolving in antibiotics	Microbe sample from Escherichia coli
SRR10557074	exp-2_well-E7_passage-16_subsample-3	exp-2_well-E7_passage-16_subsample-3	exp-2_well-E7_passage-16_subsample-3	NextSeq 500 sequencing: Barcode sequencing of E. coli evolving in antibiotics	Microbe sample from Escherichia coli
SRR10557078	exp-2_well-E7_passage-14_subsample-3	exp-2_well-E7_passage-14_subsample-3	exp-2_well-E7_passage-14_subsample-3	NextSeq 500 sequencing: Barcode sequencing of E. coli evolving in antibiotics	Microbe sample from Escherichia coli
SRR10557079	exp-2_well-E7_passage-14_subsample-2	exp-2_well-E7_passage-14_subsample-2	exp-2_well-E7_passage-14_subsample-2	NextSeq 500 sequencing: Barcode sequencing of E. coli evolving in antibiotics	Microbe sample from Escherichia coli
SRR10557084	exp-2_well-E7_passage-12_subsample-2	exp-2_well-E7_passage-12_subsample-2	exp-2_well-E7_passage-12_subsample-2	NextSeq 500 sequencing: Barcode sequencing of E. coli evolving in antibiotics	Microbe sample from Escherichia coli
SRR10557087	exp-2_well-E7_passage-10_subsample-3	exp-2_well-E7_passage-10_subsample-3	exp-2_well-E7_passage-10_subsample-3	NextSeq 500 sequencing: Barcode sequencing of E. coli evolving in antibiotics	Microbe sample from Escherichia coli
SRR10557088	exp-2_well-E7_passage-10_subsample-2	exp-2_well-E7_passage-10_subsample-2	exp-2_well-E7_passage-10_subsample-2	NextSeq 500 sequencing: Barcode sequencing of E. coli evolving in antibiotics	Microbe sample from Escherichia coli
SRR10557094	exp-2_well-D7_passage-02_subsample-2	exp-2_well-D7_passage-02_subsample-2	exp-2_well-D7_passage-02_subsample-2	NextSeq 500 sequencing: Barcode sequencing of E. coli evolving in antibiotics	Microbe sample from Escherichia coli
SRR10557097	exp-2_well-all_passage-00_sample-1_subsample-4	exp-2_well-all_passage-00_sample-1_subsample-4	exp-2_well-all_passage-00_sample-1_subsample-4	NextSeq 500 sequencing: Barcode sequencing of E. coli evolving in antibiotics	Microbe sample from Escherichia coli
SRR10557098	exp-2_well-C5_passage-30_subsample-4	exp-2_well-C5_passage-30_subsample-4	exp-2_well-C5_passage-30_subsample-4	NextSeq 500 sequencing: Barcode sequencing of E. coli evolving in antibiotics	Microbe sample from Escherichia coli
SRR10557102	exp-2_well-C5_passage-22_subsample-4	exp-2_well-C5_passage-22_subsample-4	exp-2_well-C5_passage-22_subsample-4	NextSeq 500 sequencing: Barcode sequencing of E. coli evolving in antibiotics	Microbe sample from Escherichia coli
SRR10557103	exp-2_well-C5_passage-22_subsample-3	exp-2_well-C5_passage-22_subsample-3	exp-2_well-C5_passage-22_subsample-3	NextSeq 500 sequencing: Barcode sequencing of E. coli evolving in antibiotics	Microbe sample from Escherichia coli
SRR10557108	exp-2_well-A3_passage-10_subsample-2	exp-2_well-A3_passage-10_subsample-2	exp-2_well-A3_passage-10_subsample-2	NextSeq 500 sequencing: Barcode sequencing of E. coli evolving in antibiotics	Microbe sample from Escherichia coli
SRR10557119	exp-2_well-A3_passage-10_subsample-1	exp-2_well-A3_passage-10_subsample-1	exp-2_well-A3_passage-10_subsample-1	NextSeq 500 sequencing: Barcode sequencing of E. coli evolving in antibiotics	Microbe sample from Escherichia coli
SRR10557120	exp-2_well-C5_passage-14_subsample-4	exp-2_well-C5_passage-14_subsample-4	exp-2_well-C5_passage-14_subsample-4	NextSeq 500 sequencing: Barcode sequencing of E. coli evolving in antibiotics	Microbe sample from Escherichia coli
SRR10557127	exp-2_well-E7_passage-06_subsample-4	exp-2_well-E7_passage-06_subsample-4	exp-2_well-E7_passage-06_subsample-4	NextSeq 500 sequencing: Barcode sequencing of E. coli evolving in antibiotics	Microbe sample from Escherichia coli
SRR10557130	exp-2_well-E7_passage-06_subsample-1	exp-2_well-E7_passage-06_subsample-1	exp-2_well-E7_passage-06_subsample-1	NextSeq 500 sequencing: Barcode sequencing of E. coli evolving in antibiotics	Microbe sample from Escherichia coli
SRR10557132	exp-2_well-E7_passage-04_subsample-3	exp-2_well-E7_passage-04_subsample-3	exp-2_well-E7_passage-04_subsample-3	NextSeq 500 sequencing: Barcode sequencing of E. coli evolving in antibiotics	Microbe sample from Escherichia coli
SRR10557134	exp-2_well-E7_passage-04_subsample-1	exp-2_well-E7_passage-04_subsample-1	exp-2_well-E7_passage-04_subsample-1	NextSeq 500 sequencing: Barcode sequencing of E. coli evolving in antibiotics	Microbe sample from Escherichia coli
SRR10557137	exp-2_well-A3_passage-12_subsample-4	exp-2_well-A3_passage-12_subsample-4	exp-2_well-A3_passage-12_subsample-4	NextSeq 500 sequencing: Barcode sequencing of E. coli evolving in antibiotics	Microbe sample from Escherichia coli
SRR10557141	exp-2_well-D7_passage-30_subsample-3	exp-2_well-D7_passage-30_subsample-3	exp-2_well-D7_passage-30_subsample-3	NextSeq 500 sequencing: Barcode sequencing of E. coli evolving in antibiotics	Microbe sample from Escherichia coli
SRR10557145	exp-2_well-D7_passage-22_subsample-3	exp-2_well-D7_passage-22_subsample-3	exp-2_well-D7_passage-22_subsample-3	NextSeq 500 sequencing: Barcode sequencing of E. coli evolving in antibiotics	Microbe sample from Escherichia coli
SRR10557147	exp-2_well-D7_passage-22_subsample-1	exp-2_well-D7_passage-22_subsample-1	exp-2_well-D7_passage-22_subsample-1	NextSeq 500 sequencing: Barcode sequencing of E. coli evolving in antibiotics	Microbe sample from Escherichia coli
SRR10557148	exp-2_well-A3_passage-12_subsample-3	exp-2_well-A3_passage-12_subsample-3	exp-2_well-A3_passage-12_subsample-3	NextSeq 500 sequencing: Barcode sequencing of E. coli evolving in antibiotics	Microbe sample from Escherichia coli
SRR10557150	exp-2_well-D7_passage-20_subsample-3	exp-2_well-D7_passage-20_subsample-3	exp-2_well-D7_passage-20_subsample-3	NextSeq 500 sequencing: Barcode sequencing of E. coli evolving in antibiotics	Microbe sample from Escherichia coli
SRR10557154	exp-2_well-D7_passage-18_subsample-3	exp-2_well-D7_passage-18_subsample-3	exp-2_well-D7_passage-18_subsample-3	NextSeq 500 sequencing: Barcode sequencing of E. coli evolving in antibiotics	Microbe sample from Escherichia coli
SRR10557156	exp-2_well-D7_passage-18_subsample-1	exp-2_well-D7_passage-18_subsample-1	exp-2_well-D7_passage-18_subsample-1	NextSeq 500 sequencing: Barcode sequencing of E. coli evolving in antibiotics	Microbe sample from Escherichia coli
SRR10557157	exp-2_well-A5_passage-02_subsample-4	exp-2_well-A5_passage-02_subsample-4	exp-2_well-A5_passage-02_subsample-4	NextSeq 500 sequencing: Barcode sequencing of E. coli evolving in antibiotics	Microbe sample from Escherichia coli
SRR10557164	exp-2_well-C3_passage-30_subsample-1	exp-2_well-C3_passage-30_subsample-1	exp-2_well-C3_passage-30_subsample-1	NextSeq 500 sequencing: Barcode sequencing of E. coli evolving in antibiotics	Microbe sample from Escherichia coli
SRR10557168	exp-2_well-C3_passage-22_subsample-2	exp-2_well-C3_passage-22_subsample-2	exp-2_well-C3_passage-22_subsample-2	NextSeq 500 sequencing: Barcode sequencing of E. coli evolving in antibiotics	Microbe sample from Escherichia coli
SRR10557170	exp-2_well-C3_passage-20_subsample-4	exp-2_well-C3_passage-20_subsample-4	exp-2_well-C3_passage-20_subsample-4	NextSeq 500 sequencing: Barcode sequencing of E. coli evolving in antibiotics	Microbe sample from Escherichia coli
SRR10557174	exp-2_well-C3_passage-18_subsample-4	exp-2_well-C3_passage-18_subsample-4	exp-2_well-C3_passage-18_subsample-4	NextSeq 500 sequencing: Barcode sequencing of E. coli evolving in antibiotics	Microbe sample from Escherichia coli
SRR10557178	exp-2_well-A3_passage-02_subsample-3	exp-2_well-A3_passage-02_subsample-3	exp-2_well-A3_passage-02_subsample-3	NextSeq 500 sequencing: Barcode sequencing of E. coli evolving in antibiotics	Microbe sample from Escherichia coli
SRR10557180	exp-2_well-C3_passage-16_subsample-3	exp-2_well-C3_passage-16_subsample-3	exp-2_well-C3_passage-16_subsample-3	NextSeq 500 sequencing: Barcode sequencing of E. coli evolving in antibiotics	Microbe sample from Escherichia coli
SRR10557183	exp-2_well-C3_passage-14_subsample-4	exp-2_well-C3_passage-14_subsample-4	exp-2_well-C3_passage-14_subsample-4	NextSeq 500 sequencing: Barcode sequencing of E. coli evolving in antibiotics	Microbe sample from Escherichia coli
SRR10557187	exp-2_well-C3_passage-12_subsample-4	exp-2_well-C3_passage-12_subsample-4	exp-2_well-C3_passage-12_subsample-4	NextSeq 500 sequencing: Barcode sequencing of E. coli evolving in antibiotics	Microbe sample from Escherichia coli
SRR10557194	exp-2_well-C1_passage-06_subsample-2	exp-2_well-C1_passage-06_subsample-2	exp-2_well-C1_passage-06_subsample-2	NextSeq 500 sequencing: Barcode sequencing of E. coli evolving in antibiotics	Microbe sample from Escherichia coli
SRR10557201	exp-2_well-all_passage-00_sample-2_subsample-4	exp-2_well-all_passage-00_sample-2_subsample-4	exp-2_well-all_passage-00_sample-2_subsample-4	NextSeq 500 sequencing: Barcode sequencing of E. coli evolving in antibiotics	Microbe sample from Escherichia coli
SRR10557212	exp-2_well-B3_passage-06_subsample-2	exp-2_well-B3_passage-06_subsample-2	exp-2_well-B3_passage-06_subsample-2	NextSeq 500 sequencing: Barcode sequencing of E. coli evolving in antibiotics	Microbe sample from Escherichia coli
SRR10557215	exp-2_well-B1_passage-22_subsample-4	exp-2_well-B1_passage-22_subsample-4	exp-2_well-B1_passage-22_subsample-4	NextSeq 500 sequencing: Barcode sequencing of E. coli evolving in antibiotics	Microbe sample from Escherichia coli
SRR10557220	exp-2_well-B1_passage-20_subsample-3	exp-2_well-B1_passage-20_subsample-3	exp-2_well-B1_passage-20_subsample-3	NextSeq 500 sequencing: Barcode sequencing of E. coli evolving in antibiotics	Microbe sample from Escherichia coli
SRR10557225	exp-2_well-B1_passage-18_subsample-3	exp-2_well-B1_passage-18_subsample-3	exp-2_well-B1_passage-18_subsample-3	NextSeq 500 sequencing: Barcode sequencing of E. coli evolving in antibiotics	Microbe sample from Escherichia coli
SRR10557233	exp-2_well-B1_passage-14_subsample-3	exp-2_well-B1_passage-14_subsample-3	exp-2_well-B1_passage-14_subsample-3	NextSeq 500 sequencing: Barcode sequencing of E. coli evolving in antibiotics	Microbe sample from Escherichia coli
SRR10557235	exp-2_well-B1_passage-14_subsample-2	exp-2_well-B1_passage-14_subsample-2	exp-2_well-B1_passage-14_subsample-2	NextSeq 500 sequencing: Barcode sequencing of E. coli evolving in antibiotics	Microbe sample from Escherichia coli
SRR10557237	exp-2_well-B1_passage-12_subsample-4	exp-2_well-B1_passage-12_subsample-4	exp-2_well-B1_passage-12_subsample-4	NextSeq 500 sequencing: Barcode sequencing of E. coli evolving in antibiotics	Microbe sample from Escherichia coli
SRR10557254	exp-2_well-B1_passage-04_subsample-4	exp-2_well-B1_passage-04_subsample-4	exp-2_well-B1_passage-04_subsample-4	NextSeq 500 sequencing: Barcode sequencing of E. coli evolving in antibiotics	Microbe sample from Escherichia coli
SRR10557262	exp-2_well-B3_passage-16_subsample-3	exp-2_well-B3_passage-16_subsample-3	exp-2_well-B3_passage-16_subsample-3	NextSeq 500 sequencing: Barcode sequencing of E. coli evolving in antibiotics	Microbe sample from Escherichia coli
SRR10557274	exp-2_well-all_passage-00_sample-3_subsample-1	exp-2_well-all_passage-00_sample-3_subsample-1	exp-2_well-all_passage-00_sample-3_subsample-1	NextSeq 500 sequencing: Barcode sequencing of E. coli evolving in antibiotics	Microbe sample from Escherichia coli
SRR10557288	exp-2_well-C1_passage-22_subsample-1	exp-2_well-C1_passage-22_subsample-1	exp-2_well-C1_passage-22_subsample-1	NextSeq 500 sequencing: Barcode sequencing of E. coli evolving in antibiotics	Microbe sample from Escherichia coli
SRR10557300	exp-2_well-A1_passage-30_subsample-4	exp-2_well-A1_passage-30_subsample-4	exp-2_well-A1_passage-30_subsample-4	NextSeq 500 sequencing: Barcode sequencing of E. coli evolving in antibiotics	Microbe sample from Escherichia coli
SRR10557301	exp-2_well-A1_passage-30_subsample-3	exp-2_well-A1_passage-30_subsample-3	exp-2_well-A1_passage-30_subsample-3	NextSeq 500 sequencing: Barcode sequencing of E. coli evolving in antibiotics	Microbe sample from Escherichia coli
SRR10557302	exp-2_well-A1_passage-30_subsample-2	exp-2_well-A1_passage-30_subsample-2	exp-2_well-A1_passage-30_subsample-2	NextSeq 500 sequencing: Barcode sequencing of E. coli evolving in antibiotics	Microbe sample from Escherichia coli
SRR10557308	exp-2_well-A1_passage-20_subsample-4	exp-2_well-A1_passage-20_subsample-4	exp-2_well-A1_passage-20_subsample-4	NextSeq 500 sequencing: Barcode sequencing of E. coli evolving in antibiotics	Microbe sample from Escherichia coli
SRR10557309	exp-2_well-A1_passage-20_subsample-3	exp-2_well-A1_passage-20_subsample-3	exp-2_well-A1_passage-20_subsample-3	NextSeq 500 sequencing: Barcode sequencing of E. coli evolving in antibiotics	Microbe sample from Escherichia coli
SRR10557311	exp-2_well-A1_passage-20_subsample-2	exp-2_well-A1_passage-20_subsample-2	exp-2_well-A1_passage-20_subsample-2	NextSeq 500 sequencing: Barcode sequencing of E. coli evolving in antibiotics	Microbe sample from Escherichia coli
SRR10557318	exp-2_well-A1_passage-16_subsample-3	exp-2_well-A1_passage-16_subsample-3	exp-2_well-A1_passage-16_subsample-3	NextSeq 500 sequencing: Barcode sequencing of E. coli evolving in antibiotics	Microbe sample from Escherichia coli
SRR10557330	exp-2_well-A1_passage-10_subsample-4	exp-2_well-A1_passage-10_subsample-4	exp-2_well-A1_passage-10_subsample-4	NextSeq 500 sequencing: Barcode sequencing of E. coli evolving in antibiotics	Microbe sample from Escherichia coli
SRR10557338	exp-2_well-A1_passage-08_subsample-1	exp-2_well-A1_passage-08_subsample-1	exp-2_well-A1_passage-08_subsample-1	NextSeq 500 sequencing: Barcode sequencing of E. coli evolving in antibiotics	Microbe sample from Escherichia coli
SRR10557342	exp-2_well-A1_passage-06_subsample-1	exp-2_well-A1_passage-06_subsample-1	exp-2_well-A1_passage-06_subsample-1	NextSeq 500 sequencing: Barcode sequencing of E. coli evolving in antibiotics	Microbe sample from Escherichia coli
SRR10557345	exp-2_well-A1_passage-04_subsample-4	exp-2_well-A1_passage-04_subsample-4	exp-2_well-A1_passage-04_subsample-4	NextSeq 500 sequencing: Barcode sequencing of E. coli evolving in antibiotics	Microbe sample from Escherichia coli
SRR10557356	exp-2_well-E9_passage-20_subsample-3	exp-2_well-E9_passage-20_subsample-3	exp-2_well-E9_passage-20_subsample-3	NextSeq 500 sequencing: Barcode sequencing of E. coli evolving in antibiotics	Microbe sample from Escherichia coli
SRR10557370	exp-2_well-E9_passage-14_subsample-3	exp-2_well-E9_passage-14_subsample-3	exp-2_well-E9_passage-14_subsample-3	NextSeq 500 sequencing: Barcode sequencing of E. coli evolving in antibiotics	Microbe sample from Escherichia coli
SRR10557371	exp-2_well-E9_passage-14_subsample-2	exp-2_well-E9_passage-14_subsample-2	exp-2_well-E9_passage-14_subsample-2	NextSeq 500 sequencing: Barcode sequencing of E. coli evolving in antibiotics	Microbe sample from Escherichia coli
SRR10557375	exp-2_well-E9_passage-12_subsample-2	exp-2_well-E9_passage-12_subsample-2	exp-2_well-E9_passage-12_subsample-2	NextSeq 500 sequencing: Barcode sequencing of E. coli evolving in antibiotics	Microbe sample from Escherichia coli
SRR10557379	exp-2_well-A3_passage-20_subsample-4	exp-2_well-A3_passage-20_subsample-4	exp-2_well-A3_passage-20_subsample-4	NextSeq 500 sequencing: Barcode sequencing of E. coli evolving in antibiotics	Microbe sample from Escherichia coli
SRR10557380	exp-2_well-E9_passage-10_subsample-2	exp-2_well-E9_passage-10_subsample-2	exp-2_well-E9_passage-10_subsample-2	NextSeq 500 sequencing: Barcode sequencing of E. coli evolving in antibiotics	Microbe sample from Escherichia coli
SRR10557383	exp-2_well-E9_passage-08_subsample-3	exp-2_well-E9_passage-08_subsample-3	exp-2_well-E9_passage-08_subsample-3	NextSeq 500 sequencing: Barcode sequencing of E. coli evolving in antibiotics	Microbe sample from Escherichia coli
SRR10557403	exp-2_well-F7_passage-04_subsample-2	exp-2_well-F7_passage-04_subsample-2	exp-2_well-F7_passage-04_subsample-2	NextSeq 500 sequencing: Barcode sequencing of E. coli evolving in antibiotics	Microbe sample from Escherichia coli
SRR10557410	exp-2_well-F7_passage-02_subsample-1	exp-2_well-F7_passage-02_subsample-1	exp-2_well-F7_passage-02_subsample-1	NextSeq 500 sequencing: Barcode sequencing of E. coli evolving in antibiotics	Microbe sample from Escherichia coli
SRR10557416	exp-2_well-E7_passage-22_subsample-3	exp-2_well-E7_passage-22_subsample-3	exp-2_well-E7_passage-22_subsample-3	NextSeq 500 sequencing: Barcode sequencing of E. coli evolving in antibiotics	Microbe sample from Escherichia coli
SRR10557418	exp-2_well-E9_passage-06_subsample-4	exp-2_well-E9_passage-06_subsample-4	exp-2_well-E9_passage-06_subsample-4	NextSeq 500 sequencing: Barcode sequencing of E. coli evolving in antibiotics	Microbe sample from Escherichia coli
SRR10557420	exp-2_well-E9_passage-06_subsample-2	exp-2_well-E9_passage-06_subsample-2	exp-2_well-E9_passage-06_subsample-2	NextSeq 500 sequencing: Barcode sequencing of E. coli evolving in antibiotics	Microbe sample from Escherichia coli
SRR10557425	exp-2_well-E9_passage-04_subsample-3	exp-2_well-E9_passage-04_subsample-3	exp-2_well-E9_passage-04_subsample-3	NextSeq 500 sequencing: Barcode sequencing of E. coli evolving in antibiotics	Microbe sample from Escherichia coli
SRR10557429	exp-2_well-E9_passage-02_subsample-3	exp-2_well-E9_passage-02_subsample-3	exp-2_well-E9_passage-02_subsample-3	NextSeq 500 sequencing: Barcode sequencing of E. coli evolving in antibiotics	Microbe sample from Escherichia coli
SRR10557432	exp-2_well-D9_passage-30_subsample-4	exp-2_well-D9_passage-30_subsample-4	exp-2_well-D9_passage-30_subsample-4	NextSeq 500 sequencing: Barcode sequencing of E. coli evolving in antibiotics	Microbe sample from Escherichia coli
SRR10557434	exp-2_well-A3_passage-20_subsample-2	exp-2_well-A3_passage-20_subsample-2	exp-2_well-A3_passage-20_subsample-2	NextSeq 500 sequencing: Barcode sequencing of E. coli evolving in antibiotics	Microbe sample from Escherichia coli
SRR10557438	exp-2_well-D9_passage-22_subsample-3	exp-2_well-D9_passage-22_subsample-3	exp-2_well-D9_passage-22_subsample-3	NextSeq 500 sequencing: Barcode sequencing of E. coli evolving in antibiotics	Microbe sample from Escherichia coli
SRR10557440	exp-2_well-D9_passage-22_subsample-1	exp-2_well-D9_passage-22_subsample-1	exp-2_well-D9_passage-22_subsample-1	NextSeq 500 sequencing: Barcode sequencing of E. coli evolving in antibiotics	Microbe sample from Escherichia coli
SRR10557445	exp-2_well-A3_passage-20_subsample-1	exp-2_well-A3_passage-20_subsample-1	exp-2_well-A3_passage-20_subsample-1	NextSeq 500 sequencing: Barcode sequencing of E. coli evolving in antibiotics	Microbe sample from Escherichia coli
SRR10557447	exp-2_well-D9_passage-18_subsample-3	exp-2_well-D9_passage-18_subsample-3	exp-2_well-D9_passage-18_subsample-3	NextSeq 500 sequencing: Barcode sequencing of E. coli evolving in antibiotics	Microbe sample from Escherichia coli
SRR10557452	exp-2_well-D7_passage-16_subsample-2	exp-2_well-D7_passage-16_subsample-2	exp-2_well-D7_passage-16_subsample-2	NextSeq 500 sequencing: Barcode sequencing of E. coli evolving in antibiotics	Microbe sample from Escherichia coli
SRR10557454	exp-2_well-D7_passage-14_subsample-4	exp-2_well-D7_passage-14_subsample-4	exp-2_well-D7_passage-14_subsample-4	NextSeq 500 sequencing: Barcode sequencing of E. coli evolving in antibiotics	Microbe sample from Escherichia coli
SRR10557474	exp-2_well-D7_passage-06_subsample-2	exp-2_well-D7_passage-06_subsample-2	exp-2_well-D7_passage-06_subsample-2	NextSeq 500 sequencing: Barcode sequencing of E. coli evolving in antibiotics	Microbe sample from Escherichia coli
SRR10557479	exp-2_well-D7_passage-04_subsample-1	exp-2_well-D7_passage-04_subsample-1	exp-2_well-D7_passage-04_subsample-1	NextSeq 500 sequencing: Barcode sequencing of E. coli evolving in antibiotics	Microbe sample from Escherichia coli
SRR10557483	exp-2_well-C3_passage-12_subsample-1	exp-2_well-C3_passage-12_subsample-1	exp-2_well-C3_passage-12_subsample-1	NextSeq 500 sequencing: Barcode sequencing of E. coli evolving in antibiotics	Microbe sample from Escherichia coli
SRR10557486	exp-2_well-C3_passage-10_subsample-2	exp-2_well-C3_passage-10_subsample-2	exp-2_well-C3_passage-10_subsample-2	NextSeq 500 sequencing: Barcode sequencing of E. coli evolving in antibiotics	Microbe sample from Escherichia coli
SRR10557487	exp-2_well-C3_passage-10_subsample-1	exp-2_well-C3_passage-10_subsample-1	exp-2_well-C3_passage-10_subsample-1	NextSeq 500 sequencing: Barcode sequencing of E. coli evolving in antibiotics	Microbe sample from Escherichia coli
SRR10557488	exp-2_well-C3_passage-08_subsample-4	exp-2_well-C3_passage-08_subsample-4	exp-2_well-C3_passage-08_subsample-4	NextSeq 500 sequencing: Barcode sequencing of E. coli evolving in antibiotics	Microbe sample from Escherichia coli
SRR10557496	exp-2_well-C3_passage-06_subsample-1	exp-2_well-C3_passage-06_subsample-1	exp-2_well-C3_passage-06_subsample-1	NextSeq 500 sequencing: Barcode sequencing of E. coli evolving in antibiotics	Microbe sample from Escherichia coli
SRR10557500	exp-2_well-C3_passage-04_subsample-1	exp-2_well-C3_passage-04_subsample-1	exp-2_well-C3_passage-04_subsample-1	NextSeq 500 sequencing: Barcode sequencing of E. coli evolving in antibiotics	Microbe sample from Escherichia coli
SRR10557507	exp-2_well-B3_passage-30_subsample-3	exp-2_well-B3_passage-30_subsample-3	exp-2_well-B3_passage-30_subsample-3	NextSeq 500 sequencing: Barcode sequencing of E. coli evolving in antibiotics	Microbe sample from Escherichia coli
SRR10557512	exp-2_well-B3_passage-22_subsample-2	exp-2_well-B3_passage-22_subsample-2	exp-2_well-B3_passage-22_subsample-2	NextSeq 500 sequencing: Barcode sequencing of E. coli evolving in antibiotics	Microbe sample from Escherichia coli
SRR10557517	exp-2_well-F9_passage-10_subsample-4	exp-2_well-F9_passage-10_subsample-4	exp-2_well-F9_passage-10_subsample-4	NextSeq 500 sequencing: Barcode sequencing of E. coli evolving in antibiotics	Microbe sample from Escherichia coli
SRR10557521	exp-2_well-F9_passage-08_subsample-4	exp-2_well-F9_passage-08_subsample-4	exp-2_well-F9_passage-08_subsample-4	NextSeq 500 sequencing: Barcode sequencing of E. coli evolving in antibiotics	Microbe sample from Escherichia coli
SRR10557527	exp-2_well-A3_passage-22_subsample-4	exp-2_well-A3_passage-22_subsample-4	exp-2_well-A3_passage-22_subsample-4	NextSeq 500 sequencing: Barcode sequencing of E. coli evolving in antibiotics	Microbe sample from Escherichia coli
SRR10557529	exp-2_well-F9_passage-06_subsample-1	exp-2_well-F9_passage-06_subsample-1	exp-2_well-F9_passage-06_subsample-1	NextSeq 500 sequencing: Barcode sequencing of E. coli evolving in antibiotics	Microbe sample from Escherichia coli
SRR10557536	exp-2_well-F9_passage-02_subsample-2	exp-2_well-F9_passage-02_subsample-2	exp-2_well-F9_passage-02_subsample-2	NextSeq 500 sequencing: Barcode sequencing of E. coli evolving in antibiotics	Microbe sample from Escherichia coli
SRR10557538	exp-2_well-A3_passage-22_subsample-3	exp-2_well-A3_passage-22_subsample-3	exp-2_well-A3_passage-22_subsample-3	NextSeq 500 sequencing: Barcode sequencing of E. coli evolving in antibiotics	Microbe sample from Escherichia coli
SRR10557545	exp-2_well-B3_passage-22_subsample-1	exp-2_well-B3_passage-22_subsample-1	exp-2_well-B3_passage-22_subsample-1	NextSeq 500 sequencing: Barcode sequencing of E. coli evolving in antibiotics	Microbe sample from Escherichia coli
SRR10557549	exp-2_well-B5_passage-22_subsample-2	exp-2_well-B5_passage-22_subsample-2	exp-2_well-B5_passage-22_subsample-2	NextSeq 500 sequencing: Barcode sequencing of E. coli evolving in antibiotics	Microbe sample from Escherichia coli
SRR10557559	exp-2_well-B5_passage-18_subsample-1	exp-2_well-B5_passage-18_subsample-1	exp-2_well-B5_passage-18_subsample-1	NextSeq 500 sequencing: Barcode sequencing of E. coli evolving in antibiotics	Microbe sample from Escherichia coli
SRR10557560	exp-2_well-B5_passage-16_subsample-4	exp-2_well-B5_passage-16_subsample-4	exp-2_well-B5_passage-16_subsample-4	NextSeq 500 sequencing: Barcode sequencing of E. coli evolving in antibiotics	Microbe sample from Escherichia coli
SRR10557561	exp-2_well-B5_passage-16_subsample-3	exp-2_well-B5_passage-16_subsample-3	exp-2_well-B5_passage-16_subsample-3	NextSeq 500 sequencing: Barcode sequencing of E. coli evolving in antibiotics	Microbe sample from Escherichia coli
SRR10557571	exp-2_well-B5_passage-12_subsample-2	exp-2_well-B5_passage-12_subsample-2	exp-2_well-B5_passage-12_subsample-2	NextSeq 500 sequencing: Barcode sequencing of E. coli evolving in antibiotics	Microbe sample from Escherichia coli
SRR10557572	exp-2_well-B5_passage-12_subsample-1	exp-2_well-B5_passage-12_subsample-1	exp-2_well-B5_passage-12_subsample-1	NextSeq 500 sequencing: Barcode sequencing of E. coli evolving in antibiotics	Microbe sample from Escherichia coli
SRR10557575	exp-2_well-B5_passage-10_subsample-2	exp-2_well-B5_passage-10_subsample-2	exp-2_well-B5_passage-10_subsample-2	NextSeq 500 sequencing: Barcode sequencing of E. coli evolving in antibiotics	Microbe sample from Escherichia coli
SRR10557577	exp-2_well-A3_passage-06_subsample-3	exp-2_well-A3_passage-06_subsample-3	exp-2_well-A3_passage-06_subsample-3	NextSeq 500 sequencing: Barcode sequencing of E. coli evolving in antibiotics	Microbe sample from Escherichia coli
SRR10557585	exp-2_well-C1_passage-18_subsample-4	exp-2_well-C1_passage-18_subsample-4	exp-2_well-C1_passage-18_subsample-4	NextSeq 500 sequencing: Barcode sequencing of E. coli evolving in antibiotics	Microbe sample from Escherichia coli
SRR10557593	exp-2_well-C1_passage-16_subsample-1	exp-2_well-C1_passage-16_subsample-1	exp-2_well-C1_passage-16_subsample-1	NextSeq 500 sequencing: Barcode sequencing of E. coli evolving in antibiotics	Microbe sample from Escherichia coli
SRR10557606	exp-2_well-C1_passage-10_subsample-1	exp-2_well-C1_passage-10_subsample-1	exp-2_well-C1_passage-10_subsample-1	NextSeq 500 sequencing: Barcode sequencing of E. coli evolving in antibiotics	Microbe sample from Escherichia coli
SRR10557611	exp-2_well-C1_passage-08_subsample-1	exp-2_well-C1_passage-08_subsample-1	exp-2_well-C1_passage-08_subsample-1	NextSeq 500 sequencing: Barcode sequencing of E. coli evolving in antibiotics	Microbe sample from Escherichia coli
SRR10556883	exp-2_well-F9_passage-20_subsample-4	exp-2_well-F9_passage-20_subsample-4	exp-2_well-F9_passage-20_subsample-4	NextSeq 500 sequencing: Barcode sequencing of E. coli evolving in antibiotics	Microbe sample from Escherichia coli
SRR10556885	exp-2_well-F9_passage-20_subsample-2	exp-2_well-F9_passage-20_subsample-2	exp-2_well-F9_passage-20_subsample-2	NextSeq 500 sequencing: Barcode sequencing of E. coli evolving in antibiotics	Microbe sample from Escherichia coli
SRR10556889	exp-2_well-F9_passage-18_subsample-2	exp-2_well-F9_passage-18_subsample-2	exp-2_well-F9_passage-18_subsample-2	NextSeq 500 sequencing: Barcode sequencing of E. coli evolving in antibiotics	Microbe sample from Escherichia coli
SRR10556890	exp-2_well-F9_passage-18_subsample-1	exp-2_well-F9_passage-18_subsample-1	exp-2_well-F9_passage-18_subsample-1	NextSeq 500 sequencing: Barcode sequencing of E. coli evolving in antibiotics	Microbe sample from Escherichia coli
SRR10556892	exp-2_well-F9_passage-16_subsample-3	exp-2_well-F9_passage-16_subsample-3	exp-2_well-F9_passage-16_subsample-3	NextSeq 500 sequencing: Barcode sequencing of E. coli evolving in antibiotics	Microbe sample from Escherichia coli
SRR10556896	exp-2_well-F9_passage-14_subsample-4	exp-2_well-F9_passage-14_subsample-4	exp-2_well-F9_passage-14_subsample-4	NextSeq 500 sequencing: Barcode sequencing of E. coli evolving in antibiotics	Microbe sample from Escherichia coli
SRR10556898	exp-2_well-F9_passage-14_subsample-2	exp-2_well-F9_passage-14_subsample-2	exp-2_well-F9_passage-14_subsample-2	NextSeq 500 sequencing: Barcode sequencing of E. coli evolving in antibiotics	Microbe sample from Escherichia coli
SRR10556910	exp-2_well-D9_passage-14_subsample-1	exp-2_well-D9_passage-14_subsample-1	exp-2_well-D9_passage-14_subsample-1	NextSeq 500 sequencing: Barcode sequencing of E. coli evolving in antibiotics	Microbe sample from Escherichia coli
SRR10556916	exp-2_well-D9_passage-10_subsample-3	exp-2_well-D9_passage-10_subsample-3	exp-2_well-D9_passage-10_subsample-3	NextSeq 500 sequencing: Barcode sequencing of E. coli evolving in antibiotics	Microbe sample from Escherichia coli
SRR10556921	exp-2_well-D9_passage-08_subsample-3	exp-2_well-D9_passage-08_subsample-3	exp-2_well-D9_passage-08_subsample-3	NextSeq 500 sequencing: Barcode sequencing of E. coli evolving in antibiotics	Microbe sample from Escherichia coli
SRR10556927	exp-2_well-D9_passage-06_subsample-1	exp-2_well-D9_passage-06_subsample-1	exp-2_well-D9_passage-06_subsample-1	NextSeq 500 sequencing: Barcode sequencing of E. coli evolving in antibiotics	Microbe sample from Escherichia coli
SRR10556928	exp-2_well-D9_passage-04_subsample-4	exp-2_well-D9_passage-04_subsample-4	exp-2_well-D9_passage-04_subsample-4	NextSeq 500 sequencing: Barcode sequencing of E. coli evolving in antibiotics	Microbe sample from Escherichia coli
SRR10556939	exp-2_well-B5_passage-04_subsample-3	exp-2_well-B5_passage-04_subsample-3	exp-2_well-B5_passage-04_subsample-3	NextSeq 500 sequencing: Barcode sequencing of E. coli evolving in antibiotics	Microbe sample from Escherichia coli
SRR10556947	exp-2_well-A5_passage-30_subsample-4	exp-2_well-A5_passage-30_subsample-4	exp-2_well-A5_passage-30_subsample-4	NextSeq 500 sequencing: Barcode sequencing of E. coli evolving in antibiotics	Microbe sample from Escherichia coli
SRR10556949	exp-2_well-A5_passage-30_subsample-2	exp-2_well-A5_passage-30_subsample-2	exp-2_well-A5_passage-30_subsample-2	NextSeq 500 sequencing: Barcode sequencing of E. coli evolving in antibiotics	Microbe sample from Escherichia coli
SRR10556952	exp-2_well-all_passage-00_sample-1_subsample-3	exp-2_well-all_passage-00_sample-1_subsample-3	exp-2_well-all_passage-00_sample-1_subsample-3	NextSeq 500 sequencing: Barcode sequencing of E. coli evolving in antibiotics	Microbe sample from Escherichia coli
SRR10556959	exp-2_well-A5_passage-20_subsample-2	exp-2_well-A5_passage-20_subsample-2	exp-2_well-A5_passage-20_subsample-2	NextSeq 500 sequencing: Barcode sequencing of E. coli evolving in antibiotics	Microbe sample from Escherichia coli
SRR10556960	exp-2_well-A5_passage-20_subsample-1	exp-2_well-A5_passage-20_subsample-1	exp-2_well-A5_passage-20_subsample-1	NextSeq 500 sequencing: Barcode sequencing of E. coli evolving in antibiotics	Microbe sample from Escherichia coli
SRR10556966	exp-2_well-D9_passage-02_subsample-3	exp-2_well-D9_passage-02_subsample-3	exp-2_well-D9_passage-02_subsample-3	NextSeq 500 sequencing: Barcode sequencing of E. coli evolving in antibiotics	Microbe sample from Escherichia coli
SRR10556970	exp-2_well-F7_passage-30_subsample-3	exp-2_well-F7_passage-30_subsample-3	exp-2_well-F7_passage-30_subsample-3	NextSeq 500 sequencing: Barcode sequencing of E. coli evolving in antibiotics	Microbe sample from Escherichia coli
SRR10556973	exp-2_well-A3_passage-18_subsample-1	exp-2_well-A3_passage-18_subsample-1	exp-2_well-A3_passage-18_subsample-1	NextSeq 500 sequencing: Barcode sequencing of E. coli evolving in antibiotics	Microbe sample from Escherichia coli
SRR10556979	exp-2_well-F7_passage-20_subsample-3	exp-2_well-F7_passage-20_subsample-3	exp-2_well-F7_passage-20_subsample-3	NextSeq 500 sequencing: Barcode sequencing of E. coli evolving in antibiotics	Microbe sample from Escherichia coli
SRR10556995	exp-2_well-A3_passage-16_subsample-3	exp-2_well-A3_passage-16_subsample-3	exp-2_well-A3_passage-16_subsample-3	NextSeq 500 sequencing: Barcode sequencing of E. coli evolving in antibiotics	Microbe sample from Escherichia coli
SRR10557001	exp-2_well-C5_passage-10_subsample-3	exp-2_well-C5_passage-10_subsample-3	exp-2_well-C5_passage-10_subsample-3	NextSeq 500 sequencing: Barcode sequencing of E. coli evolving in antibiotics	Microbe sample from Escherichia coli
SRR10557006	exp-2_well-C5_passage-08_subsample-3	exp-2_well-C5_passage-08_subsample-3	exp-2_well-C5_passage-08_subsample-3	NextSeq 500 sequencing: Barcode sequencing of E. coli evolving in antibiotics	Microbe sample from Escherichia coli
SRR10557029	exp-2_well-A5_passage-18_subsample-1	exp-2_well-A5_passage-18_subsample-1	exp-2_well-A5_passage-18_subsample-1	NextSeq 500 sequencing: Barcode sequencing of E. coli evolving in antibiotics	Microbe sample from Escherichia coli
SRR10557030	exp-2_well-A5_passage-16_subsample-4	exp-2_well-A5_passage-16_subsample-4	exp-2_well-A5_passage-16_subsample-4	NextSeq 500 sequencing: Barcode sequencing of E. coli evolving in antibiotics	Microbe sample from Escherichia coli
SRR10557046	exp-2_well-A5_passage-10_subsample-1	exp-2_well-A5_passage-10_subsample-1	exp-2_well-A5_passage-10_subsample-1	NextSeq 500 sequencing: Barcode sequencing of E. coli evolving in antibiotics	Microbe sample from Escherichia coli
SRR10557055	exp-2_well-A5_passage-06_subsample-1	exp-2_well-A5_passage-06_subsample-1	exp-2_well-A5_passage-06_subsample-1	NextSeq 500 sequencing: Barcode sequencing of E. coli evolving in antibiotics	Microbe sample from Escherichia coli
SRR10557062	exp-2_well-E7_passage-22_subsample-2	exp-2_well-E7_passage-22_subsample-2	exp-2_well-E7_passage-22_subsample-2	NextSeq 500 sequencing: Barcode sequencing of E. coli evolving in antibiotics	Microbe sample from Escherichia coli
SRR10557071	exp-2_well-E7_passage-18_subsample-1	exp-2_well-E7_passage-18_subsample-1	exp-2_well-E7_passage-18_subsample-1	NextSeq 500 sequencing: Barcode sequencing of E. coli evolving in antibiotics	Microbe sample from Escherichia coli
SRR10557077	exp-2_well-E7_passage-14_subsample-4	exp-2_well-E7_passage-14_subsample-4	exp-2_well-E7_passage-14_subsample-4	NextSeq 500 sequencing: Barcode sequencing of E. coli evolving in antibiotics	Microbe sample from Escherichia coli
SRR10557083	exp-2_well-A3_passage-14_subsample-2	exp-2_well-A3_passage-14_subsample-2	exp-2_well-A3_passage-14_subsample-2	NextSeq 500 sequencing: Barcode sequencing of E. coli evolving in antibiotics	Microbe sample from Escherichia coli
SRR10557089	exp-2_well-E7_passage-10_subsample-1	exp-2_well-E7_passage-10_subsample-1	exp-2_well-E7_passage-10_subsample-1	NextSeq 500 sequencing: Barcode sequencing of E. coli evolving in antibiotics	Microbe sample from Escherichia coli
SRR10557107	exp-2_well-C5_passage-20_subsample-3	exp-2_well-C5_passage-20_subsample-3	exp-2_well-C5_passage-20_subsample-3	NextSeq 500 sequencing: Barcode sequencing of E. coli evolving in antibiotics	Microbe sample from Escherichia coli
SRR10557121	exp-2_well-C5_passage-14_subsample-3	exp-2_well-C5_passage-14_subsample-3	exp-2_well-C5_passage-14_subsample-3	NextSeq 500 sequencing: Barcode sequencing of E. coli evolving in antibiotics	Microbe sample from Escherichia coli
SRR10557129	exp-2_well-E7_passage-06_subsample-2	exp-2_well-E7_passage-06_subsample-2	exp-2_well-E7_passage-06_subsample-2	NextSeq 500 sequencing: Barcode sequencing of E. coli evolving in antibiotics	Microbe sample from Escherichia coli
SRR10557131	exp-2_well-E7_passage-04_subsample-4	exp-2_well-E7_passage-04_subsample-4	exp-2_well-E7_passage-04_subsample-4	NextSeq 500 sequencing: Barcode sequencing of E. coli evolving in antibiotics	Microbe sample from Escherichia coli
SRR10557135	exp-2_well-E7_passage-02_subsample-4	exp-2_well-E7_passage-02_subsample-4	exp-2_well-E7_passage-02_subsample-4	NextSeq 500 sequencing: Barcode sequencing of E. coli evolving in antibiotics	Microbe sample from Escherichia coli
SRR10557138	exp-2_well-E7_passage-02_subsample-2	exp-2_well-E7_passage-02_subsample-2	exp-2_well-E7_passage-02_subsample-2	NextSeq 500 sequencing: Barcode sequencing of E. coli evolving in antibiotics	Microbe sample from Escherichia coli
SRR10557142	exp-2_well-D7_passage-30_subsample-2	exp-2_well-D7_passage-30_subsample-2	exp-2_well-D7_passage-30_subsample-2	NextSeq 500 sequencing: Barcode sequencing of E. coli evolving in antibiotics	Microbe sample from Escherichia coli
SRR10557146	exp-2_well-D7_passage-22_subsample-2	exp-2_well-D7_passage-22_subsample-2	exp-2_well-D7_passage-22_subsample-2	NextSeq 500 sequencing: Barcode sequencing of E. coli evolving in antibiotics	Microbe sample from Escherichia coli
SRR10557152	exp-2_well-D7_passage-20_subsample-1	exp-2_well-D7_passage-20_subsample-1	exp-2_well-D7_passage-20_subsample-1	NextSeq 500 sequencing: Barcode sequencing of E. coli evolving in antibiotics	Microbe sample from Escherichia coli
SRR10557158	exp-2_well-A5_passage-02_subsample-3	exp-2_well-A5_passage-02_subsample-3	exp-2_well-A5_passage-02_subsample-3	NextSeq 500 sequencing: Barcode sequencing of E. coli evolving in antibiotics	Microbe sample from Escherichia coli
SRR10557161	exp-2_well-C3_passage-30_subsample-4	exp-2_well-C3_passage-30_subsample-4	exp-2_well-C3_passage-30_subsample-4	NextSeq 500 sequencing: Barcode sequencing of E. coli evolving in antibiotics	Microbe sample from Escherichia coli
SRR10557166	exp-2_well-C3_passage-22_subsample-3	exp-2_well-C3_passage-22_subsample-3	exp-2_well-C3_passage-22_subsample-3	NextSeq 500 sequencing: Barcode sequencing of E. coli evolving in antibiotics	Microbe sample from Escherichia coli
SRR10557172	exp-2_well-C3_passage-20_subsample-2	exp-2_well-C3_passage-20_subsample-2	exp-2_well-C3_passage-20_subsample-2	NextSeq 500 sequencing: Barcode sequencing of E. coli evolving in antibiotics	Microbe sample from Escherichia coli
SRR10557177	exp-2_well-C3_passage-18_subsample-1	exp-2_well-C3_passage-18_subsample-1	exp-2_well-C3_passage-18_subsample-1	NextSeq 500 sequencing: Barcode sequencing of E. coli evolving in antibiotics	Microbe sample from Escherichia coli
SRR10557179	exp-2_well-C3_passage-16_subsample-4	exp-2_well-C3_passage-16_subsample-4	exp-2_well-C3_passage-16_subsample-4	NextSeq 500 sequencing: Barcode sequencing of E. coli evolving in antibiotics	Microbe sample from Escherichia coli
SRR10557181	exp-2_well-C3_passage-16_subsample-2	exp-2_well-C3_passage-16_subsample-2	exp-2_well-C3_passage-16_subsample-2	NextSeq 500 sequencing: Barcode sequencing of E. coli evolving in antibiotics	Microbe sample from Escherichia coli
SRR10557188	exp-2_well-C3_passage-12_subsample-3	exp-2_well-C3_passage-12_subsample-3	exp-2_well-C3_passage-12_subsample-3	NextSeq 500 sequencing: Barcode sequencing of E. coli evolving in antibiotics	Microbe sample from Escherichia coli
SRR10557189	exp-2_well-B3_passage-20_subsample-4	exp-2_well-B3_passage-20_subsample-4	exp-2_well-B3_passage-20_subsample-4	NextSeq 500 sequencing: Barcode sequencing of E. coli evolving in antibiotics	Microbe sample from Escherichia coli
SRR10557191	exp-2_well-B3_passage-20_subsample-2	exp-2_well-B3_passage-20_subsample-2	exp-2_well-B3_passage-20_subsample-2	NextSeq 500 sequencing: Barcode sequencing of E. coli evolving in antibiotics	Microbe sample from Escherichia coli
SRR10557198	exp-2_well-C1_passage-04_subsample-2	exp-2_well-C1_passage-04_subsample-2	exp-2_well-C1_passage-04_subsample-2	NextSeq 500 sequencing: Barcode sequencing of E. coli evolving in antibiotics	Microbe sample from Escherichia coli
SRR10557199	exp-2_well-C1_passage-04_subsample-1	exp-2_well-C1_passage-04_subsample-1	exp-2_well-C1_passage-04_subsample-1	NextSeq 500 sequencing: Barcode sequencing of E. coli evolving in antibiotics	Microbe sample from Escherichia coli
SRR10557200	exp-2_well-B3_passage-06_subsample-3	exp-2_well-B3_passage-06_subsample-3	exp-2_well-B3_passage-06_subsample-3	NextSeq 500 sequencing: Barcode sequencing of E. coli evolving in antibiotics	Microbe sample from Escherichia coli
SRR10557205	exp-2_well-C1_passage-02_subsample-1	exp-2_well-C1_passage-02_subsample-1	exp-2_well-C1_passage-02_subsample-1	NextSeq 500 sequencing: Barcode sequencing of E. coli evolving in antibiotics	Microbe sample from Escherichia coli
SRR10557207	exp-2_well-C1_passage-01_subsample-3	exp-2_well-C1_passage-01_subsample-3	exp-2_well-C1_passage-01_subsample-3	NextSeq 500 sequencing: Barcode sequencing of E. coli evolving in antibiotics	Microbe sample from Escherichia coli
SRR10557216	exp-2_well-B1_passage-22_subsample-3	exp-2_well-B1_passage-22_subsample-3	exp-2_well-B1_passage-22_subsample-3	NextSeq 500 sequencing: Barcode sequencing of E. coli evolving in antibiotics	Microbe sample from Escherichia coli
SRR10557217	exp-2_well-B1_passage-22_subsample-2	exp-2_well-B1_passage-22_subsample-2	exp-2_well-B1_passage-22_subsample-2	NextSeq 500 sequencing: Barcode sequencing of E. coli evolving in antibiotics	Microbe sample from Escherichia coli
SRR10557226	exp-2_well-B1_passage-18_subsample-2	exp-2_well-B1_passage-18_subsample-2	exp-2_well-B1_passage-18_subsample-2	NextSeq 500 sequencing: Barcode sequencing of E. coli evolving in antibiotics	Microbe sample from Escherichia coli
SRR10557230	exp-2_well-B1_passage-16_subsample-2	exp-2_well-B1_passage-16_subsample-2	exp-2_well-B1_passage-16_subsample-2	NextSeq 500 sequencing: Barcode sequencing of E. coli evolving in antibiotics	Microbe sample from Escherichia coli
SRR10557244	exp-2_well-B1_passage-10_subsample-1	exp-2_well-B1_passage-10_subsample-1	exp-2_well-B1_passage-10_subsample-1	NextSeq 500 sequencing: Barcode sequencing of E. coli evolving in antibiotics	Microbe sample from Escherichia coli
SRR10557245	exp-2_well-B3_passage-04_subsample-3	exp-2_well-B3_passage-04_subsample-3	exp-2_well-B3_passage-04_subsample-3	NextSeq 500 sequencing: Barcode sequencing of E. coli evolving in antibiotics	Microbe sample from Escherichia coli
SRR10557249	exp-2_well-B1_passage-08_subsample-1	exp-2_well-B1_passage-08_subsample-1	exp-2_well-B1_passage-08_subsample-1	NextSeq 500 sequencing: Barcode sequencing of E. coli evolving in antibiotics	Microbe sample from Escherichia coli
SRR10557253	exp-2_well-B1_passage-06_subsample-1	exp-2_well-B1_passage-06_subsample-1	exp-2_well-B1_passage-06_subsample-1	NextSeq 500 sequencing: Barcode sequencing of E. coli evolving in antibiotics	Microbe sample from Escherichia coli
SRR10557268	exp-2_well-B3_passage-14_subsample-2	exp-2_well-B3_passage-14_subsample-2	exp-2_well-B3_passage-14_subsample-2	NextSeq 500 sequencing: Barcode sequencing of E. coli evolving in antibiotics	Microbe sample from Escherichia coli
SRR10557276	exp-2_well-B3_passage-10_subsample-3	exp-2_well-B3_passage-10_subsample-3	exp-2_well-B3_passage-10_subsample-3	NextSeq 500 sequencing: Barcode sequencing of E. coli evolving in antibiotics	Microbe sample from Escherichia coli
SRR10557280	exp-2_well-C1_passage-30_subsample-4	exp-2_well-C1_passage-30_subsample-4	exp-2_well-C1_passage-30_subsample-4	NextSeq 500 sequencing: Barcode sequencing of E. coli evolving in antibiotics	Microbe sample from Escherichia coli
SRR10557284	exp-2_well-B3_passage-08_subsample-3	exp-2_well-B3_passage-08_subsample-3	exp-2_well-B3_passage-08_subsample-3	NextSeq 500 sequencing: Barcode sequencing of E. coli evolving in antibiotics	Microbe sample from Escherichia coli
SRR10557289	exp-2_well-B1_passage-04_subsample-2	exp-2_well-B1_passage-04_subsample-2	exp-2_well-B1_passage-04_subsample-2	NextSeq 500 sequencing: Barcode sequencing of E. coli evolving in antibiotics	Microbe sample from Escherichia coli
SRR10557298	exp-2_well-B1_passage-01_subsample-1	exp-2_well-B1_passage-01_subsample-1	exp-2_well-B1_passage-01_subsample-1	NextSeq 500 sequencing: Barcode sequencing of E. coli evolving in antibiotics	Microbe sample from Escherichia coli
SRR10557303	exp-2_well-A1_passage-30_subsample-1	exp-2_well-A1_passage-30_subsample-1	exp-2_well-A1_passage-30_subsample-1	NextSeq 500 sequencing: Barcode sequencing of E. coli evolving in antibiotics	Microbe sample from Escherichia coli
SRR10557304	exp-2_well-A1_passage-22_subsample-4	exp-2_well-A1_passage-22_subsample-4	exp-2_well-A1_passage-22_subsample-4	NextSeq 500 sequencing: Barcode sequencing of E. coli evolving in antibiotics	Microbe sample from Escherichia coli
SRR10557305	exp-2_well-A1_passage-22_subsample-3	exp-2_well-A1_passage-22_subsample-3	exp-2_well-A1_passage-22_subsample-3	NextSeq 500 sequencing: Barcode sequencing of E. coli evolving in antibiotics	Microbe sample from Escherichia coli
SRR10557307	exp-2_well-A1_passage-22_subsample-1	exp-2_well-A1_passage-22_subsample-1	exp-2_well-A1_passage-22_subsample-1	NextSeq 500 sequencing: Barcode sequencing of E. coli evolving in antibiotics	Microbe sample from Escherichia coli
SRR10557312	exp-2_well-A1_passage-20_subsample-1	exp-2_well-A1_passage-20_subsample-1	exp-2_well-A1_passage-20_subsample-1	NextSeq 500 sequencing: Barcode sequencing of E. coli evolving in antibiotics	Microbe sample from Escherichia coli
SRR10557313	exp-2_well-A1_passage-18_subsample-4	exp-2_well-A1_passage-18_subsample-4	exp-2_well-A1_passage-18_subsample-4	NextSeq 500 sequencing: Barcode sequencing of E. coli evolving in antibiotics	Microbe sample from Escherichia coli
SRR10557325	exp-2_well-A1_passage-14_subsample-1	exp-2_well-A1_passage-14_subsample-1	exp-2_well-A1_passage-14_subsample-1	NextSeq 500 sequencing: Barcode sequencing of E. coli evolving in antibiotics	Microbe sample from Escherichia coli
SRR10557327	exp-2_well-A1_passage-12_subsample-3	exp-2_well-A1_passage-12_subsample-3	exp-2_well-A1_passage-12_subsample-3	NextSeq 500 sequencing: Barcode sequencing of E. coli evolving in antibiotics	Microbe sample from Escherichia coli
SRR10557331	exp-2_well-A1_passage-10_subsample-3	exp-2_well-A1_passage-10_subsample-3	exp-2_well-A1_passage-10_subsample-3	NextSeq 500 sequencing: Barcode sequencing of E. coli evolving in antibiotics	Microbe sample from Escherichia coli
SRR10557334	exp-2_well-A1_passage-10_subsample-1	exp-2_well-A1_passage-10_subsample-1	exp-2_well-A1_passage-10_subsample-1	NextSeq 500 sequencing: Barcode sequencing of E. coli evolving in antibiotics	Microbe sample from Escherichia coli
SRR10557336	exp-2_well-A1_passage-08_subsample-3	exp-2_well-A1_passage-08_subsample-3	exp-2_well-A1_passage-08_subsample-3	NextSeq 500 sequencing: Barcode sequencing of E. coli evolving in antibiotics	Microbe sample from Escherichia coli
SRR10557337	exp-2_well-A1_passage-08_subsample-2	exp-2_well-A1_passage-08_subsample-2	exp-2_well-A1_passage-08_subsample-2	NextSeq 500 sequencing: Barcode sequencing of E. coli evolving in antibiotics	Microbe sample from Escherichia coli
SRR10557339	exp-2_well-A1_passage-06_subsample-4	exp-2_well-A1_passage-06_subsample-4	exp-2_well-A1_passage-06_subsample-4	NextSeq 500 sequencing: Barcode sequencing of E. coli evolving in antibiotics	Microbe sample from Escherichia coli
SRR10557341	exp-2_well-A1_passage-06_subsample-2	exp-2_well-A1_passage-06_subsample-2	exp-2_well-A1_passage-06_subsample-2	NextSeq 500 sequencing: Barcode sequencing of E. coli evolving in antibiotics	Microbe sample from Escherichia coli
SRR10557349	exp-2_well-A1_passage-02_subsample-4	exp-2_well-A1_passage-02_subsample-4	exp-2_well-A1_passage-02_subsample-4	NextSeq 500 sequencing: Barcode sequencing of E. coli evolving in antibiotics	Microbe sample from Escherichia coli
SRR10557351	exp-2_well-A1_passage-02_subsample-2	exp-2_well-A1_passage-02_subsample-2	exp-2_well-A1_passage-02_subsample-2	NextSeq 500 sequencing: Barcode sequencing of E. coli evolving in antibiotics	Microbe sample from Escherichia coli
SRR10557353	exp-2_well-E9_passage-22_subsample-2	exp-2_well-E9_passage-22_subsample-2	exp-2_well-E9_passage-22_subsample-2	NextSeq 500 sequencing: Barcode sequencing of E. coli evolving in antibiotics	Microbe sample from Escherichia coli
SRR10557355	exp-2_well-E9_passage-20_subsample-4	exp-2_well-E9_passage-20_subsample-4	exp-2_well-E9_passage-20_subsample-4	NextSeq 500 sequencing: Barcode sequencing of E. coli evolving in antibiotics	Microbe sample from Escherichia coli
SRR10557360	exp-2_well-E9_passage-18_subsample-4	exp-2_well-E9_passage-18_subsample-4	exp-2_well-E9_passage-18_subsample-4	NextSeq 500 sequencing: Barcode sequencing of E. coli evolving in antibiotics	Microbe sample from Escherichia coli
SRR10557362	exp-2_well-E9_passage-18_subsample-2	exp-2_well-E9_passage-18_subsample-2	exp-2_well-E9_passage-18_subsample-2	NextSeq 500 sequencing: Barcode sequencing of E. coli evolving in antibiotics	Microbe sample from Escherichia coli
SRR10557363	exp-2_well-E9_passage-18_subsample-1	exp-2_well-E9_passage-18_subsample-1	exp-2_well-E9_passage-18_subsample-1	NextSeq 500 sequencing: Barcode sequencing of E. coli evolving in antibiotics	Microbe sample from Escherichia coli
SRR10557364	exp-2_well-E9_passage-16_subsample-4	exp-2_well-E9_passage-16_subsample-4	exp-2_well-E9_passage-16_subsample-4	NextSeq 500 sequencing: Barcode sequencing of E. coli evolving in antibiotics	Microbe sample from Escherichia coli
SRR10557365	exp-2_well-E9_passage-16_subsample-3	exp-2_well-E9_passage-16_subsample-3	exp-2_well-E9_passage-16_subsample-3	NextSeq 500 sequencing: Barcode sequencing of E. coli evolving in antibiotics	Microbe sample from Escherichia coli
SRR10557372	exp-2_well-E9_passage-14_subsample-1	exp-2_well-E9_passage-14_subsample-1	exp-2_well-E9_passage-14_subsample-1	NextSeq 500 sequencing: Barcode sequencing of E. coli evolving in antibiotics	Microbe sample from Escherichia coli
SRR10557376	exp-2_well-E9_passage-12_subsample-1	exp-2_well-E9_passage-12_subsample-1	exp-2_well-E9_passage-12_subsample-1	NextSeq 500 sequencing: Barcode sequencing of E. coli evolving in antibiotics	Microbe sample from Escherichia coli
SRR10557377	exp-2_well-E9_passage-10_subsample-4	exp-2_well-E9_passage-10_subsample-4	exp-2_well-E9_passage-10_subsample-4	NextSeq 500 sequencing: Barcode sequencing of E. coli evolving in antibiotics	Microbe sample from Escherichia coli
SRR10557384	exp-2_well-E9_passage-08_subsample-2	exp-2_well-E9_passage-08_subsample-2	exp-2_well-E9_passage-08_subsample-2	NextSeq 500 sequencing: Barcode sequencing of E. coli evolving in antibiotics	Microbe sample from Escherichia coli
SRR10557401	exp-2_well-F7_passage-04_subsample-4	exp-2_well-F7_passage-04_subsample-4	exp-2_well-F7_passage-04_subsample-4	NextSeq 500 sequencing: Barcode sequencing of E. coli evolving in antibiotics	Microbe sample from Escherichia coli
SRR10557404	exp-2_well-F7_passage-04_subsample-1	exp-2_well-F7_passage-04_subsample-1	exp-2_well-F7_passage-04_subsample-1	NextSeq 500 sequencing: Barcode sequencing of E. coli evolving in antibiotics	Microbe sample from Escherichia coli
SRR10557407	exp-2_well-F7_passage-02_subsample-4	exp-2_well-F7_passage-02_subsample-4	exp-2_well-F7_passage-02_subsample-4	NextSeq 500 sequencing: Barcode sequencing of E. coli evolving in antibiotics	Microbe sample from Escherichia coli
SRR10557413	exp-2_well-E7_passage-30_subsample-2	exp-2_well-E7_passage-30_subsample-2	exp-2_well-E7_passage-30_subsample-2	NextSeq 500 sequencing: Barcode sequencing of E. coli evolving in antibiotics	Microbe sample from Escherichia coli
SRR10557417	exp-2_well-E9_passage-08_subsample-1	exp-2_well-E9_passage-08_subsample-1	exp-2_well-E9_passage-08_subsample-1	NextSeq 500 sequencing: Barcode sequencing of E. coli evolving in antibiotics	Microbe sample from Escherichia coli
SRR10557422	exp-2_well-A3_passage-20_subsample-3	exp-2_well-A3_passage-20_subsample-3	exp-2_well-A3_passage-20_subsample-3	NextSeq 500 sequencing: Barcode sequencing of E. coli evolving in antibiotics	Microbe sample from Escherichia coli
SRR10557427	exp-2_well-E9_passage-04_subsample-1	exp-2_well-E9_passage-04_subsample-1	exp-2_well-E9_passage-04_subsample-1	NextSeq 500 sequencing: Barcode sequencing of E. coli evolving in antibiotics	Microbe sample from Escherichia coli
SRR10557435	exp-2_well-D9_passage-30_subsample-2	exp-2_well-D9_passage-30_subsample-2	exp-2_well-D9_passage-30_subsample-2	NextSeq 500 sequencing: Barcode sequencing of E. coli evolving in antibiotics	Microbe sample from Escherichia coli
SRR10557437	exp-2_well-D9_passage-22_subsample-4	exp-2_well-D9_passage-22_subsample-4	exp-2_well-D9_passage-22_subsample-4	NextSeq 500 sequencing: Barcode sequencing of E. coli evolving in antibiotics	Microbe sample from Escherichia coli
SRR10557441	exp-2_well-D9_passage-20_subsample-4	exp-2_well-D9_passage-20_subsample-4	exp-2_well-D9_passage-20_subsample-4	NextSeq 500 sequencing: Barcode sequencing of E. coli evolving in antibiotics	Microbe sample from Escherichia coli
SRR10557442	exp-2_well-D9_passage-20_subsample-3	exp-2_well-D9_passage-20_subsample-3	exp-2_well-D9_passage-20_subsample-3	NextSeq 500 sequencing: Barcode sequencing of E. coli evolving in antibiotics	Microbe sample from Escherichia coli
SRR10557450	exp-2_well-D7_passage-16_subsample-3	exp-2_well-D7_passage-16_subsample-3	exp-2_well-D7_passage-16_subsample-3	NextSeq 500 sequencing: Barcode sequencing of E. coli evolving in antibiotics	Microbe sample from Escherichia coli
SRR10557455	exp-2_well-D7_passage-14_subsample-3	exp-2_well-D7_passage-14_subsample-3	exp-2_well-D7_passage-14_subsample-3	NextSeq 500 sequencing: Barcode sequencing of E. coli evolving in antibiotics	Microbe sample from Escherichia coli
SRR10557463	exp-2_well-D7_passage-10_subsample-4	exp-2_well-D7_passage-10_subsample-4	exp-2_well-D7_passage-10_subsample-4	NextSeq 500 sequencing: Barcode sequencing of E. coli evolving in antibiotics	Microbe sample from Escherichia coli
SRR10557466	exp-2_well-D7_passage-10_subsample-1	exp-2_well-D7_passage-10_subsample-1	exp-2_well-D7_passage-10_subsample-1	NextSeq 500 sequencing: Barcode sequencing of E. coli evolving in antibiotics	Microbe sample from Escherichia coli
SRR10557468	exp-2_well-D7_passage-08_subsample-3	exp-2_well-D7_passage-08_subsample-3	exp-2_well-D7_passage-08_subsample-3	NextSeq 500 sequencing: Barcode sequencing of E. coli evolving in antibiotics	Microbe sample from Escherichia coli
SRR10557470	exp-2_well-D7_passage-08_subsample-1	exp-2_well-D7_passage-08_subsample-1	exp-2_well-D7_passage-08_subsample-1	NextSeq 500 sequencing: Barcode sequencing of E. coli evolving in antibiotics	Microbe sample from Escherichia coli
SRR10557472	exp-2_well-D7_passage-06_subsample-3	exp-2_well-D7_passage-06_subsample-3	exp-2_well-D7_passage-06_subsample-3	NextSeq 500 sequencing: Barcode sequencing of E. coli evolving in antibiotics	Microbe sample from Escherichia coli
SRR10557476	exp-2_well-D7_passage-04_subsample-4	exp-2_well-D7_passage-04_subsample-4	exp-2_well-D7_passage-04_subsample-4	NextSeq 500 sequencing: Barcode sequencing of E. coli evolving in antibiotics	Microbe sample from Escherichia coli
SRR10557484	exp-2_well-C3_passage-10_subsample-4	exp-2_well-C3_passage-10_subsample-4	exp-2_well-C3_passage-10_subsample-4	NextSeq 500 sequencing: Barcode sequencing of E. coli evolving in antibiotics	Microbe sample from Escherichia coli
SRR10557490	exp-2_well-C3_passage-08_subsample-2	exp-2_well-C3_passage-08_subsample-2	exp-2_well-C3_passage-08_subsample-2	NextSeq 500 sequencing: Barcode sequencing of E. coli evolving in antibiotics	Microbe sample from Escherichia coli
SRR10557494	exp-2_well-C3_passage-06_subsample-3	exp-2_well-C3_passage-06_subsample-3	exp-2_well-C3_passage-06_subsample-3	NextSeq 500 sequencing: Barcode sequencing of E. coli evolving in antibiotics	Microbe sample from Escherichia coli
SRR10557510	exp-2_well-B3_passage-22_subsample-4	exp-2_well-B3_passage-22_subsample-4	exp-2_well-B3_passage-22_subsample-4	NextSeq 500 sequencing: Barcode sequencing of E. coli evolving in antibiotics	Microbe sample from Escherichia coli
SRR10557511	exp-2_well-B3_passage-22_subsample-3	exp-2_well-B3_passage-22_subsample-3	exp-2_well-B3_passage-22_subsample-3	NextSeq 500 sequencing: Barcode sequencing of E. coli evolving in antibiotics	Microbe sample from Escherichia coli
SRR10557520	exp-2_well-F9_passage-10_subsample-1	exp-2_well-F9_passage-10_subsample-1	exp-2_well-F9_passage-10_subsample-1	NextSeq 500 sequencing: Barcode sequencing of E. coli evolving in antibiotics	Microbe sample from Escherichia coli
SRR10557532	exp-2_well-F9_passage-04_subsample-2	exp-2_well-F9_passage-04_subsample-2	exp-2_well-F9_passage-04_subsample-2	NextSeq 500 sequencing: Barcode sequencing of E. coli evolving in antibiotics	Microbe sample from Escherichia coli
SRR10557539	exp-2_well-E9_passage-30_subsample-4	exp-2_well-E9_passage-30_subsample-4	exp-2_well-E9_passage-30_subsample-4	NextSeq 500 sequencing: Barcode sequencing of E. coli evolving in antibiotics	Microbe sample from Escherichia coli
SRR10557555	exp-2_well-A3_passage-08_subsample-1	exp-2_well-A3_passage-08_subsample-1	exp-2_well-A3_passage-08_subsample-1	NextSeq 500 sequencing: Barcode sequencing of E. coli evolving in antibiotics	Microbe sample from Escherichia coli
SRR10557568	exp-2_well-B5_passage-14_subsample-1	exp-2_well-B5_passage-14_subsample-1	exp-2_well-B5_passage-14_subsample-1	NextSeq 500 sequencing: Barcode sequencing of E. coli evolving in antibiotics	Microbe sample from Escherichia coli
SRR10557576	exp-2_well-B5_passage-10_subsample-1	exp-2_well-B5_passage-10_subsample-1	exp-2_well-B5_passage-10_subsample-1	NextSeq 500 sequencing: Barcode sequencing of E. coli evolving in antibiotics	Microbe sample from Escherichia coli
SRR10557578	exp-2_well-B5_passage-08_subsample-4	exp-2_well-B5_passage-08_subsample-4	exp-2_well-B5_passage-08_subsample-4	NextSeq 500 sequencing: Barcode sequencing of E. coli evolving in antibiotics	Microbe sample from Escherichia coli
SRR10557579	exp-2_well-B5_passage-08_subsample-3	exp-2_well-B5_passage-08_subsample-3	exp-2_well-B5_passage-08_subsample-3	NextSeq 500 sequencing: Barcode sequencing of E. coli evolving in antibiotics	Microbe sample from Escherichia coli
SRR10557580	exp-2_well-B5_passage-08_subsample-2	exp-2_well-B5_passage-08_subsample-2	exp-2_well-B5_passage-08_subsample-2	NextSeq 500 sequencing: Barcode sequencing of E. coli evolving in antibiotics	Microbe sample from Escherichia coli
SRR10557581	exp-2_well-C1_passage-20_subsample-4	exp-2_well-C1_passage-20_subsample-4	exp-2_well-C1_passage-20_subsample-4	NextSeq 500 sequencing: Barcode sequencing of E. coli evolving in antibiotics	Microbe sample from Escherichia coli
SRR10557588	exp-2_well-C1_passage-18_subsample-2	exp-2_well-C1_passage-18_subsample-2	exp-2_well-C1_passage-18_subsample-2	NextSeq 500 sequencing: Barcode sequencing of E. coli evolving in antibiotics	Microbe sample from Escherichia coli
SRR10557598	exp-2_well-B3_passage-08_subsample-1	exp-2_well-B3_passage-08_subsample-1	exp-2_well-B3_passage-08_subsample-1	NextSeq 500 sequencing: Barcode sequencing of E. coli evolving in antibiotics	Microbe sample from Escherichia coli
SRR10557600	exp-2_well-C1_passage-12_subsample-3	exp-2_well-C1_passage-12_subsample-3	exp-2_well-C1_passage-12_subsample-3	NextSeq 500 sequencing: Barcode sequencing of E. coli evolving in antibiotics	Microbe sample from Escherichia coli
SRR10557601	exp-2_well-C1_passage-12_subsample-2	exp-2_well-C1_passage-12_subsample-2	exp-2_well-C1_passage-12_subsample-2	NextSeq 500 sequencing: Barcode sequencing of E. coli evolving in antibiotics	Microbe sample from Escherichia coli
SRR10557607	exp-2_well-C1_passage-08_subsample-4	exp-2_well-C1_passage-08_subsample-4	exp-2_well-C1_passage-08_subsample-4	NextSeq 500 sequencing: Barcode sequencing of E. coli evolving in antibiotics	Microbe sample from Escherichia coli
SRR10557610	exp-2_well-C1_passage-08_subsample-2	exp-2_well-C1_passage-08_subsample-2	exp-2_well-C1_passage-08_subsample-2	NextSeq 500 sequencing: Barcode sequencing of E. coli evolving in antibiotics	Microbe sample from Escherichia coli
SRR10557617	exp-2_well-A1_passage-01_subsample-1	exp-2_well-A1_passage-01_subsample-1	exp-2_well-A1_passage-01_subsample-1	NextSeq 500 sequencing: Barcode sequencing of E. coli evolving in antibiotics	Microbe sample from Escherichia coli
SRR10556878	exp-2_well-F9_passage-22_subsample-4	exp-2_well-F9_passage-22_subsample-4	exp-2_well-F9_passage-22_subsample-4	NextSeq 500 sequencing: Barcode sequencing of E. coli evolving in antibiotics	Microbe sample from Escherichia coli
SRR10556879	exp-2_well-F9_passage-22_subsample-3	exp-2_well-F9_passage-22_subsample-3	exp-2_well-F9_passage-22_subsample-3	NextSeq 500 sequencing: Barcode sequencing of E. coli evolving in antibiotics	Microbe sample from Escherichia coli
SRR10556884	exp-2_well-F9_passage-20_subsample-3	exp-2_well-F9_passage-20_subsample-3	exp-2_well-F9_passage-20_subsample-3	NextSeq 500 sequencing: Barcode sequencing of E. coli evolving in antibiotics	Microbe sample from Escherichia coli
SRR10556888	exp-2_well-F9_passage-18_subsample-3	exp-2_well-F9_passage-18_subsample-3	exp-2_well-F9_passage-18_subsample-3	NextSeq 500 sequencing: Barcode sequencing of E. coli evolving in antibiotics	Microbe sample from Escherichia coli
SRR10556897	exp-2_well-F9_passage-14_subsample-3	exp-2_well-F9_passage-14_subsample-3	exp-2_well-F9_passage-14_subsample-3	NextSeq 500 sequencing: Barcode sequencing of E. coli evolving in antibiotics	Microbe sample from Escherichia coli
SRR10556899	exp-2_well-F9_passage-14_subsample-1	exp-2_well-F9_passage-14_subsample-1	exp-2_well-F9_passage-14_subsample-1	NextSeq 500 sequencing: Barcode sequencing of E. coli evolving in antibiotics	Microbe sample from Escherichia coli
SRR10556901	exp-2_well-D9_passage-18_subsample-1	exp-2_well-D9_passage-18_subsample-1	exp-2_well-D9_passage-18_subsample-1	NextSeq 500 sequencing: Barcode sequencing of E. coli evolving in antibiotics	Microbe sample from Escherichia coli
SRR10556907	exp-2_well-D9_passage-14_subsample-3	exp-2_well-D9_passage-14_subsample-3	exp-2_well-D9_passage-14_subsample-3	NextSeq 500 sequencing: Barcode sequencing of E. coli evolving in antibiotics	Microbe sample from Escherichia coli
SRR10556914	exp-2_well-D9_passage-12_subsample-1	exp-2_well-D9_passage-12_subsample-1	exp-2_well-D9_passage-12_subsample-1	NextSeq 500 sequencing: Barcode sequencing of E. coli evolving in antibiotics	Microbe sample from Escherichia coli
SRR10556915	exp-2_well-D9_passage-10_subsample-4	exp-2_well-D9_passage-10_subsample-4	exp-2_well-D9_passage-10_subsample-4	NextSeq 500 sequencing: Barcode sequencing of E. coli evolving in antibiotics	Microbe sample from Escherichia coli
SRR10556918	exp-2_well-D9_passage-10_subsample-1	exp-2_well-D9_passage-10_subsample-1	exp-2_well-D9_passage-10_subsample-1	NextSeq 500 sequencing: Barcode sequencing of E. coli evolving in antibiotics	Microbe sample from Escherichia coli
SRR10556920	exp-2_well-D9_passage-08_subsample-4	exp-2_well-D9_passage-08_subsample-4	exp-2_well-D9_passage-08_subsample-4	NextSeq 500 sequencing: Barcode sequencing of E. coli evolving in antibiotics	Microbe sample from Escherichia coli
SRR10556923	exp-2_well-D9_passage-08_subsample-1	exp-2_well-D9_passage-08_subsample-1	exp-2_well-D9_passage-08_subsample-1	NextSeq 500 sequencing: Barcode sequencing of E. coli evolving in antibiotics	Microbe sample from Escherichia coli
SRR10556930	exp-2_well-A3_passage-18_subsample-2	exp-2_well-A3_passage-18_subsample-2	exp-2_well-A3_passage-18_subsample-2	NextSeq 500 sequencing: Barcode sequencing of E. coli evolving in antibiotics	Microbe sample from Escherichia coli
SRR10556937	exp-2_well-B5_passage-06_subsample-1	exp-2_well-B5_passage-06_subsample-1	exp-2_well-B5_passage-06_subsample-1	NextSeq 500 sequencing: Barcode sequencing of E. coli evolving in antibiotics	Microbe sample from Escherichia coli
SRR10556961	exp-2_well-A5_passage-18_subsample-4	exp-2_well-A5_passage-18_subsample-4	exp-2_well-A5_passage-18_subsample-4	NextSeq 500 sequencing: Barcode sequencing of E. coli evolving in antibiotics	Microbe sample from Escherichia coli
SRR10556965	exp-2_well-D9_passage-02_subsample-4	exp-2_well-D9_passage-02_subsample-4	exp-2_well-D9_passage-02_subsample-4	NextSeq 500 sequencing: Barcode sequencing of E. coli evolving in antibiotics	Microbe sample from Escherichia coli
SRR10556969	exp-2_well-F7_passage-30_subsample-4	exp-2_well-F7_passage-30_subsample-4	exp-2_well-F7_passage-30_subsample-4	NextSeq 500 sequencing: Barcode sequencing of E. coli evolving in antibiotics	Microbe sample from Escherichia coli
SRR10556972	exp-2_well-F7_passage-30_subsample-1	exp-2_well-F7_passage-30_subsample-1	exp-2_well-F7_passage-30_subsample-1	NextSeq 500 sequencing: Barcode sequencing of E. coli evolving in antibiotics	Microbe sample from Escherichia coli
SRR10556978	exp-2_well-F7_passage-20_subsample-4	exp-2_well-F7_passage-20_subsample-4	exp-2_well-F7_passage-20_subsample-4	NextSeq 500 sequencing: Barcode sequencing of E. coli evolving in antibiotics	Microbe sample from Escherichia coli
SRR10556982	exp-2_well-F7_passage-18_subsample-4	exp-2_well-F7_passage-18_subsample-4	exp-2_well-F7_passage-18_subsample-4	NextSeq 500 sequencing: Barcode sequencing of E. coli evolving in antibiotics	Microbe sample from Escherichia coli
SRR10556996	exp-2_well-F7_passage-12_subsample-4	exp-2_well-F7_passage-12_subsample-4	exp-2_well-F7_passage-12_subsample-4	NextSeq 500 sequencing: Barcode sequencing of E. coli evolving in antibiotics	Microbe sample from Escherichia coli
SRR10556998	exp-2_well-C5_passage-12_subsample-2	exp-2_well-C5_passage-12_subsample-2	exp-2_well-C5_passage-12_subsample-2	NextSeq 500 sequencing: Barcode sequencing of E. coli evolving in antibiotics	Microbe sample from Escherichia coli
SRR10557000	exp-2_well-C5_passage-10_subsample-4	exp-2_well-C5_passage-10_subsample-4	exp-2_well-C5_passage-10_subsample-4	NextSeq 500 sequencing: Barcode sequencing of E. coli evolving in antibiotics	Microbe sample from Escherichia coli
SRR10557003	exp-2_well-C5_passage-10_subsample-2	exp-2_well-C5_passage-10_subsample-2	exp-2_well-C5_passage-10_subsample-2	NextSeq 500 sequencing: Barcode sequencing of E. coli evolving in antibiotics	Microbe sample from Escherichia coli
SRR10557011	exp-2_well-C5_passage-06_subsample-2	exp-2_well-C5_passage-06_subsample-2	exp-2_well-C5_passage-06_subsample-2	NextSeq 500 sequencing: Barcode sequencing of E. coli evolving in antibiotics	Microbe sample from Escherichia coli
SRR10557014	exp-2_well-C5_passage-04_subsample-4	exp-2_well-C5_passage-04_subsample-4	exp-2_well-C5_passage-04_subsample-4	NextSeq 500 sequencing: Barcode sequencing of E. coli evolving in antibiotics	Microbe sample from Escherichia coli
SRR10557032	exp-2_well-A5_passage-16_subsample-2	exp-2_well-A5_passage-16_subsample-2	exp-2_well-A5_passage-16_subsample-2	NextSeq 500 sequencing: Barcode sequencing of E. coli evolving in antibiotics	Microbe sample from Escherichia coli
SRR10557041	exp-2_well-A5_passage-12_subsample-2	exp-2_well-A5_passage-12_subsample-2	exp-2_well-A5_passage-12_subsample-2	NextSeq 500 sequencing: Barcode sequencing of E. coli evolving in antibiotics	Microbe sample from Escherichia coli
SRR10557042	exp-2_well-A5_passage-12_subsample-1	exp-2_well-A5_passage-12_subsample-1	exp-2_well-A5_passage-12_subsample-1	NextSeq 500 sequencing: Barcode sequencing of E. coli evolving in antibiotics	Microbe sample from Escherichia coli
SRR10557050	exp-2_well-A5_passage-08_subsample-2	exp-2_well-A5_passage-08_subsample-2	exp-2_well-A5_passage-08_subsample-2	NextSeq 500 sequencing: Barcode sequencing of E. coli evolving in antibiotics	Microbe sample from Escherichia coli
SRR10557052	exp-2_well-A5_passage-06_subsample-4	exp-2_well-A5_passage-06_subsample-4	exp-2_well-A5_passage-06_subsample-4	NextSeq 500 sequencing: Barcode sequencing of E. coli evolving in antibiotics	Microbe sample from Escherichia coli
SRR10557054	exp-2_well-A5_passage-06_subsample-2	exp-2_well-A5_passage-06_subsample-2	exp-2_well-A5_passage-06_subsample-2	NextSeq 500 sequencing: Barcode sequencing of E. coli evolving in antibiotics	Microbe sample from Escherichia coli
SRR10557056	exp-2_well-A5_passage-04_subsample-4	exp-2_well-A5_passage-04_subsample-4	exp-2_well-A5_passage-04_subsample-4	NextSeq 500 sequencing: Barcode sequencing of E. coli evolving in antibiotics	Microbe sample from Escherichia coli
SRR10557058	exp-2_well-A5_passage-04_subsample-2	exp-2_well-A5_passage-04_subsample-2	exp-2_well-A5_passage-04_subsample-2	NextSeq 500 sequencing: Barcode sequencing of E. coli evolving in antibiotics	Microbe sample from Escherichia coli
SRR10557059	exp-2_well-A5_passage-04_subsample-1	exp-2_well-A5_passage-04_subsample-1	exp-2_well-A5_passage-04_subsample-1	NextSeq 500 sequencing: Barcode sequencing of E. coli evolving in antibiotics	Microbe sample from Escherichia coli
SRR10557065	exp-2_well-E7_passage-20_subsample-3	exp-2_well-E7_passage-20_subsample-3	exp-2_well-E7_passage-20_subsample-3	NextSeq 500 sequencing: Barcode sequencing of E. coli evolving in antibiotics	Microbe sample from Escherichia coli
SRR10557068	exp-2_well-E7_passage-18_subsample-4	exp-2_well-E7_passage-18_subsample-4	exp-2_well-E7_passage-18_subsample-4	NextSeq 500 sequencing: Barcode sequencing of E. coli evolving in antibiotics	Microbe sample from Escherichia coli
SRR10557073	exp-2_well-E7_passage-16_subsample-4	exp-2_well-E7_passage-16_subsample-4	exp-2_well-E7_passage-16_subsample-4	NextSeq 500 sequencing: Barcode sequencing of E. coli evolving in antibiotics	Microbe sample from Escherichia coli
SRR10557075	exp-2_well-E7_passage-16_subsample-2	exp-2_well-E7_passage-16_subsample-2	exp-2_well-E7_passage-16_subsample-2	NextSeq 500 sequencing: Barcode sequencing of E. coli evolving in antibiotics	Microbe sample from Escherichia coli
SRR10557091	exp-2_well-E7_passage-08_subsample-3	exp-2_well-E7_passage-08_subsample-3	exp-2_well-E7_passage-08_subsample-3	NextSeq 500 sequencing: Barcode sequencing of E. coli evolving in antibiotics	Microbe sample from Escherichia coli
SRR10557095	exp-2_well-D7_passage-02_subsample-1	exp-2_well-D7_passage-02_subsample-1	exp-2_well-D7_passage-02_subsample-1	NextSeq 500 sequencing: Barcode sequencing of E. coli evolving in antibiotics	Microbe sample from Escherichia coli
SRR10557100	exp-2_well-C5_passage-30_subsample-2	exp-2_well-C5_passage-30_subsample-2	exp-2_well-C5_passage-30_subsample-2	NextSeq 500 sequencing: Barcode sequencing of E. coli evolving in antibiotics	Microbe sample from Escherichia coli
SRR10557106	exp-2_well-C5_passage-20_subsample-4	exp-2_well-C5_passage-20_subsample-4	exp-2_well-C5_passage-20_subsample-4	NextSeq 500 sequencing: Barcode sequencing of E. coli evolving in antibiotics	Microbe sample from Escherichia coli
SRR10557112	exp-2_well-C5_passage-18_subsample-3	exp-2_well-C5_passage-18_subsample-3	exp-2_well-C5_passage-18_subsample-3	NextSeq 500 sequencing: Barcode sequencing of E. coli evolving in antibiotics	Microbe sample from Escherichia coli
SRR10557114	exp-2_well-C5_passage-18_subsample-1	exp-2_well-C5_passage-18_subsample-1	exp-2_well-C5_passage-18_subsample-1	NextSeq 500 sequencing: Barcode sequencing of E. coli evolving in antibiotics	Microbe sample from Escherichia coli
SRR10557115	exp-2_well-C5_passage-16_subsample-4	exp-2_well-C5_passage-16_subsample-4	exp-2_well-C5_passage-16_subsample-4	NextSeq 500 sequencing: Barcode sequencing of E. coli evolving in antibiotics	Microbe sample from Escherichia coli
SRR10557116	exp-2_well-C5_passage-16_subsample-3	exp-2_well-C5_passage-16_subsample-3	exp-2_well-C5_passage-16_subsample-3	NextSeq 500 sequencing: Barcode sequencing of E. coli evolving in antibiotics	Microbe sample from Escherichia coli
SRR10557118	exp-2_well-C5_passage-16_subsample-1	exp-2_well-C5_passage-16_subsample-1	exp-2_well-C5_passage-16_subsample-1	NextSeq 500 sequencing: Barcode sequencing of E. coli evolving in antibiotics	Microbe sample from Escherichia coli
SRR10557123	exp-2_well-C5_passage-14_subsample-1	exp-2_well-C5_passage-14_subsample-1	exp-2_well-C5_passage-14_subsample-1	NextSeq 500 sequencing: Barcode sequencing of E. coli evolving in antibiotics	Microbe sample from Escherichia coli
SRR10557125	exp-2_well-E7_passage-08_subsample-1	exp-2_well-E7_passage-08_subsample-1	exp-2_well-E7_passage-08_subsample-1	NextSeq 500 sequencing: Barcode sequencing of E. coli evolving in antibiotics	Microbe sample from Escherichia coli
SRR10557136	exp-2_well-E7_passage-02_subsample-3	exp-2_well-E7_passage-02_subsample-3	exp-2_well-E7_passage-02_subsample-3	NextSeq 500 sequencing: Barcode sequencing of E. coli evolving in antibiotics	Microbe sample from Escherichia coli
SRR10557144	exp-2_well-D7_passage-22_subsample-4	exp-2_well-D7_passage-22_subsample-4	exp-2_well-D7_passage-22_subsample-4	NextSeq 500 sequencing: Barcode sequencing of E. coli evolving in antibiotics	Microbe sample from Escherichia coli
SRR10557162	exp-2_well-C3_passage-30_subsample-3	exp-2_well-C3_passage-30_subsample-3	exp-2_well-C3_passage-30_subsample-3	NextSeq 500 sequencing: Barcode sequencing of E. coli evolving in antibiotics	Microbe sample from Escherichia coli
SRR10557163	exp-2_well-C3_passage-30_subsample-2	exp-2_well-C3_passage-30_subsample-2	exp-2_well-C3_passage-30_subsample-2	NextSeq 500 sequencing: Barcode sequencing of E. coli evolving in antibiotics	Microbe sample from Escherichia coli
SRR10557167	exp-2_well-A3_passage-02_subsample-4	exp-2_well-A3_passage-02_subsample-4	exp-2_well-A3_passage-02_subsample-4	NextSeq 500 sequencing: Barcode sequencing of E. coli evolving in antibiotics	Microbe sample from Escherichia coli
SRR10557169	exp-2_well-C3_passage-22_subsample-1	exp-2_well-C3_passage-22_subsample-1	exp-2_well-C3_passage-22_subsample-1	NextSeq 500 sequencing: Barcode sequencing of E. coli evolving in antibiotics	Microbe sample from Escherichia coli
SRR10557171	exp-2_well-C3_passage-20_subsample-3	exp-2_well-C3_passage-20_subsample-3	exp-2_well-C3_passage-20_subsample-3	NextSeq 500 sequencing: Barcode sequencing of E. coli evolving in antibiotics	Microbe sample from Escherichia coli
SRR10557176	exp-2_well-C3_passage-18_subsample-2	exp-2_well-C3_passage-18_subsample-2	exp-2_well-C3_passage-18_subsample-2	NextSeq 500 sequencing: Barcode sequencing of E. coli evolving in antibiotics	Microbe sample from Escherichia coli
SRR10557186	exp-2_well-C3_passage-14_subsample-1	exp-2_well-C3_passage-14_subsample-1	exp-2_well-C3_passage-14_subsample-1	NextSeq 500 sequencing: Barcode sequencing of E. coli evolving in antibiotics	Microbe sample from Escherichia coli
SRR10557203	exp-2_well-C1_passage-02_subsample-3	exp-2_well-C1_passage-02_subsample-3	exp-2_well-C1_passage-02_subsample-3	NextSeq 500 sequencing: Barcode sequencing of E. coli evolving in antibiotics	Microbe sample from Escherichia coli
SRR10557204	exp-2_well-C1_passage-02_subsample-2	exp-2_well-C1_passage-02_subsample-2	exp-2_well-C1_passage-02_subsample-2	NextSeq 500 sequencing: Barcode sequencing of E. coli evolving in antibiotics	Microbe sample from Escherichia coli
SRR10557208	exp-2_well-C1_passage-01_subsample-2	exp-2_well-C1_passage-01_subsample-2	exp-2_well-C1_passage-01_subsample-2	NextSeq 500 sequencing: Barcode sequencing of E. coli evolving in antibiotics	Microbe sample from Escherichia coli
SRR10557213	exp-2_well-B1_passage-30_subsample-2	exp-2_well-B1_passage-30_subsample-2	exp-2_well-B1_passage-30_subsample-2	NextSeq 500 sequencing: Barcode sequencing of E. coli evolving in antibiotics	Microbe sample from Escherichia coli
SRR10557218	exp-2_well-B1_passage-22_subsample-1	exp-2_well-B1_passage-22_subsample-1	exp-2_well-B1_passage-22_subsample-1	NextSeq 500 sequencing: Barcode sequencing of E. coli evolving in antibiotics	Microbe sample from Escherichia coli
SRR10557219	exp-2_well-B1_passage-20_subsample-4	exp-2_well-B1_passage-20_subsample-4	exp-2_well-B1_passage-20_subsample-4	NextSeq 500 sequencing: Barcode sequencing of E. coli evolving in antibiotics	Microbe sample from Escherichia coli
SRR10557221	exp-2_well-B1_passage-20_subsample-2	exp-2_well-B1_passage-20_subsample-2	exp-2_well-B1_passage-20_subsample-2	NextSeq 500 sequencing: Barcode sequencing of E. coli evolving in antibiotics	Microbe sample from Escherichia coli
SRR10557223	exp-2_well-B3_passage-06_subsample-1	exp-2_well-B3_passage-06_subsample-1	exp-2_well-B3_passage-06_subsample-1	NextSeq 500 sequencing: Barcode sequencing of E. coli evolving in antibiotics	Microbe sample from Escherichia coli
SRR10557227	exp-2_well-B1_passage-18_subsample-1	exp-2_well-B1_passage-18_subsample-1	exp-2_well-B1_passage-18_subsample-1	NextSeq 500 sequencing: Barcode sequencing of E. coli evolving in antibiotics	Microbe sample from Escherichia coli
SRR10557229	exp-2_well-B1_passage-16_subsample-3	exp-2_well-B1_passage-16_subsample-3	exp-2_well-B1_passage-16_subsample-3	NextSeq 500 sequencing: Barcode sequencing of E. coli evolving in antibiotics	Microbe sample from Escherichia coli
SRR10557232	exp-2_well-B1_passage-14_subsample-4	exp-2_well-B1_passage-14_subsample-4	exp-2_well-B1_passage-14_subsample-4	NextSeq 500 sequencing: Barcode sequencing of E. coli evolving in antibiotics	Microbe sample from Escherichia coli
SRR10557248	exp-2_well-B1_passage-08_subsample-2	exp-2_well-B1_passage-08_subsample-2	exp-2_well-B1_passage-08_subsample-2	NextSeq 500 sequencing: Barcode sequencing of E. coli evolving in antibiotics	Microbe sample from Escherichia coli
SRR10557252	exp-2_well-B1_passage-06_subsample-2	exp-2_well-B1_passage-06_subsample-2	exp-2_well-B1_passage-06_subsample-2	NextSeq 500 sequencing: Barcode sequencing of E. coli evolving in antibiotics	Microbe sample from Escherichia coli
SRR10557255	exp-2_well-B1_passage-04_subsample-3	exp-2_well-B1_passage-04_subsample-3	exp-2_well-B1_passage-04_subsample-3	NextSeq 500 sequencing: Barcode sequencing of E. coli evolving in antibiotics	Microbe sample from Escherichia coli
SRR10557258	exp-2_well-B3_passage-18_subsample-3	exp-2_well-B3_passage-18_subsample-3	exp-2_well-B3_passage-18_subsample-3	NextSeq 500 sequencing: Barcode sequencing of E. coli evolving in antibiotics	Microbe sample from Escherichia coli
SRR10557260	exp-2_well-B3_passage-18_subsample-1	exp-2_well-B3_passage-18_subsample-1	exp-2_well-B3_passage-18_subsample-1	NextSeq 500 sequencing: Barcode sequencing of E. coli evolving in antibiotics	Microbe sample from Escherichia coli
SRR10557263	exp-2_well-all_passage-00_sample-3_subsample-2	exp-2_well-all_passage-00_sample-3_subsample-2	exp-2_well-all_passage-00_sample-3_subsample-2	NextSeq 500 sequencing: Barcode sequencing of E. coli evolving in antibiotics	Microbe sample from Escherichia coli
SRR10557269	exp-2_well-B3_passage-14_subsample-1	exp-2_well-B3_passage-14_subsample-1	exp-2_well-B3_passage-14_subsample-1	NextSeq 500 sequencing: Barcode sequencing of E. coli evolving in antibiotics	Microbe sample from Escherichia coli
SRR10557277	exp-2_well-B3_passage-10_subsample-2	exp-2_well-B3_passage-10_subsample-2	exp-2_well-B3_passage-10_subsample-2	NextSeq 500 sequencing: Barcode sequencing of E. coli evolving in antibiotics	Microbe sample from Escherichia coli
SRR10557279	exp-2_well-B3_passage-08_subsample-4	exp-2_well-B3_passage-08_subsample-4	exp-2_well-B3_passage-08_subsample-4	NextSeq 500 sequencing: Barcode sequencing of E. coli evolving in antibiotics	Microbe sample from Escherichia coli
SRR10557281	exp-2_well-C1_passage-30_subsample-3	exp-2_well-C1_passage-30_subsample-3	exp-2_well-C1_passage-30_subsample-3	NextSeq 500 sequencing: Barcode sequencing of E. coli evolving in antibiotics	Microbe sample from Escherichia coli
SRR10557285	exp-2_well-C1_passage-22_subsample-4	exp-2_well-C1_passage-22_subsample-4	exp-2_well-C1_passage-22_subsample-4	NextSeq 500 sequencing: Barcode sequencing of E. coli evolving in antibiotics	Microbe sample from Escherichia coli
SRR10557291	exp-2_well-B1_passage-02_subsample-4	exp-2_well-B1_passage-02_subsample-4	exp-2_well-B1_passage-02_subsample-4	NextSeq 500 sequencing: Barcode sequencing of E. coli evolving in antibiotics	Microbe sample from Escherichia coli
SRR10557310	exp-2_well-B3_passage-02_subsample-4	exp-2_well-B3_passage-02_subsample-4	exp-2_well-B3_passage-02_subsample-4	NextSeq 500 sequencing: Barcode sequencing of E. coli evolving in antibiotics	Microbe sample from Escherichia coli
SRR10557314	exp-2_well-A1_passage-18_subsample-3	exp-2_well-A1_passage-18_subsample-3	exp-2_well-A1_passage-18_subsample-3	NextSeq 500 sequencing: Barcode sequencing of E. coli evolving in antibiotics	Microbe sample from Escherichia coli
SRR10557319	exp-2_well-A1_passage-16_subsample-2	exp-2_well-A1_passage-16_subsample-2	exp-2_well-A1_passage-16_subsample-2	NextSeq 500 sequencing: Barcode sequencing of E. coli evolving in antibiotics	Microbe sample from Escherichia coli
SRR10557324	exp-2_well-A1_passage-14_subsample-2	exp-2_well-A1_passage-14_subsample-2	exp-2_well-A1_passage-14_subsample-2	NextSeq 500 sequencing: Barcode sequencing of E. coli evolving in antibiotics	Microbe sample from Escherichia coli
SRR10557326	exp-2_well-A1_passage-12_subsample-4	exp-2_well-A1_passage-12_subsample-4	exp-2_well-A1_passage-12_subsample-4	NextSeq 500 sequencing: Barcode sequencing of E. coli evolving in antibiotics	Microbe sample from Escherichia coli
SRR10557340	exp-2_well-A1_passage-06_subsample-3	exp-2_well-A1_passage-06_subsample-3	exp-2_well-A1_passage-06_subsample-3	NextSeq 500 sequencing: Barcode sequencing of E. coli evolving in antibiotics	Microbe sample from Escherichia coli
SRR10557347	exp-2_well-A1_passage-04_subsample-2	exp-2_well-A1_passage-04_subsample-2	exp-2_well-A1_passage-04_subsample-2	NextSeq 500 sequencing: Barcode sequencing of E. coli evolving in antibiotics	Microbe sample from Escherichia coli
SRR10557352	exp-2_well-A1_passage-02_subsample-1	exp-2_well-A1_passage-02_subsample-1	exp-2_well-A1_passage-02_subsample-1	NextSeq 500 sequencing: Barcode sequencing of E. coli evolving in antibiotics	Microbe sample from Escherichia coli
SRR10557357	exp-2_well-A3_passage-22_subsample-2	exp-2_well-A3_passage-22_subsample-2	exp-2_well-A3_passage-22_subsample-2	NextSeq 500 sequencing: Barcode sequencing of E. coli evolving in antibiotics	Microbe sample from Escherichia coli
SRR10557361	exp-2_well-E9_passage-18_subsample-3	exp-2_well-E9_passage-18_subsample-3	exp-2_well-E9_passage-18_subsample-3	NextSeq 500 sequencing: Barcode sequencing of E. coli evolving in antibiotics	Microbe sample from Escherichia coli
SRR10557366	exp-2_well-E9_passage-16_subsample-2	exp-2_well-E9_passage-16_subsample-2	exp-2_well-E9_passage-16_subsample-2	NextSeq 500 sequencing: Barcode sequencing of E. coli evolving in antibiotics	Microbe sample from Escherichia coli
SRR10557367	exp-2_well-E9_passage-16_subsample-1	exp-2_well-E9_passage-16_subsample-1	exp-2_well-E9_passage-16_subsample-1	NextSeq 500 sequencing: Barcode sequencing of E. coli evolving in antibiotics	Microbe sample from Escherichia coli
SRR10557368	exp-2_well-A3_passage-22_subsample-1	exp-2_well-A3_passage-22_subsample-1	exp-2_well-A3_passage-22_subsample-1	NextSeq 500 sequencing: Barcode sequencing of E. coli evolving in antibiotics	Microbe sample from Escherichia coli
SRR10557388	exp-2_well-F7_passage-10_subsample-4	exp-2_well-F7_passage-10_subsample-4	exp-2_well-F7_passage-10_subsample-4	NextSeq 500 sequencing: Barcode sequencing of E. coli evolving in antibiotics	Microbe sample from Escherichia coli
SRR10557389	exp-2_well-F7_passage-10_subsample-3	exp-2_well-F7_passage-10_subsample-3	exp-2_well-F7_passage-10_subsample-3	NextSeq 500 sequencing: Barcode sequencing of E. coli evolving in antibiotics	Microbe sample from Escherichia coli
SRR10557398	exp-2_well-F7_passage-06_subsample-3	exp-2_well-F7_passage-06_subsample-3	exp-2_well-F7_passage-06_subsample-3	NextSeq 500 sequencing: Barcode sequencing of E. coli evolving in antibiotics	Microbe sample from Escherichia coli
SRR10557400	exp-2_well-F7_passage-06_subsample-1	exp-2_well-F7_passage-06_subsample-1	exp-2_well-F7_passage-06_subsample-1	NextSeq 500 sequencing: Barcode sequencing of E. coli evolving in antibiotics	Microbe sample from Escherichia coli
SRR10557402	exp-2_well-F7_passage-04_subsample-3	exp-2_well-F7_passage-04_subsample-3	exp-2_well-F7_passage-04_subsample-3	NextSeq 500 sequencing: Barcode sequencing of E. coli evolving in antibiotics	Microbe sample from Escherichia coli
SRR10557409	exp-2_well-F7_passage-02_subsample-2	exp-2_well-F7_passage-02_subsample-2	exp-2_well-F7_passage-02_subsample-2	NextSeq 500 sequencing: Barcode sequencing of E. coli evolving in antibiotics	Microbe sample from Escherichia coli
SRR10557421	exp-2_well-E9_passage-06_subsample-1	exp-2_well-E9_passage-06_subsample-1	exp-2_well-E9_passage-06_subsample-1	NextSeq 500 sequencing: Barcode sequencing of E. coli evolving in antibiotics	Microbe sample from Escherichia coli
SRR10557423	exp-2_well-all_passage-00_sample-2_subsample-2	exp-2_well-all_passage-00_sample-2_subsample-2	exp-2_well-all_passage-00_sample-2_subsample-2	NextSeq 500 sequencing: Barcode sequencing of E. coli evolving in antibiotics	Microbe sample from Escherichia coli
SRR10557430	exp-2_well-E9_passage-02_subsample-2	exp-2_well-E9_passage-02_subsample-2	exp-2_well-E9_passage-02_subsample-2	NextSeq 500 sequencing: Barcode sequencing of E. coli evolving in antibiotics	Microbe sample from Escherichia coli
SRR10557436	exp-2_well-D9_passage-30_subsample-1	exp-2_well-D9_passage-30_subsample-1	exp-2_well-D9_passage-30_subsample-1	NextSeq 500 sequencing: Barcode sequencing of E. coli evolving in antibiotics	Microbe sample from Escherichia coli
SRR10557448	exp-2_well-D9_passage-18_subsample-2	exp-2_well-D9_passage-18_subsample-2	exp-2_well-D9_passage-18_subsample-2	NextSeq 500 sequencing: Barcode sequencing of E. coli evolving in antibiotics	Microbe sample from Escherichia coli
SRR10557460	exp-2_well-D7_passage-12_subsample-2	exp-2_well-D7_passage-12_subsample-2	exp-2_well-D7_passage-12_subsample-2	NextSeq 500 sequencing: Barcode sequencing of E. coli evolving in antibiotics	Microbe sample from Escherichia coli
SRR10557469	exp-2_well-D7_passage-08_subsample-2	exp-2_well-D7_passage-08_subsample-2	exp-2_well-D7_passage-08_subsample-2	NextSeq 500 sequencing: Barcode sequencing of E. coli evolving in antibiotics	Microbe sample from Escherichia coli
SRR10557485	exp-2_well-C3_passage-10_subsample-3	exp-2_well-C3_passage-10_subsample-3	exp-2_well-C3_passage-10_subsample-3	NextSeq 500 sequencing: Barcode sequencing of E. coli evolving in antibiotics	Microbe sample from Escherichia coli
SRR10557491	exp-2_well-C3_passage-08_subsample-1	exp-2_well-C3_passage-08_subsample-1	exp-2_well-C3_passage-08_subsample-1	NextSeq 500 sequencing: Barcode sequencing of E. coli evolving in antibiotics	Microbe sample from Escherichia coli
SRR10557502	exp-2_well-C3_passage-02_subsample-3	exp-2_well-C3_passage-02_subsample-3	exp-2_well-C3_passage-02_subsample-3	NextSeq 500 sequencing: Barcode sequencing of E. coli evolving in antibiotics	Microbe sample from Escherichia coli
SRR10557504	exp-2_well-C3_passage-02_subsample-2	exp-2_well-C3_passage-02_subsample-2	exp-2_well-C3_passage-02_subsample-2	NextSeq 500 sequencing: Barcode sequencing of E. coli evolving in antibiotics	Microbe sample from Escherichia coli
SRR10557506	exp-2_well-B3_passage-30_subsample-4	exp-2_well-B3_passage-30_subsample-4	exp-2_well-B3_passage-30_subsample-4	NextSeq 500 sequencing: Barcode sequencing of E. coli evolving in antibiotics	Microbe sample from Escherichia coli
SRR10557508	exp-2_well-B3_passage-30_subsample-2	exp-2_well-B3_passage-30_subsample-2	exp-2_well-B3_passage-30_subsample-2	NextSeq 500 sequencing: Barcode sequencing of E. coli evolving in antibiotics	Microbe sample from Escherichia coli
SRR10557518	exp-2_well-F9_passage-10_subsample-3	exp-2_well-F9_passage-10_subsample-3	exp-2_well-F9_passage-10_subsample-3	NextSeq 500 sequencing: Barcode sequencing of E. coli evolving in antibiotics	Microbe sample from Escherichia coli
SRR10557522	exp-2_well-F9_passage-08_subsample-3	exp-2_well-F9_passage-08_subsample-3	exp-2_well-F9_passage-08_subsample-3	NextSeq 500 sequencing: Barcode sequencing of E. coli evolving in antibiotics	Microbe sample from Escherichia coli
SRR10557525	exp-2_well-F9_passage-06_subsample-4	exp-2_well-F9_passage-06_subsample-4	exp-2_well-F9_passage-06_subsample-4	NextSeq 500 sequencing: Barcode sequencing of E. coli evolving in antibiotics	Microbe sample from Escherichia coli
SRR10557533	exp-2_well-F9_passage-04_subsample-1	exp-2_well-F9_passage-04_subsample-1	exp-2_well-F9_passage-04_subsample-1	NextSeq 500 sequencing: Barcode sequencing of E. coli evolving in antibiotics	Microbe sample from Escherichia coli
SRR10557537	exp-2_well-F9_passage-02_subsample-1	exp-2_well-F9_passage-02_subsample-1	exp-2_well-F9_passage-02_subsample-1	NextSeq 500 sequencing: Barcode sequencing of E. coli evolving in antibiotics	Microbe sample from Escherichia coli
SRR10557541	exp-2_well-E9_passage-30_subsample-2	exp-2_well-E9_passage-30_subsample-2	exp-2_well-E9_passage-30_subsample-2	NextSeq 500 sequencing: Barcode sequencing of E. coli evolving in antibiotics	Microbe sample from Escherichia coli
SRR10557544	exp-2_well-E9_passage-22_subsample-3	exp-2_well-E9_passage-22_subsample-3	exp-2_well-E9_passage-22_subsample-3	NextSeq 500 sequencing: Barcode sequencing of E. coli evolving in antibiotics	Microbe sample from Escherichia coli
SRR10557550	exp-2_well-B5_passage-22_subsample-1	exp-2_well-B5_passage-22_subsample-1	exp-2_well-B5_passage-22_subsample-1	NextSeq 500 sequencing: Barcode sequencing of E. coli evolving in antibiotics	Microbe sample from Escherichia coli
SRR10557565	exp-2_well-B5_passage-14_subsample-3	exp-2_well-B5_passage-14_subsample-3	exp-2_well-B5_passage-14_subsample-3	NextSeq 500 sequencing: Barcode sequencing of E. coli evolving in antibiotics	Microbe sample from Escherichia coli
SRR10557566	exp-2_well-A3_passage-06_subsample-4	exp-2_well-A3_passage-06_subsample-4	exp-2_well-A3_passage-06_subsample-4	NextSeq 500 sequencing: Barcode sequencing of E. coli evolving in antibiotics	Microbe sample from Escherichia coli
SRR10557567	exp-2_well-B5_passage-14_subsample-2	exp-2_well-B5_passage-14_subsample-2	exp-2_well-B5_passage-14_subsample-2	NextSeq 500 sequencing: Barcode sequencing of E. coli evolving in antibiotics	Microbe sample from Escherichia coli
SRR10557569	exp-2_well-B5_passage-12_subsample-4	exp-2_well-B5_passage-12_subsample-4	exp-2_well-B5_passage-12_subsample-4	NextSeq 500 sequencing: Barcode sequencing of E. coli evolving in antibiotics	Microbe sample from Escherichia coli
SRR10557595	exp-2_well-C1_passage-14_subsample-3	exp-2_well-C1_passage-14_subsample-3	exp-2_well-C1_passage-14_subsample-3	NextSeq 500 sequencing: Barcode sequencing of E. coli evolving in antibiotics	Microbe sample from Escherichia coli
SRR10557597	exp-2_well-C1_passage-14_subsample-1	exp-2_well-C1_passage-14_subsample-1	exp-2_well-C1_passage-14_subsample-1	NextSeq 500 sequencing: Barcode sequencing of E. coli evolving in antibiotics	Microbe sample from Escherichia coli
SRR10557599	exp-2_well-C1_passage-12_subsample-4	exp-2_well-C1_passage-12_subsample-4	exp-2_well-C1_passage-12_subsample-4	NextSeq 500 sequencing: Barcode sequencing of E. coli evolving in antibiotics	Microbe sample from Escherichia coli
SRR10557603	exp-2_well-C1_passage-10_subsample-4	exp-2_well-C1_passage-10_subsample-4	exp-2_well-C1_passage-10_subsample-4	NextSeq 500 sequencing: Barcode sequencing of E. coli evolving in antibiotics	Microbe sample from Escherichia coli
SRR10557609	exp-2_well-B3_passage-06_subsample-4	exp-2_well-B3_passage-06_subsample-4	exp-2_well-B3_passage-06_subsample-4	NextSeq 500 sequencing: Barcode sequencing of E. coli evolving in antibiotics	Microbe sample from Escherichia coli
SRR10557612	exp-2_well-C1_passage-06_subsample-4	exp-2_well-C1_passage-06_subsample-4	exp-2_well-C1_passage-06_subsample-4	NextSeq 500 sequencing: Barcode sequencing of E. coli evolving in antibiotics	Microbe sample from Escherichia coli
SRR10557615	exp-2_well-A3_passage-30_subsample-4	exp-2_well-A3_passage-30_subsample-4	exp-2_well-A3_passage-30_subsample-4	NextSeq 500 sequencing: Barcode sequencing of E. coli evolving in antibiotics	Microbe sample from Escherichia coli
SRR10557616	exp-2_well-A1_passage-01_subsample-2	exp-2_well-A1_passage-01_subsample-2	exp-2_well-A1_passage-01_subsample-2	NextSeq 500 sequencing: Barcode sequencing of E. coli evolving in antibiotics	Microbe sample from Escherichia coli
SRR10556882	exp-2_well-A3_passage-30_subsample-3	exp-2_well-A3_passage-30_subsample-3	exp-2_well-A3_passage-30_subsample-3	NextSeq 500 sequencing: Barcode sequencing of E. coli evolving in antibiotics	Microbe sample from Escherichia coli
SRR10556886	exp-2_well-F9_passage-20_subsample-1	exp-2_well-F9_passage-20_subsample-1	exp-2_well-F9_passage-20_subsample-1	NextSeq 500 sequencing: Barcode sequencing of E. coli evolving in antibiotics	Microbe sample from Escherichia coli
SRR10556891	exp-2_well-F9_passage-16_subsample-4	exp-2_well-F9_passage-16_subsample-4	exp-2_well-F9_passage-16_subsample-4	NextSeq 500 sequencing: Barcode sequencing of E. coli evolving in antibiotics	Microbe sample from Escherichia coli
SRR10556894	exp-2_well-F9_passage-16_subsample-2	exp-2_well-F9_passage-16_subsample-2	exp-2_well-F9_passage-16_subsample-2	NextSeq 500 sequencing: Barcode sequencing of E. coli evolving in antibiotics	Microbe sample from Escherichia coli
SRR10556895	exp-2_well-F9_passage-16_subsample-1	exp-2_well-F9_passage-16_subsample-1	exp-2_well-F9_passage-16_subsample-1	NextSeq 500 sequencing: Barcode sequencing of E. coli evolving in antibiotics	Microbe sample from Escherichia coli
SRR10556904	exp-2_well-D9_passage-16_subsample-2	exp-2_well-D9_passage-16_subsample-2	exp-2_well-D9_passage-16_subsample-2	NextSeq 500 sequencing: Barcode sequencing of E. coli evolving in antibiotics	Microbe sample from Escherichia coli
SRR10556906	exp-2_well-D9_passage-14_subsample-4	exp-2_well-D9_passage-14_subsample-4	exp-2_well-D9_passage-14_subsample-4	NextSeq 500 sequencing: Barcode sequencing of E. coli evolving in antibiotics	Microbe sample from Escherichia coli
SRR10556908	exp-2_well-A3_passage-18_subsample-4	exp-2_well-A3_passage-18_subsample-4	exp-2_well-A3_passage-18_subsample-4	NextSeq 500 sequencing: Barcode sequencing of E. coli evolving in antibiotics	Microbe sample from Escherichia coli
SRR10556909	exp-2_well-D9_passage-14_subsample-2	exp-2_well-D9_passage-14_subsample-2	exp-2_well-D9_passage-14_subsample-2	NextSeq 500 sequencing: Barcode sequencing of E. coli evolving in antibiotics	Microbe sample from Escherichia coli
SRR10556922	exp-2_well-D9_passage-08_subsample-2	exp-2_well-D9_passage-08_subsample-2	exp-2_well-D9_passage-08_subsample-2	NextSeq 500 sequencing: Barcode sequencing of E. coli evolving in antibiotics	Microbe sample from Escherichia coli
SRR10556926	exp-2_well-D9_passage-06_subsample-2	exp-2_well-D9_passage-06_subsample-2	exp-2_well-D9_passage-06_subsample-2	NextSeq 500 sequencing: Barcode sequencing of E. coli evolving in antibiotics	Microbe sample from Escherichia coli
SRR10556929	exp-2_well-D9_passage-04_subsample-3	exp-2_well-D9_passage-04_subsample-3	exp-2_well-D9_passage-04_subsample-3	NextSeq 500 sequencing: Barcode sequencing of E. coli evolving in antibiotics	Microbe sample from Escherichia coli
SRR10556931	exp-2_well-D9_passage-04_subsample-2	exp-2_well-D9_passage-04_subsample-2	exp-2_well-D9_passage-04_subsample-2	NextSeq 500 sequencing: Barcode sequencing of E. coli evolving in antibiotics	Microbe sample from Escherichia coli
SRR10556934	exp-2_well-B5_passage-06_subsample-4	exp-2_well-B5_passage-06_subsample-4	exp-2_well-B5_passage-06_subsample-4	NextSeq 500 sequencing: Barcode sequencing of E. coli evolving in antibiotics	Microbe sample from Escherichia coli
SRR10556935	exp-2_well-B5_passage-06_subsample-3	exp-2_well-B5_passage-06_subsample-3	exp-2_well-B5_passage-06_subsample-3	NextSeq 500 sequencing: Barcode sequencing of E. coli evolving in antibiotics	Microbe sample from Escherichia coli
SRR10556951	exp-2_well-A3_passage-06_subsample-1	exp-2_well-A3_passage-06_subsample-1	exp-2_well-A3_passage-06_subsample-1	NextSeq 500 sequencing: Barcode sequencing of E. coli evolving in antibiotics	Microbe sample from Escherichia coli
SRR10556956	exp-2_well-A5_passage-22_subsample-1	exp-2_well-A5_passage-22_subsample-1	exp-2_well-A5_passage-22_subsample-1	NextSeq 500 sequencing: Barcode sequencing of E. coli evolving in antibiotics	Microbe sample from Escherichia coli
SRR10556957	exp-2_well-A5_passage-20_subsample-4	exp-2_well-A5_passage-20_subsample-4	exp-2_well-A5_passage-20_subsample-4	NextSeq 500 sequencing: Barcode sequencing of E. coli evolving in antibiotics	Microbe sample from Escherichia coli
SRR10556963	exp-2_well-A3_passage-04_subsample-4	exp-2_well-A3_passage-04_subsample-4	exp-2_well-A3_passage-04_subsample-4	NextSeq 500 sequencing: Barcode sequencing of E. coli evolving in antibiotics	Microbe sample from Escherichia coli
SRR10556967	exp-2_well-D9_passage-02_subsample-2	exp-2_well-D9_passage-02_subsample-2	exp-2_well-D9_passage-02_subsample-2	NextSeq 500 sequencing: Barcode sequencing of E. coli evolving in antibiotics	Microbe sample from Escherichia coli
SRR10556974	exp-2_well-F7_passage-22_subsample-4	exp-2_well-F7_passage-22_subsample-4	exp-2_well-F7_passage-22_subsample-4	NextSeq 500 sequencing: Barcode sequencing of E. coli evolving in antibiotics	Microbe sample from Escherichia coli
SRR10556980	exp-2_well-F7_passage-20_subsample-2	exp-2_well-F7_passage-20_subsample-2	exp-2_well-F7_passage-20_subsample-2	NextSeq 500 sequencing: Barcode sequencing of E. coli evolving in antibiotics	Microbe sample from Escherichia coli
SRR10556981	exp-2_well-F7_passage-20_subsample-1	exp-2_well-F7_passage-20_subsample-1	exp-2_well-F7_passage-20_subsample-1	NextSeq 500 sequencing: Barcode sequencing of E. coli evolving in antibiotics	Microbe sample from Escherichia coli
SRR10556984	exp-2_well-A3_passage-16_subsample-4	exp-2_well-A3_passage-16_subsample-4	exp-2_well-A3_passage-16_subsample-4	NextSeq 500 sequencing: Barcode sequencing of E. coli evolving in antibiotics	Microbe sample from Escherichia coli
SRR10556988	exp-2_well-F7_passage-16_subsample-3	exp-2_well-F7_passage-16_subsample-3	exp-2_well-F7_passage-16_subsample-3	NextSeq 500 sequencing: Barcode sequencing of E. coli evolving in antibiotics	Microbe sample from Escherichia coli
SRR10556989	exp-2_well-F7_passage-16_subsample-2	exp-2_well-F7_passage-16_subsample-2	exp-2_well-F7_passage-16_subsample-2	NextSeq 500 sequencing: Barcode sequencing of E. coli evolving in antibiotics	Microbe sample from Escherichia coli
SRR10556991	exp-2_well-F7_passage-14_subsample-4	exp-2_well-F7_passage-14_subsample-4	exp-2_well-F7_passage-14_subsample-4	NextSeq 500 sequencing: Barcode sequencing of E. coli evolving in antibiotics	Microbe sample from Escherichia coli
SRR10556993	exp-2_well-F7_passage-14_subsample-2	exp-2_well-F7_passage-14_subsample-2	exp-2_well-F7_passage-14_subsample-2	NextSeq 500 sequencing: Barcode sequencing of E. coli evolving in antibiotics	Microbe sample from Escherichia coli
SRR10556997	exp-2_well-C5_passage-12_subsample-3	exp-2_well-C5_passage-12_subsample-3	exp-2_well-C5_passage-12_subsample-3	NextSeq 500 sequencing: Barcode sequencing of E. coli evolving in antibiotics	Microbe sample from Escherichia coli
SRR10556999	exp-2_well-C5_passage-12_subsample-1	exp-2_well-C5_passage-12_subsample-1	exp-2_well-C5_passage-12_subsample-1	NextSeq 500 sequencing: Barcode sequencing of E. coli evolving in antibiotics	Microbe sample from Escherichia coli
SRR10557005	exp-2_well-C5_passage-08_subsample-4	exp-2_well-C5_passage-08_subsample-4	exp-2_well-C5_passage-08_subsample-4	NextSeq 500 sequencing: Barcode sequencing of E. coli evolving in antibiotics	Microbe sample from Escherichia coli
SRR10557012	exp-2_well-C5_passage-06_subsample-1	exp-2_well-C5_passage-06_subsample-1	exp-2_well-C5_passage-06_subsample-1	NextSeq 500 sequencing: Barcode sequencing of E. coli evolving in antibiotics	Microbe sample from Escherichia coli
SRR10557019	exp-2_well-C5_passage-02_subsample-3	exp-2_well-C5_passage-02_subsample-3	exp-2_well-C5_passage-02_subsample-3	NextSeq 500 sequencing: Barcode sequencing of E. coli evolving in antibiotics	Microbe sample from Escherichia coli
SRR10557020	exp-2_well-C5_passage-02_subsample-2	exp-2_well-C5_passage-02_subsample-2	exp-2_well-C5_passage-02_subsample-2	NextSeq 500 sequencing: Barcode sequencing of E. coli evolving in antibiotics	Microbe sample from Escherichia coli
SRR10557021	exp-2_well-C5_passage-02_subsample-1	exp-2_well-C5_passage-02_subsample-1	exp-2_well-C5_passage-02_subsample-1	NextSeq 500 sequencing: Barcode sequencing of E. coli evolving in antibiotics	Microbe sample from Escherichia coli
SRR10557026	exp-2_well-B5_passage-30_subsample-1	exp-2_well-B5_passage-30_subsample-1	exp-2_well-B5_passage-30_subsample-1	NextSeq 500 sequencing: Barcode sequencing of E. coli evolving in antibiotics	Microbe sample from Escherichia coli
SRR10557028	exp-2_well-B5_passage-22_subsample-3	exp-2_well-B5_passage-22_subsample-3	exp-2_well-B5_passage-22_subsample-3	NextSeq 500 sequencing: Barcode sequencing of E. coli evolving in antibiotics	Microbe sample from Escherichia coli
SRR10557035	exp-2_well-A5_passage-14_subsample-3	exp-2_well-A5_passage-14_subsample-3	exp-2_well-A5_passage-14_subsample-3	NextSeq 500 sequencing: Barcode sequencing of E. coli evolving in antibiotics	Microbe sample from Escherichia coli
SRR10557036	exp-2_well-A5_passage-14_subsample-2	exp-2_well-A5_passage-14_subsample-2	exp-2_well-A5_passage-14_subsample-2	NextSeq 500 sequencing: Barcode sequencing of E. coli evolving in antibiotics	Microbe sample from Escherichia coli
SRR10557038	exp-2_well-A3_passage-04_subsample-3	exp-2_well-A3_passage-04_subsample-3	exp-2_well-A3_passage-04_subsample-3	NextSeq 500 sequencing: Barcode sequencing of E. coli evolving in antibiotics	Microbe sample from Escherichia coli
SRR10557044	exp-2_well-A5_passage-10_subsample-3	exp-2_well-A5_passage-10_subsample-3	exp-2_well-A5_passage-10_subsample-3	NextSeq 500 sequencing: Barcode sequencing of E. coli evolving in antibiotics	Microbe sample from Escherichia coli
SRR10557045	exp-2_well-A5_passage-10_subsample-2	exp-2_well-A5_passage-10_subsample-2	exp-2_well-A5_passage-10_subsample-2	NextSeq 500 sequencing: Barcode sequencing of E. coli evolving in antibiotics	Microbe sample from Escherichia coli
SRR10557051	exp-2_well-A5_passage-08_subsample-1	exp-2_well-A5_passage-08_subsample-1	exp-2_well-A5_passage-08_subsample-1	NextSeq 500 sequencing: Barcode sequencing of E. coli evolving in antibiotics	Microbe sample from Escherichia coli
SRR10557057	exp-2_well-A5_passage-04_subsample-3	exp-2_well-A5_passage-04_subsample-3	exp-2_well-A5_passage-04_subsample-3	NextSeq 500 sequencing: Barcode sequencing of E. coli evolving in antibiotics	Microbe sample from Escherichia coli
SRR10557060	exp-2_well-A3_passage-04_subsample-1	exp-2_well-A3_passage-04_subsample-1	exp-2_well-A3_passage-04_subsample-1	NextSeq 500 sequencing: Barcode sequencing of E. coli evolving in antibiotics	Microbe sample from Escherichia coli
SRR10557063	exp-2_well-E7_passage-22_subsample-1	exp-2_well-E7_passage-22_subsample-1	exp-2_well-E7_passage-22_subsample-1	NextSeq 500 sequencing: Barcode sequencing of E. coli evolving in antibiotics	Microbe sample from Escherichia coli
SRR10557070	exp-2_well-E7_passage-18_subsample-2	exp-2_well-E7_passage-18_subsample-2	exp-2_well-E7_passage-18_subsample-2	NextSeq 500 sequencing: Barcode sequencing of E. coli evolving in antibiotics	Microbe sample from Escherichia coli
SRR10557076	exp-2_well-E7_passage-16_subsample-1	exp-2_well-E7_passage-16_subsample-1	exp-2_well-E7_passage-16_subsample-1	NextSeq 500 sequencing: Barcode sequencing of E. coli evolving in antibiotics	Microbe sample from Escherichia coli
SRR10557082	exp-2_well-E7_passage-12_subsample-3	exp-2_well-E7_passage-12_subsample-3	exp-2_well-E7_passage-12_subsample-3	NextSeq 500 sequencing: Barcode sequencing of E. coli evolving in antibiotics	Microbe sample from Escherichia coli
SRR10557085	exp-2_well-E7_passage-12_subsample-1	exp-2_well-E7_passage-12_subsample-1	exp-2_well-E7_passage-12_subsample-1	NextSeq 500 sequencing: Barcode sequencing of E. coli evolving in antibiotics	Microbe sample from Escherichia coli
SRR10557096	exp-2_well-A3_passage-10_subsample-3	exp-2_well-A3_passage-10_subsample-3	exp-2_well-A3_passage-10_subsample-3	NextSeq 500 sequencing: Barcode sequencing of E. coli evolving in antibiotics	Microbe sample from Escherichia coli
SRR10557101	exp-2_well-C5_passage-30_subsample-1	exp-2_well-C5_passage-30_subsample-1	exp-2_well-C5_passage-30_subsample-1	NextSeq 500 sequencing: Barcode sequencing of E. coli evolving in antibiotics	Microbe sample from Escherichia coli
SRR10557105	exp-2_well-C5_passage-22_subsample-1	exp-2_well-C5_passage-22_subsample-1	exp-2_well-C5_passage-22_subsample-1	NextSeq 500 sequencing: Barcode sequencing of E. coli evolving in antibiotics	Microbe sample from Escherichia coli
SRR10557109	exp-2_well-C5_passage-20_subsample-2	exp-2_well-C5_passage-20_subsample-2	exp-2_well-C5_passage-20_subsample-2	NextSeq 500 sequencing: Barcode sequencing of E. coli evolving in antibiotics	Microbe sample from Escherichia coli
SRR10557110	exp-2_well-C5_passage-20_subsample-1	exp-2_well-C5_passage-20_subsample-1	exp-2_well-C5_passage-20_subsample-1	NextSeq 500 sequencing: Barcode sequencing of E. coli evolving in antibiotics	Microbe sample from Escherichia coli
SRR10557111	exp-2_well-C5_passage-18_subsample-4	exp-2_well-C5_passage-18_subsample-4	exp-2_well-C5_passage-18_subsample-4	NextSeq 500 sequencing: Barcode sequencing of E. coli evolving in antibiotics	Microbe sample from Escherichia coli
SRR10557113	exp-2_well-C5_passage-18_subsample-2	exp-2_well-C5_passage-18_subsample-2	exp-2_well-C5_passage-18_subsample-2	NextSeq 500 sequencing: Barcode sequencing of E. coli evolving in antibiotics	Microbe sample from Escherichia coli
SRR10557117	exp-2_well-C5_passage-16_subsample-2	exp-2_well-C5_passage-16_subsample-2	exp-2_well-C5_passage-16_subsample-2	NextSeq 500 sequencing: Barcode sequencing of E. coli evolving in antibiotics	Microbe sample from Escherichia coli
SRR10557122	exp-2_well-C5_passage-14_subsample-2	exp-2_well-C5_passage-14_subsample-2	exp-2_well-C5_passage-14_subsample-2	NextSeq 500 sequencing: Barcode sequencing of E. coli evolving in antibiotics	Microbe sample from Escherichia coli
SRR10557124	exp-2_well-C5_passage-12_subsample-4	exp-2_well-C5_passage-12_subsample-4	exp-2_well-C5_passage-12_subsample-4	NextSeq 500 sequencing: Barcode sequencing of E. coli evolving in antibiotics	Microbe sample from Escherichia coli
SRR10557126	exp-2_well-A3_passage-14_subsample-1	exp-2_well-A3_passage-14_subsample-1	exp-2_well-A3_passage-14_subsample-1	NextSeq 500 sequencing: Barcode sequencing of E. coli evolving in antibiotics	Microbe sample from Escherichia coli
SRR10557140	exp-2_well-D7_passage-30_subsample-4	exp-2_well-D7_passage-30_subsample-4	exp-2_well-D7_passage-30_subsample-4	NextSeq 500 sequencing: Barcode sequencing of E. coli evolving in antibiotics	Microbe sample from Escherichia coli
SRR10557143	exp-2_well-D7_passage-30_subsample-1	exp-2_well-D7_passage-30_subsample-1	exp-2_well-D7_passage-30_subsample-1	NextSeq 500 sequencing: Barcode sequencing of E. coli evolving in antibiotics	Microbe sample from Escherichia coli
SRR10557151	exp-2_well-D7_passage-20_subsample-2	exp-2_well-D7_passage-20_subsample-2	exp-2_well-D7_passage-20_subsample-2	NextSeq 500 sequencing: Barcode sequencing of E. coli evolving in antibiotics	Microbe sample from Escherichia coli
SRR10557153	exp-2_well-D7_passage-18_subsample-4	exp-2_well-D7_passage-18_subsample-4	exp-2_well-D7_passage-18_subsample-4	NextSeq 500 sequencing: Barcode sequencing of E. coli evolving in antibiotics	Microbe sample from Escherichia coli
SRR10557173	exp-2_well-C3_passage-20_subsample-1	exp-2_well-C3_passage-20_subsample-1	exp-2_well-C3_passage-20_subsample-1	NextSeq 500 sequencing: Barcode sequencing of E. coli evolving in antibiotics	Microbe sample from Escherichia coli
SRR10557182	exp-2_well-C3_passage-16_subsample-1	exp-2_well-C3_passage-16_subsample-1	exp-2_well-C3_passage-16_subsample-1	NextSeq 500 sequencing: Barcode sequencing of E. coli evolving in antibiotics	Microbe sample from Escherichia coli
SRR10557184	exp-2_well-C3_passage-14_subsample-3	exp-2_well-C3_passage-14_subsample-3	exp-2_well-C3_passage-14_subsample-3	NextSeq 500 sequencing: Barcode sequencing of E. coli evolving in antibiotics	Microbe sample from Escherichia coli
SRR10557190	exp-2_well-B3_passage-20_subsample-3	exp-2_well-B3_passage-20_subsample-3	exp-2_well-B3_passage-20_subsample-3	NextSeq 500 sequencing: Barcode sequencing of E. coli evolving in antibiotics	Microbe sample from Escherichia coli
SRR10557192	exp-2_well-B3_passage-20_subsample-1	exp-2_well-B3_passage-20_subsample-1	exp-2_well-B3_passage-20_subsample-1	NextSeq 500 sequencing: Barcode sequencing of E. coli evolving in antibiotics	Microbe sample from Escherichia coli
SRR10557193	exp-2_well-C1_passage-06_subsample-3	exp-2_well-C1_passage-06_subsample-3	exp-2_well-C1_passage-06_subsample-3	NextSeq 500 sequencing: Barcode sequencing of E. coli evolving in antibiotics	Microbe sample from Escherichia coli
SRR10557197	exp-2_well-C1_passage-04_subsample-3	exp-2_well-C1_passage-04_subsample-3	exp-2_well-C1_passage-04_subsample-3	NextSeq 500 sequencing: Barcode sequencing of E. coli evolving in antibiotics	Microbe sample from Escherichia coli
SRR10557210	exp-2_well-B1_passage-30_subsample-4	exp-2_well-B1_passage-30_subsample-4	exp-2_well-B1_passage-30_subsample-4	NextSeq 500 sequencing: Barcode sequencing of E. coli evolving in antibiotics	Microbe sample from Escherichia coli
SRR10557222	exp-2_well-B1_passage-20_subsample-1	exp-2_well-B1_passage-20_subsample-1	exp-2_well-B1_passage-20_subsample-1	NextSeq 500 sequencing: Barcode sequencing of E. coli evolving in antibiotics	Microbe sample from Escherichia coli
SRR10557224	exp-2_well-B1_passage-18_subsample-4	exp-2_well-B1_passage-18_subsample-4	exp-2_well-B1_passage-18_subsample-4	NextSeq 500 sequencing: Barcode sequencing of E. coli evolving in antibiotics	Microbe sample from Escherichia coli
SRR10557228	exp-2_well-B1_passage-16_subsample-4	exp-2_well-B1_passage-16_subsample-4	exp-2_well-B1_passage-16_subsample-4	NextSeq 500 sequencing: Barcode sequencing of E. coli evolving in antibiotics	Microbe sample from Escherichia coli
SRR10557234	exp-2_well-B3_passage-04_subsample-4	exp-2_well-B3_passage-04_subsample-4	exp-2_well-B3_passage-04_subsample-4	NextSeq 500 sequencing: Barcode sequencing of E. coli evolving in antibiotics	Microbe sample from Escherichia coli
SRR10557236	exp-2_well-B1_passage-14_subsample-1	exp-2_well-B1_passage-14_subsample-1	exp-2_well-B1_passage-14_subsample-1	NextSeq 500 sequencing: Barcode sequencing of E. coli evolving in antibiotics	Microbe sample from Escherichia coli
SRR10557241	exp-2_well-B1_passage-10_subsample-4	exp-2_well-B1_passage-10_subsample-4	exp-2_well-B1_passage-10_subsample-4	NextSeq 500 sequencing: Barcode sequencing of E. coli evolving in antibiotics	Microbe sample from Escherichia coli
SRR10557242	exp-2_well-B1_passage-10_subsample-3	exp-2_well-B1_passage-10_subsample-3	exp-2_well-B1_passage-10_subsample-3	NextSeq 500 sequencing: Barcode sequencing of E. coli evolving in antibiotics	Microbe sample from Escherichia coli
SRR10557243	exp-2_well-B1_passage-10_subsample-2	exp-2_well-B1_passage-10_subsample-2	exp-2_well-B1_passage-10_subsample-2	NextSeq 500 sequencing: Barcode sequencing of E. coli evolving in antibiotics	Microbe sample from Escherichia coli
SRR10557250	exp-2_well-B1_passage-06_subsample-4	exp-2_well-B1_passage-06_subsample-4	exp-2_well-B1_passage-06_subsample-4	NextSeq 500 sequencing: Barcode sequencing of E. coli evolving in antibiotics	Microbe sample from Escherichia coli
SRR10557257	exp-2_well-B3_passage-18_subsample-4	exp-2_well-B3_passage-18_subsample-4	exp-2_well-B3_passage-18_subsample-4	NextSeq 500 sequencing: Barcode sequencing of E. coli evolving in antibiotics	Microbe sample from Escherichia coli
SRR10557266	exp-2_well-B3_passage-14_subsample-4	exp-2_well-B3_passage-14_subsample-4	exp-2_well-B3_passage-14_subsample-4	NextSeq 500 sequencing: Barcode sequencing of E. coli evolving in antibiotics	Microbe sample from Escherichia coli
SRR10557267	exp-2_well-B3_passage-14_subsample-3	exp-2_well-B3_passage-14_subsample-3	exp-2_well-B3_passage-14_subsample-3	NextSeq 500 sequencing: Barcode sequencing of E. coli evolving in antibiotics	Microbe sample from Escherichia coli
SRR10557271	exp-2_well-B3_passage-12_subsample-3	exp-2_well-B3_passage-12_subsample-3	exp-2_well-B3_passage-12_subsample-3	NextSeq 500 sequencing: Barcode sequencing of E. coli evolving in antibiotics	Microbe sample from Escherichia coli
SRR10557272	exp-2_well-B3_passage-12_subsample-2	exp-2_well-B3_passage-12_subsample-2	exp-2_well-B3_passage-12_subsample-2	NextSeq 500 sequencing: Barcode sequencing of E. coli evolving in antibiotics	Microbe sample from Escherichia coli
SRR10557282	exp-2_well-C1_passage-30_subsample-2	exp-2_well-C1_passage-30_subsample-2	exp-2_well-C1_passage-30_subsample-2	NextSeq 500 sequencing: Barcode sequencing of E. coli evolving in antibiotics	Microbe sample from Escherichia coli
SRR10557283	exp-2_well-C1_passage-30_subsample-1	exp-2_well-C1_passage-30_subsample-1	exp-2_well-C1_passage-30_subsample-1	NextSeq 500 sequencing: Barcode sequencing of E. coli evolving in antibiotics	Microbe sample from Escherichia coli
SRR10557294	exp-2_well-B1_passage-02_subsample-1	exp-2_well-B1_passage-02_subsample-1	exp-2_well-B1_passage-02_subsample-1	NextSeq 500 sequencing: Barcode sequencing of E. coli evolving in antibiotics	Microbe sample from Escherichia coli
SRR10557296	exp-2_well-B1_passage-01_subsample-3	exp-2_well-B1_passage-01_subsample-3	exp-2_well-B1_passage-01_subsample-3	NextSeq 500 sequencing: Barcode sequencing of E. coli evolving in antibiotics	Microbe sample from Escherichia coli
SRR10557306	exp-2_well-A1_passage-22_subsample-2	exp-2_well-A1_passage-22_subsample-2	exp-2_well-A1_passage-22_subsample-2	NextSeq 500 sequencing: Barcode sequencing of E. coli evolving in antibiotics	Microbe sample from Escherichia coli
SRR10557317	exp-2_well-A1_passage-16_subsample-4	exp-2_well-A1_passage-16_subsample-4	exp-2_well-A1_passage-16_subsample-4	NextSeq 500 sequencing: Barcode sequencing of E. coli evolving in antibiotics	Microbe sample from Escherichia coli
SRR10557320	exp-2_well-A1_passage-16_subsample-1	exp-2_well-A1_passage-16_subsample-1	exp-2_well-A1_passage-16_subsample-1	NextSeq 500 sequencing: Barcode sequencing of E. coli evolving in antibiotics	Microbe sample from Escherichia coli
SRR10557322	exp-2_well-A1_passage-14_subsample-4	exp-2_well-A1_passage-14_subsample-4	exp-2_well-A1_passage-14_subsample-4	NextSeq 500 sequencing: Barcode sequencing of E. coli evolving in antibiotics	Microbe sample from Escherichia coli
SRR10557323	exp-2_well-A1_passage-14_subsample-3	exp-2_well-A1_passage-14_subsample-3	exp-2_well-A1_passage-14_subsample-3	NextSeq 500 sequencing: Barcode sequencing of E. coli evolving in antibiotics	Microbe sample from Escherichia coli
SRR10557328	exp-2_well-A1_passage-12_subsample-2	exp-2_well-A1_passage-12_subsample-2	exp-2_well-A1_passage-12_subsample-2	NextSeq 500 sequencing: Barcode sequencing of E. coli evolving in antibiotics	Microbe sample from Escherichia coli
SRR10557332	exp-2_well-B3_passage-02_subsample-2	exp-2_well-B3_passage-02_subsample-2	exp-2_well-B3_passage-02_subsample-2	NextSeq 500 sequencing: Barcode sequencing of E. coli evolving in antibiotics	Microbe sample from Escherichia coli
SRR10557333	exp-2_well-A1_passage-10_subsample-2	exp-2_well-A1_passage-10_subsample-2	exp-2_well-A1_passage-10_subsample-2	NextSeq 500 sequencing: Barcode sequencing of E. coli evolving in antibiotics	Microbe sample from Escherichia coli
SRR10557354	exp-2_well-E9_passage-22_subsample-1	exp-2_well-E9_passage-22_subsample-1	exp-2_well-E9_passage-22_subsample-1	NextSeq 500 sequencing: Barcode sequencing of E. coli evolving in antibiotics	Microbe sample from Escherichia coli
SRR10557358	exp-2_well-E9_passage-20_subsample-2	exp-2_well-E9_passage-20_subsample-2	exp-2_well-E9_passage-20_subsample-2	NextSeq 500 sequencing: Barcode sequencing of E. coli evolving in antibiotics	Microbe sample from Escherichia coli
SRR10557374	exp-2_well-E9_passage-12_subsample-3	exp-2_well-E9_passage-12_subsample-3	exp-2_well-E9_passage-12_subsample-3	NextSeq 500 sequencing: Barcode sequencing of E. coli evolving in antibiotics	Microbe sample from Escherichia coli
SRR10557378	exp-2_well-E9_passage-10_subsample-3	exp-2_well-E9_passage-10_subsample-3	exp-2_well-E9_passage-10_subsample-3	NextSeq 500 sequencing: Barcode sequencing of E. coli evolving in antibiotics	Microbe sample from Escherichia coli
SRR10557382	exp-2_well-E9_passage-08_subsample-4	exp-2_well-E9_passage-08_subsample-4	exp-2_well-E9_passage-08_subsample-4	NextSeq 500 sequencing: Barcode sequencing of E. coli evolving in antibiotics	Microbe sample from Escherichia coli
SRR10557385	exp-2_well-F7_passage-12_subsample-3	exp-2_well-F7_passage-12_subsample-3	exp-2_well-F7_passage-12_subsample-3	NextSeq 500 sequencing: Barcode sequencing of E. coli evolving in antibiotics	Microbe sample from Escherichia coli
SRR10557386	exp-2_well-F7_passage-12_subsample-2	exp-2_well-F7_passage-12_subsample-2	exp-2_well-F7_passage-12_subsample-2	NextSeq 500 sequencing: Barcode sequencing of E. coli evolving in antibiotics	Microbe sample from Escherichia coli
SRR10557390	exp-2_well-F7_passage-10_subsample-2	exp-2_well-F7_passage-10_subsample-2	exp-2_well-F7_passage-10_subsample-2	NextSeq 500 sequencing: Barcode sequencing of E. coli evolving in antibiotics	Microbe sample from Escherichia coli
SRR10557391	exp-2_well-F7_passage-10_subsample-1	exp-2_well-F7_passage-10_subsample-1	exp-2_well-F7_passage-10_subsample-1	NextSeq 500 sequencing: Barcode sequencing of E. coli evolving in antibiotics	Microbe sample from Escherichia coli
SRR10557394	exp-2_well-A3_passage-16_subsample-2	exp-2_well-A3_passage-16_subsample-2	exp-2_well-A3_passage-16_subsample-2	NextSeq 500 sequencing: Barcode sequencing of E. coli evolving in antibiotics	Microbe sample from Escherichia coli
SRR10557397	exp-2_well-F7_passage-06_subsample-4	exp-2_well-F7_passage-06_subsample-4	exp-2_well-F7_passage-06_subsample-4	NextSeq 500 sequencing: Barcode sequencing of E. coli evolving in antibiotics	Microbe sample from Escherichia coli
SRR10557399	exp-2_well-F7_passage-06_subsample-2	exp-2_well-F7_passage-06_subsample-2	exp-2_well-F7_passage-06_subsample-2	NextSeq 500 sequencing: Barcode sequencing of E. coli evolving in antibiotics	Microbe sample from Escherichia coli
SRR10557405	exp-2_well-A3_passage-16_subsample-1	exp-2_well-A3_passage-16_subsample-1	exp-2_well-A3_passage-16_subsample-1	NextSeq 500 sequencing: Barcode sequencing of E. coli evolving in antibiotics	Microbe sample from Escherichia coli
SRR10557406	exp-2_well-all_passage-00_sample-2_subsample-1	exp-2_well-all_passage-00_sample-2_subsample-1	exp-2_well-all_passage-00_sample-2_subsample-1	NextSeq 500 sequencing: Barcode sequencing of E. coli evolving in antibiotics	Microbe sample from Escherichia coli
SRR10557411	exp-2_well-E7_passage-30_subsample-4	exp-2_well-E7_passage-30_subsample-4	exp-2_well-E7_passage-30_subsample-4	NextSeq 500 sequencing: Barcode sequencing of E. coli evolving in antibiotics	Microbe sample from Escherichia coli
SRR10557412	exp-2_well-E7_passage-30_subsample-3	exp-2_well-E7_passage-30_subsample-3	exp-2_well-E7_passage-30_subsample-3	NextSeq 500 sequencing: Barcode sequencing of E. coli evolving in antibiotics	Microbe sample from Escherichia coli
SRR10557414	exp-2_well-E7_passage-30_subsample-1	exp-2_well-E7_passage-30_subsample-1	exp-2_well-E7_passage-30_subsample-1	NextSeq 500 sequencing: Barcode sequencing of E. coli evolving in antibiotics	Microbe sample from Escherichia coli
SRR10557419	exp-2_well-E9_passage-06_subsample-3	exp-2_well-E9_passage-06_subsample-3	exp-2_well-E9_passage-06_subsample-3	NextSeq 500 sequencing: Barcode sequencing of E. coli evolving in antibiotics	Microbe sample from Escherichia coli
SRR10557424	exp-2_well-E9_passage-04_subsample-4	exp-2_well-E9_passage-04_subsample-4	exp-2_well-E9_passage-04_subsample-4	NextSeq 500 sequencing: Barcode sequencing of E. coli evolving in antibiotics	Microbe sample from Escherichia coli
SRR10557433	exp-2_well-D9_passage-30_subsample-3	exp-2_well-D9_passage-30_subsample-3	exp-2_well-D9_passage-30_subsample-3	NextSeq 500 sequencing: Barcode sequencing of E. coli evolving in antibiotics	Microbe sample from Escherichia coli
SRR10557443	exp-2_well-D9_passage-20_subsample-2	exp-2_well-D9_passage-20_subsample-2	exp-2_well-D9_passage-20_subsample-2	NextSeq 500 sequencing: Barcode sequencing of E. coli evolving in antibiotics	Microbe sample from Escherichia coli
SRR10557444	exp-2_well-D9_passage-20_subsample-1	exp-2_well-D9_passage-20_subsample-1	exp-2_well-D9_passage-20_subsample-1	NextSeq 500 sequencing: Barcode sequencing of E. coli evolving in antibiotics	Microbe sample from Escherichia coli
SRR10557458	exp-2_well-D7_passage-12_subsample-4	exp-2_well-D7_passage-12_subsample-4	exp-2_well-D7_passage-12_subsample-4	NextSeq 500 sequencing: Barcode sequencing of E. coli evolving in antibiotics	Microbe sample from Escherichia coli
SRR10557461	exp-2_well-D7_passage-12_subsample-1	exp-2_well-D7_passage-12_subsample-1	exp-2_well-D7_passage-12_subsample-1	NextSeq 500 sequencing: Barcode sequencing of E. coli evolving in antibiotics	Microbe sample from Escherichia coli
SRR10557471	exp-2_well-D7_passage-06_subsample-4	exp-2_well-D7_passage-06_subsample-4	exp-2_well-D7_passage-06_subsample-4	NextSeq 500 sequencing: Barcode sequencing of E. coli evolving in antibiotics	Microbe sample from Escherichia coli
SRR10557473	exp-2_well-A3_passage-10_subsample-4	exp-2_well-A3_passage-10_subsample-4	exp-2_well-A3_passage-10_subsample-4	NextSeq 500 sequencing: Barcode sequencing of E. coli evolving in antibiotics	Microbe sample from Escherichia coli
SRR10557475	exp-2_well-D7_passage-06_subsample-1	exp-2_well-D7_passage-06_subsample-1	exp-2_well-D7_passage-06_subsample-1	NextSeq 500 sequencing: Barcode sequencing of E. coli evolving in antibiotics	Microbe sample from Escherichia coli
SRR10557477	exp-2_well-D7_passage-04_subsample-3	exp-2_well-D7_passage-04_subsample-3	exp-2_well-D7_passage-04_subsample-3	NextSeq 500 sequencing: Barcode sequencing of E. coli evolving in antibiotics	Microbe sample from Escherichia coli
SRR10557481	exp-2_well-A3_passage-02_subsample-2	exp-2_well-A3_passage-02_subsample-2	exp-2_well-A3_passage-02_subsample-2	NextSeq 500 sequencing: Barcode sequencing of E. coli evolving in antibiotics	Microbe sample from Escherichia coli
SRR10557493	exp-2_well-C3_passage-06_subsample-4	exp-2_well-C3_passage-06_subsample-4	exp-2_well-C3_passage-06_subsample-4	NextSeq 500 sequencing: Barcode sequencing of E. coli evolving in antibiotics	Microbe sample from Escherichia coli
SRR10557495	exp-2_well-C3_passage-06_subsample-2	exp-2_well-C3_passage-06_subsample-2	exp-2_well-C3_passage-06_subsample-2	NextSeq 500 sequencing: Barcode sequencing of E. coli evolving in antibiotics	Microbe sample from Escherichia coli
SRR10557497	exp-2_well-C3_passage-04_subsample-4	exp-2_well-C3_passage-04_subsample-4	exp-2_well-C3_passage-04_subsample-4	NextSeq 500 sequencing: Barcode sequencing of E. coli evolving in antibiotics	Microbe sample from Escherichia coli
SRR10557498	exp-2_well-C3_passage-04_subsample-3	exp-2_well-C3_passage-04_subsample-3	exp-2_well-C3_passage-04_subsample-3	NextSeq 500 sequencing: Barcode sequencing of E. coli evolving in antibiotics	Microbe sample from Escherichia coli
SRR10557503	exp-2_well-all_passage-00_sample-3_subsample-4	exp-2_well-all_passage-00_sample-3_subsample-4	exp-2_well-all_passage-00_sample-3_subsample-4	NextSeq 500 sequencing: Barcode sequencing of E. coli evolving in antibiotics	Microbe sample from Escherichia coli
SRR10557505	exp-2_well-C3_passage-02_subsample-1	exp-2_well-C3_passage-02_subsample-1	exp-2_well-C3_passage-02_subsample-1	NextSeq 500 sequencing: Barcode sequencing of E. coli evolving in antibiotics	Microbe sample from Escherichia coli
SRR10557509	exp-2_well-B3_passage-30_subsample-1	exp-2_well-B3_passage-30_subsample-1	exp-2_well-B3_passage-30_subsample-1	NextSeq 500 sequencing: Barcode sequencing of E. coli evolving in antibiotics	Microbe sample from Escherichia coli
SRR10557513	exp-2_well-F9_passage-12_subsample-3	exp-2_well-F9_passage-12_subsample-3	exp-2_well-F9_passage-12_subsample-3	NextSeq 500 sequencing: Barcode sequencing of E. coli evolving in antibiotics	Microbe sample from Escherichia coli
SRR10557515	exp-2_well-F9_passage-12_subsample-1	exp-2_well-F9_passage-12_subsample-1	exp-2_well-F9_passage-12_subsample-1	NextSeq 500 sequencing: Barcode sequencing of E. coli evolving in antibiotics	Microbe sample from Escherichia coli
SRR10557516	exp-2_well-A3_passage-30_subsample-1	exp-2_well-A3_passage-30_subsample-1	exp-2_well-A3_passage-30_subsample-1	NextSeq 500 sequencing: Barcode sequencing of E. coli evolving in antibiotics	Microbe sample from Escherichia coli
SRR10557519	exp-2_well-F9_passage-10_subsample-2	exp-2_well-F9_passage-10_subsample-2	exp-2_well-F9_passage-10_subsample-2	NextSeq 500 sequencing: Barcode sequencing of E. coli evolving in antibiotics	Microbe sample from Escherichia coli
SRR10557523	exp-2_well-F9_passage-08_subsample-2	exp-2_well-F9_passage-08_subsample-2	exp-2_well-F9_passage-08_subsample-2	NextSeq 500 sequencing: Barcode sequencing of E. coli evolving in antibiotics	Microbe sample from Escherichia coli
SRR10557526	exp-2_well-F9_passage-06_subsample-3	exp-2_well-F9_passage-06_subsample-3	exp-2_well-F9_passage-06_subsample-3	NextSeq 500 sequencing: Barcode sequencing of E. coli evolving in antibiotics	Microbe sample from Escherichia coli
SRR10557528	exp-2_well-F9_passage-06_subsample-2	exp-2_well-F9_passage-06_subsample-2	exp-2_well-F9_passage-06_subsample-2	NextSeq 500 sequencing: Barcode sequencing of E. coli evolving in antibiotics	Microbe sample from Escherichia coli
SRR10557531	exp-2_well-F9_passage-04_subsample-3	exp-2_well-F9_passage-04_subsample-3	exp-2_well-F9_passage-04_subsample-3	NextSeq 500 sequencing: Barcode sequencing of E. coli evolving in antibiotics	Microbe sample from Escherichia coli
SRR10557540	exp-2_well-E9_passage-30_subsample-3	exp-2_well-E9_passage-30_subsample-3	exp-2_well-E9_passage-30_subsample-3	NextSeq 500 sequencing: Barcode sequencing of E. coli evolving in antibiotics	Microbe sample from Escherichia coli
SRR10557547	exp-2_well-all_passage-00_sample-1_subsample-2	exp-2_well-all_passage-00_sample-1_subsample-2	exp-2_well-all_passage-00_sample-1_subsample-2	NextSeq 500 sequencing: Barcode sequencing of E. coli evolving in antibiotics	Microbe sample from Escherichia coli
SRR10557548	exp-2_well-all_passage-00_sample-1_subsample-1	exp-2_well-all_passage-00_sample-1_subsample-1	exp-2_well-all_passage-00_sample-1_subsample-1	NextSeq 500 sequencing: Barcode sequencing of E. coli evolving in antibiotics	Microbe sample from Escherichia coli
SRR10557551	exp-2_well-B5_passage-20_subsample-4	exp-2_well-B5_passage-20_subsample-4	exp-2_well-B5_passage-20_subsample-4	NextSeq 500 sequencing: Barcode sequencing of E. coli evolving in antibiotics	Microbe sample from Escherichia coli
SRR10557553	exp-2_well-B5_passage-20_subsample-2	exp-2_well-B5_passage-20_subsample-2	exp-2_well-B5_passage-20_subsample-2	NextSeq 500 sequencing: Barcode sequencing of E. coli evolving in antibiotics	Microbe sample from Escherichia coli
SRR10557557	exp-2_well-B5_passage-18_subsample-3	exp-2_well-B5_passage-18_subsample-3	exp-2_well-B5_passage-18_subsample-3	NextSeq 500 sequencing: Barcode sequencing of E. coli evolving in antibiotics	Microbe sample from Escherichia coli
SRR10557558	exp-2_well-B5_passage-18_subsample-2	exp-2_well-B5_passage-18_subsample-2	exp-2_well-B5_passage-18_subsample-2	NextSeq 500 sequencing: Barcode sequencing of E. coli evolving in antibiotics	Microbe sample from Escherichia coli
SRR10557562	exp-2_well-B5_passage-16_subsample-2	exp-2_well-B5_passage-16_subsample-2	exp-2_well-B5_passage-16_subsample-2	NextSeq 500 sequencing: Barcode sequencing of E. coli evolving in antibiotics	Microbe sample from Escherichia coli
SRR10557563	exp-2_well-B5_passage-16_subsample-1	exp-2_well-B5_passage-16_subsample-1	exp-2_well-B5_passage-16_subsample-1	NextSeq 500 sequencing: Barcode sequencing of E. coli evolving in antibiotics	Microbe sample from Escherichia coli
SRR10557564	exp-2_well-B5_passage-14_subsample-4	exp-2_well-B5_passage-14_subsample-4	exp-2_well-B5_passage-14_subsample-4	NextSeq 500 sequencing: Barcode sequencing of E. coli evolving in antibiotics	Microbe sample from Escherichia coli
SRR10557570	exp-2_well-B5_passage-12_subsample-3	exp-2_well-B5_passage-12_subsample-3	exp-2_well-B5_passage-12_subsample-3	NextSeq 500 sequencing: Barcode sequencing of E. coli evolving in antibiotics	Microbe sample from Escherichia coli
SRR10557582	exp-2_well-C1_passage-20_subsample-3	exp-2_well-C1_passage-20_subsample-3	exp-2_well-C1_passage-20_subsample-3	NextSeq 500 sequencing: Barcode sequencing of E. coli evolving in antibiotics	Microbe sample from Escherichia coli
SRR10557584	exp-2_well-C1_passage-20_subsample-1	exp-2_well-C1_passage-20_subsample-1	exp-2_well-C1_passage-20_subsample-1	NextSeq 500 sequencing: Barcode sequencing of E. coli evolving in antibiotics	Microbe sample from Escherichia coli
SRR10557589	exp-2_well-C1_passage-18_subsample-1	exp-2_well-C1_passage-18_subsample-1	exp-2_well-C1_passage-18_subsample-1	NextSeq 500 sequencing: Barcode sequencing of E. coli evolving in antibiotics	Microbe sample from Escherichia coli
SRR10557596	exp-2_well-C1_passage-14_subsample-2	exp-2_well-C1_passage-14_subsample-2	exp-2_well-C1_passage-14_subsample-2	NextSeq 500 sequencing: Barcode sequencing of E. coli evolving in antibiotics	Microbe sample from Escherichia coli
SRR10557602	exp-2_well-C1_passage-12_subsample-1	exp-2_well-C1_passage-12_subsample-1	exp-2_well-C1_passage-12_subsample-1	NextSeq 500 sequencing: Barcode sequencing of E. coli evolving in antibiotics	Microbe sample from Escherichia coli
SRR10557604	exp-2_well-C1_passage-10_subsample-3	exp-2_well-C1_passage-10_subsample-3	exp-2_well-C1_passage-10_subsample-3	NextSeq 500 sequencing: Barcode sequencing of E. coli evolving in antibiotics	Microbe sample from Escherichia coli
SRR10557613	exp-2_well-A1_passage-01_subsample-4	exp-2_well-A1_passage-01_subsample-4	exp-2_well-A1_passage-01_subsample-4	NextSeq 500 sequencing: Barcode sequencing of E. coli evolving in antibiotics	Microbe sample from Escherichia coli
SRR10557618	exp-2_well-F9_passage-30_subsample-4	exp-2_well-F9_passage-30_subsample-4	exp-2_well-F9_passage-30_subsample-4	NextSeq 500 sequencing: Barcode sequencing of E. coli evolving in antibiotics	Microbe sample from Escherichia coli
SRR10557619	exp-2_well-F9_passage-30_subsample-3	exp-2_well-F9_passage-30_subsample-3	exp-2_well-F9_passage-30_subsample-3	NextSeq 500 sequencing: Barcode sequencing of E. coli evolving in antibiotics	Microbe sample from Escherichia coli
SRR10557620	exp-2_well-F9_passage-30_subsample-2	exp-2_well-F9_passage-30_subsample-2	exp-2_well-F9_passage-30_subsample-2	NextSeq 500 sequencing: Barcode sequencing of E. coli evolving in antibiotics	Microbe sample from Escherichia coli
SRR10556880	exp-2_well-F9_passage-22_subsample-2	exp-2_well-F9_passage-22_subsample-2	exp-2_well-F9_passage-22_subsample-2	NextSeq 500 sequencing: Barcode sequencing of E. coli evolving in antibiotics	Microbe sample from Escherichia coli
SRR10556887	exp-2_well-F9_passage-18_subsample-4	exp-2_well-F9_passage-18_subsample-4	exp-2_well-F9_passage-18_subsample-4	NextSeq 500 sequencing: Barcode sequencing of E. coli evolving in antibiotics	Microbe sample from Escherichia coli
SRR10556902	exp-2_well-D9_passage-16_subsample-4	exp-2_well-D9_passage-16_subsample-4	exp-2_well-D9_passage-16_subsample-4	NextSeq 500 sequencing: Barcode sequencing of E. coli evolving in antibiotics	Microbe sample from Escherichia coli
SRR10556903	exp-2_well-D9_passage-16_subsample-3	exp-2_well-D9_passage-16_subsample-3	exp-2_well-D9_passage-16_subsample-3	NextSeq 500 sequencing: Barcode sequencing of E. coli evolving in antibiotics	Microbe sample from Escherichia coli
SRR10556912	exp-2_well-D9_passage-12_subsample-3	exp-2_well-D9_passage-12_subsample-3	exp-2_well-D9_passage-12_subsample-3	NextSeq 500 sequencing: Barcode sequencing of E. coli evolving in antibiotics	Microbe sample from Escherichia coli
SRR10556913	exp-2_well-D9_passage-12_subsample-2	exp-2_well-D9_passage-12_subsample-2	exp-2_well-D9_passage-12_subsample-2	NextSeq 500 sequencing: Barcode sequencing of E. coli evolving in antibiotics	Microbe sample from Escherichia coli
SRR10556925	exp-2_well-D9_passage-06_subsample-3	exp-2_well-D9_passage-06_subsample-3	exp-2_well-D9_passage-06_subsample-3	NextSeq 500 sequencing: Barcode sequencing of E. coli evolving in antibiotics	Microbe sample from Escherichia coli
SRR10556933	exp-2_well-B5_passage-08_subsample-1	exp-2_well-B5_passage-08_subsample-1	exp-2_well-B5_passage-08_subsample-1	NextSeq 500 sequencing: Barcode sequencing of E. coli evolving in antibiotics	Microbe sample from Escherichia coli
SRR10556936	exp-2_well-B5_passage-06_subsample-2	exp-2_well-B5_passage-06_subsample-2	exp-2_well-B5_passage-06_subsample-2	NextSeq 500 sequencing: Barcode sequencing of E. coli evolving in antibiotics	Microbe sample from Escherichia coli
SRR10556938	exp-2_well-B5_passage-04_subsample-4	exp-2_well-B5_passage-04_subsample-4	exp-2_well-B5_passage-04_subsample-4	NextSeq 500 sequencing: Barcode sequencing of E. coli evolving in antibiotics	Microbe sample from Escherichia coli
SRR10556942	exp-2_well-B5_passage-04_subsample-1	exp-2_well-B5_passage-04_subsample-1	exp-2_well-B5_passage-04_subsample-1	NextSeq 500 sequencing: Barcode sequencing of E. coli evolving in antibiotics	Microbe sample from Escherichia coli
SRR10556944	exp-2_well-B5_passage-02_subsample-3	exp-2_well-B5_passage-02_subsample-3	exp-2_well-B5_passage-02_subsample-3	NextSeq 500 sequencing: Barcode sequencing of E. coli evolving in antibiotics	Microbe sample from Escherichia coli
SRR10556950	exp-2_well-A5_passage-30_subsample-1	exp-2_well-A5_passage-30_subsample-1	exp-2_well-A5_passage-30_subsample-1	NextSeq 500 sequencing: Barcode sequencing of E. coli evolving in antibiotics	Microbe sample from Escherichia coli
SRR10556953	exp-2_well-A5_passage-22_subsample-4	exp-2_well-A5_passage-22_subsample-4	exp-2_well-A5_passage-22_subsample-4	NextSeq 500 sequencing: Barcode sequencing of E. coli evolving in antibiotics	Microbe sample from Escherichia coli
SRR10556962	exp-2_well-A5_passage-18_subsample-3	exp-2_well-A5_passage-18_subsample-3	exp-2_well-A5_passage-18_subsample-3	NextSeq 500 sequencing: Barcode sequencing of E. coli evolving in antibiotics	Microbe sample from Escherichia coli
SRR10556964	exp-2_well-A5_passage-18_subsample-2	exp-2_well-A5_passage-18_subsample-2	exp-2_well-A5_passage-18_subsample-2	NextSeq 500 sequencing: Barcode sequencing of E. coli evolving in antibiotics	Microbe sample from Escherichia coli
SRR10556975	exp-2_well-F7_passage-22_subsample-3	exp-2_well-F7_passage-22_subsample-3	exp-2_well-F7_passage-22_subsample-3	NextSeq 500 sequencing: Barcode sequencing of E. coli evolving in antibiotics	Microbe sample from Escherichia coli
SRR10556976	exp-2_well-F7_passage-22_subsample-2	exp-2_well-F7_passage-22_subsample-2	exp-2_well-F7_passage-22_subsample-2	NextSeq 500 sequencing: Barcode sequencing of E. coli evolving in antibiotics	Microbe sample from Escherichia coli
SRR10556987	exp-2_well-F7_passage-16_subsample-4	exp-2_well-F7_passage-16_subsample-4	exp-2_well-F7_passage-16_subsample-4	NextSeq 500 sequencing: Barcode sequencing of E. coli evolving in antibiotics	Microbe sample from Escherichia coli
SRR10556990	exp-2_well-F7_passage-16_subsample-1	exp-2_well-F7_passage-16_subsample-1	exp-2_well-F7_passage-16_subsample-1	NextSeq 500 sequencing: Barcode sequencing of E. coli evolving in antibiotics	Microbe sample from Escherichia coli
SRR10556992	exp-2_well-F7_passage-14_subsample-3	exp-2_well-F7_passage-14_subsample-3	exp-2_well-F7_passage-14_subsample-3	NextSeq 500 sequencing: Barcode sequencing of E. coli evolving in antibiotics	Microbe sample from Escherichia coli
SRR10557002	exp-2_well-A3_passage-08_subsample-4	exp-2_well-A3_passage-08_subsample-4	exp-2_well-A3_passage-08_subsample-4	NextSeq 500 sequencing: Barcode sequencing of E. coli evolving in antibiotics	Microbe sample from Escherichia coli
SRR10557004	exp-2_well-C5_passage-10_subsample-1	exp-2_well-C5_passage-10_subsample-1	exp-2_well-C5_passage-10_subsample-1	NextSeq 500 sequencing: Barcode sequencing of E. coli evolving in antibiotics	Microbe sample from Escherichia coli
SRR10557007	exp-2_well-C5_passage-08_subsample-2	exp-2_well-C5_passage-08_subsample-2	exp-2_well-C5_passage-08_subsample-2	NextSeq 500 sequencing: Barcode sequencing of E. coli evolving in antibiotics	Microbe sample from Escherichia coli
SRR10557008	exp-2_well-C5_passage-08_subsample-1	exp-2_well-C5_passage-08_subsample-1	exp-2_well-C5_passage-08_subsample-1	NextSeq 500 sequencing: Barcode sequencing of E. coli evolving in antibiotics	Microbe sample from Escherichia coli
SRR10557010	exp-2_well-C5_passage-06_subsample-3	exp-2_well-C5_passage-06_subsample-3	exp-2_well-C5_passage-06_subsample-3	NextSeq 500 sequencing: Barcode sequencing of E. coli evolving in antibiotics	Microbe sample from Escherichia coli
SRR10557016	exp-2_well-C5_passage-04_subsample-2	exp-2_well-C5_passage-04_subsample-2	exp-2_well-C5_passage-04_subsample-2	NextSeq 500 sequencing: Barcode sequencing of E. coli evolving in antibiotics	Microbe sample from Escherichia coli
SRR10557017	exp-2_well-C5_passage-04_subsample-1	exp-2_well-C5_passage-04_subsample-1	exp-2_well-C5_passage-04_subsample-1	NextSeq 500 sequencing: Barcode sequencing of E. coli evolving in antibiotics	Microbe sample from Escherichia coli
SRR10557018	exp-2_well-C5_passage-02_subsample-4	exp-2_well-C5_passage-02_subsample-4	exp-2_well-C5_passage-02_subsample-4	NextSeq 500 sequencing: Barcode sequencing of E. coli evolving in antibiotics	Microbe sample from Escherichia coli
SRR10557022	exp-2_well-B5_passage-30_subsample-4	exp-2_well-B5_passage-30_subsample-4	exp-2_well-B5_passage-30_subsample-4	NextSeq 500 sequencing: Barcode sequencing of E. coli evolving in antibiotics	Microbe sample from Escherichia coli
SRR10557023	exp-2_well-B5_passage-30_subsample-3	exp-2_well-B5_passage-30_subsample-3	exp-2_well-B5_passage-30_subsample-3	NextSeq 500 sequencing: Barcode sequencing of E. coli evolving in antibiotics	Microbe sample from Escherichia coli
SRR10557024	exp-2_well-A3_passage-08_subsample-2	exp-2_well-A3_passage-08_subsample-2	exp-2_well-A3_passage-08_subsample-2	NextSeq 500 sequencing: Barcode sequencing of E. coli evolving in antibiotics	Microbe sample from Escherichia coli
SRR10557025	exp-2_well-B5_passage-30_subsample-2	exp-2_well-B5_passage-30_subsample-2	exp-2_well-B5_passage-30_subsample-2	NextSeq 500 sequencing: Barcode sequencing of E. coli evolving in antibiotics	Microbe sample from Escherichia coli
SRR10557027	exp-2_well-B5_passage-22_subsample-4	exp-2_well-B5_passage-22_subsample-4	exp-2_well-B5_passage-22_subsample-4	NextSeq 500 sequencing: Barcode sequencing of E. coli evolving in antibiotics	Microbe sample from Escherichia coli
SRR10557034	exp-2_well-A5_passage-14_subsample-4	exp-2_well-A5_passage-14_subsample-4	exp-2_well-A5_passage-14_subsample-4	NextSeq 500 sequencing: Barcode sequencing of E. coli evolving in antibiotics	Microbe sample from Escherichia coli
SRR10557039	exp-2_well-A5_passage-12_subsample-4	exp-2_well-A5_passage-12_subsample-4	exp-2_well-A5_passage-12_subsample-4	NextSeq 500 sequencing: Barcode sequencing of E. coli evolving in antibiotics	Microbe sample from Escherichia coli
SRR10557043	exp-2_well-A5_passage-10_subsample-4	exp-2_well-A5_passage-10_subsample-4	exp-2_well-A5_passage-10_subsample-4	NextSeq 500 sequencing: Barcode sequencing of E. coli evolving in antibiotics	Microbe sample from Escherichia coli
SRR10557049	exp-2_well-A3_passage-04_subsample-2	exp-2_well-A3_passage-04_subsample-2	exp-2_well-A3_passage-04_subsample-2	NextSeq 500 sequencing: Barcode sequencing of E. coli evolving in antibiotics	Microbe sample from Escherichia coli
SRR10557053	exp-2_well-A5_passage-06_subsample-3	exp-2_well-A5_passage-06_subsample-3	exp-2_well-A5_passage-06_subsample-3	NextSeq 500 sequencing: Barcode sequencing of E. coli evolving in antibiotics	Microbe sample from Escherichia coli
SRR10557061	exp-2_well-A3_passage-14_subsample-4	exp-2_well-A3_passage-14_subsample-4	exp-2_well-A3_passage-14_subsample-4	NextSeq 500 sequencing: Barcode sequencing of E. coli evolving in antibiotics	Microbe sample from Escherichia coli
SRR10557064	exp-2_well-E7_passage-20_subsample-4	exp-2_well-E7_passage-20_subsample-4	exp-2_well-E7_passage-20_subsample-4	NextSeq 500 sequencing: Barcode sequencing of E. coli evolving in antibiotics	Microbe sample from Escherichia coli
SRR10557067	exp-2_well-E7_passage-20_subsample-1	exp-2_well-E7_passage-20_subsample-1	exp-2_well-E7_passage-20_subsample-1	NextSeq 500 sequencing: Barcode sequencing of E. coli evolving in antibiotics	Microbe sample from Escherichia coli
SRR10557069	exp-2_well-E7_passage-18_subsample-3	exp-2_well-E7_passage-18_subsample-3	exp-2_well-E7_passage-18_subsample-3	NextSeq 500 sequencing: Barcode sequencing of E. coli evolving in antibiotics	Microbe sample from Escherichia coli
SRR10557080	exp-2_well-E7_passage-14_subsample-1	exp-2_well-E7_passage-14_subsample-1	exp-2_well-E7_passage-14_subsample-1	NextSeq 500 sequencing: Barcode sequencing of E. coli evolving in antibiotics	Microbe sample from Escherichia coli
SRR10557081	exp-2_well-E7_passage-12_subsample-4	exp-2_well-E7_passage-12_subsample-4	exp-2_well-E7_passage-12_subsample-4	NextSeq 500 sequencing: Barcode sequencing of E. coli evolving in antibiotics	Microbe sample from Escherichia coli
SRR10557086	exp-2_well-E7_passage-10_subsample-4	exp-2_well-E7_passage-10_subsample-4	exp-2_well-E7_passage-10_subsample-4	NextSeq 500 sequencing: Barcode sequencing of E. coli evolving in antibiotics	Microbe sample from Escherichia coli
SRR10557090	exp-2_well-E7_passage-08_subsample-4	exp-2_well-E7_passage-08_subsample-4	exp-2_well-E7_passage-08_subsample-4	NextSeq 500 sequencing: Barcode sequencing of E. coli evolving in antibiotics	Microbe sample from Escherichia coli
SRR10557092	exp-2_well-E7_passage-08_subsample-2	exp-2_well-E7_passage-08_subsample-2	exp-2_well-E7_passage-08_subsample-2	NextSeq 500 sequencing: Barcode sequencing of E. coli evolving in antibiotics	Microbe sample from Escherichia coli
SRR10557093	exp-2_well-D7_passage-02_subsample-3	exp-2_well-D7_passage-02_subsample-3	exp-2_well-D7_passage-02_subsample-3	NextSeq 500 sequencing: Barcode sequencing of E. coli evolving in antibiotics	Microbe sample from Escherichia coli
SRR10557099	exp-2_well-C5_passage-30_subsample-3	exp-2_well-C5_passage-30_subsample-3	exp-2_well-C5_passage-30_subsample-3	NextSeq 500 sequencing: Barcode sequencing of E. coli evolving in antibiotics	Microbe sample from Escherichia coli
SRR10557104	exp-2_well-C5_passage-22_subsample-2	exp-2_well-C5_passage-22_subsample-2	exp-2_well-C5_passage-22_subsample-2	NextSeq 500 sequencing: Barcode sequencing of E. coli evolving in antibiotics	Microbe sample from Escherichia coli
SRR10557128	exp-2_well-E7_passage-06_subsample-3	exp-2_well-E7_passage-06_subsample-3	exp-2_well-E7_passage-06_subsample-3	NextSeq 500 sequencing: Barcode sequencing of E. coli evolving in antibiotics	Microbe sample from Escherichia coli
SRR10557133	exp-2_well-E7_passage-04_subsample-2	exp-2_well-E7_passage-04_subsample-2	exp-2_well-E7_passage-04_subsample-2	NextSeq 500 sequencing: Barcode sequencing of E. coli evolving in antibiotics	Microbe sample from Escherichia coli
SRR10557139	exp-2_well-E7_passage-02_subsample-1	exp-2_well-E7_passage-02_subsample-1	exp-2_well-E7_passage-02_subsample-1	NextSeq 500 sequencing: Barcode sequencing of E. coli evolving in antibiotics	Microbe sample from Escherichia coli
SRR10557149	exp-2_well-D7_passage-20_subsample-4	exp-2_well-D7_passage-20_subsample-4	exp-2_well-D7_passage-20_subsample-4	NextSeq 500 sequencing: Barcode sequencing of E. coli evolving in antibiotics	Microbe sample from Escherichia coli
SRR10557155	exp-2_well-D7_passage-18_subsample-2	exp-2_well-D7_passage-18_subsample-2	exp-2_well-D7_passage-18_subsample-2	NextSeq 500 sequencing: Barcode sequencing of E. coli evolving in antibiotics	Microbe sample from Escherichia coli
SRR10557159	exp-2_well-A5_passage-02_subsample-2	exp-2_well-A5_passage-02_subsample-2	exp-2_well-A5_passage-02_subsample-2	NextSeq 500 sequencing: Barcode sequencing of E. coli evolving in antibiotics	Microbe sample from Escherichia coli
SRR10557160	exp-2_well-A5_passage-02_subsample-1	exp-2_well-A5_passage-02_subsample-1	exp-2_well-A5_passage-02_subsample-1	NextSeq 500 sequencing: Barcode sequencing of E. coli evolving in antibiotics	Microbe sample from Escherichia coli
SRR10557165	exp-2_well-C3_passage-22_subsample-4	exp-2_well-C3_passage-22_subsample-4	exp-2_well-C3_passage-22_subsample-4	NextSeq 500 sequencing: Barcode sequencing of E. coli evolving in antibiotics	Microbe sample from Escherichia coli
SRR10557175	exp-2_well-C3_passage-18_subsample-3	exp-2_well-C3_passage-18_subsample-3	exp-2_well-C3_passage-18_subsample-3	NextSeq 500 sequencing: Barcode sequencing of E. coli evolving in antibiotics	Microbe sample from Escherichia coli
SRR10557185	exp-2_well-C3_passage-14_subsample-2	exp-2_well-C3_passage-14_subsample-2	exp-2_well-C3_passage-14_subsample-2	NextSeq 500 sequencing: Barcode sequencing of E. coli evolving in antibiotics	Microbe sample from Escherichia coli
SRR10557195	exp-2_well-C1_passage-06_subsample-1	exp-2_well-C1_passage-06_subsample-1	exp-2_well-C1_passage-06_subsample-1	NextSeq 500 sequencing: Barcode sequencing of E. coli evolving in antibiotics	Microbe sample from Escherichia coli
SRR10557196	exp-2_well-C1_passage-04_subsample-4	exp-2_well-C1_passage-04_subsample-4	exp-2_well-C1_passage-04_subsample-4	NextSeq 500 sequencing: Barcode sequencing of E. coli evolving in antibiotics	Microbe sample from Escherichia coli
SRR10557202	exp-2_well-C1_passage-02_subsample-4	exp-2_well-C1_passage-02_subsample-4	exp-2_well-C1_passage-02_subsample-4	NextSeq 500 sequencing: Barcode sequencing of E. coli evolving in antibiotics	Microbe sample from Escherichia coli
SRR10557206	exp-2_well-C1_passage-01_subsample-4	exp-2_well-C1_passage-01_subsample-4	exp-2_well-C1_passage-01_subsample-4	NextSeq 500 sequencing: Barcode sequencing of E. coli evolving in antibiotics	Microbe sample from Escherichia coli
SRR10557209	exp-2_well-C1_passage-01_subsample-1	exp-2_well-C1_passage-01_subsample-1	exp-2_well-C1_passage-01_subsample-1	NextSeq 500 sequencing: Barcode sequencing of E. coli evolving in antibiotics	Microbe sample from Escherichia coli
SRR10557211	exp-2_well-B1_passage-30_subsample-3	exp-2_well-B1_passage-30_subsample-3	exp-2_well-B1_passage-30_subsample-3	NextSeq 500 sequencing: Barcode sequencing of E. coli evolving in antibiotics	Microbe sample from Escherichia coli
SRR10557214	exp-2_well-B1_passage-30_subsample-1	exp-2_well-B1_passage-30_subsample-1	exp-2_well-B1_passage-30_subsample-1	NextSeq 500 sequencing: Barcode sequencing of E. coli evolving in antibiotics	Microbe sample from Escherichia coli
SRR10557231	exp-2_well-B1_passage-16_subsample-1	exp-2_well-B1_passage-16_subsample-1	exp-2_well-B1_passage-16_subsample-1	NextSeq 500 sequencing: Barcode sequencing of E. coli evolving in antibiotics	Microbe sample from Escherichia coli
SRR10557238	exp-2_well-B1_passage-12_subsample-3	exp-2_well-B1_passage-12_subsample-3	exp-2_well-B1_passage-12_subsample-3	NextSeq 500 sequencing: Barcode sequencing of E. coli evolving in antibiotics	Microbe sample from Escherichia coli
SRR10557239	exp-2_well-B1_passage-12_subsample-2	exp-2_well-B1_passage-12_subsample-2	exp-2_well-B1_passage-12_subsample-2	NextSeq 500 sequencing: Barcode sequencing of E. coli evolving in antibiotics	Microbe sample from Escherichia coli
SRR10557240	exp-2_well-B1_passage-12_subsample-1	exp-2_well-B1_passage-12_subsample-1	exp-2_well-B1_passage-12_subsample-1	NextSeq 500 sequencing: Barcode sequencing of E. coli evolving in antibiotics	Microbe sample from Escherichia coli
SRR10557246	exp-2_well-B1_passage-08_subsample-4	exp-2_well-B1_passage-08_subsample-4	exp-2_well-B1_passage-08_subsample-4	NextSeq 500 sequencing: Barcode sequencing of E. coli evolving in antibiotics	Microbe sample from Escherichia coli
SRR10557247	exp-2_well-B1_passage-08_subsample-3	exp-2_well-B1_passage-08_subsample-3	exp-2_well-B1_passage-08_subsample-3	NextSeq 500 sequencing: Barcode sequencing of E. coli evolving in antibiotics	Microbe sample from Escherichia coli
SRR10557251	exp-2_well-B1_passage-06_subsample-3	exp-2_well-B1_passage-06_subsample-3	exp-2_well-B1_passage-06_subsample-3	NextSeq 500 sequencing: Barcode sequencing of E. coli evolving in antibiotics	Microbe sample from Escherichia coli
SRR10557256	exp-2_well-B3_passage-04_subsample-2	exp-2_well-B3_passage-04_subsample-2	exp-2_well-B3_passage-04_subsample-2	NextSeq 500 sequencing: Barcode sequencing of E. coli evolving in antibiotics	Microbe sample from Escherichia coli
SRR10557259	exp-2_well-B3_passage-18_subsample-2	exp-2_well-B3_passage-18_subsample-2	exp-2_well-B3_passage-18_subsample-2	NextSeq 500 sequencing: Barcode sequencing of E. coli evolving in antibiotics	Microbe sample from Escherichia coli
SRR10557261	exp-2_well-B3_passage-16_subsample-4	exp-2_well-B3_passage-16_subsample-4	exp-2_well-B3_passage-16_subsample-4	NextSeq 500 sequencing: Barcode sequencing of E. coli evolving in antibiotics	Microbe sample from Escherichia coli
SRR10557264	exp-2_well-B3_passage-16_subsample-2	exp-2_well-B3_passage-16_subsample-2	exp-2_well-B3_passage-16_subsample-2	NextSeq 500 sequencing: Barcode sequencing of E. coli evolving in antibiotics	Microbe sample from Escherichia coli
SRR10557265	exp-2_well-B3_passage-16_subsample-1	exp-2_well-B3_passage-16_subsample-1	exp-2_well-B3_passage-16_subsample-1	NextSeq 500 sequencing: Barcode sequencing of E. coli evolving in antibiotics	Microbe sample from Escherichia coli
SRR10557270	exp-2_well-B3_passage-12_subsample-4	exp-2_well-B3_passage-12_subsample-4	exp-2_well-B3_passage-12_subsample-4	NextSeq 500 sequencing: Barcode sequencing of E. coli evolving in antibiotics	Microbe sample from Escherichia coli
SRR10557273	exp-2_well-B3_passage-12_subsample-1	exp-2_well-B3_passage-12_subsample-1	exp-2_well-B3_passage-12_subsample-1	NextSeq 500 sequencing: Barcode sequencing of E. coli evolving in antibiotics	Microbe sample from Escherichia coli
SRR10557275	exp-2_well-B3_passage-10_subsample-4	exp-2_well-B3_passage-10_subsample-4	exp-2_well-B3_passage-10_subsample-4	NextSeq 500 sequencing: Barcode sequencing of E. coli evolving in antibiotics	Microbe sample from Escherichia coli
SRR10557278	exp-2_well-B3_passage-10_subsample-1	exp-2_well-B3_passage-10_subsample-1	exp-2_well-B3_passage-10_subsample-1	NextSeq 500 sequencing: Barcode sequencing of E. coli evolving in antibiotics	Microbe sample from Escherichia coli
SRR10557286	exp-2_well-C1_passage-22_subsample-3	exp-2_well-C1_passage-22_subsample-3	exp-2_well-C1_passage-22_subsample-3	NextSeq 500 sequencing: Barcode sequencing of E. coli evolving in antibiotics	Microbe sample from Escherichia coli
SRR10557287	exp-2_well-C1_passage-22_subsample-2	exp-2_well-C1_passage-22_subsample-2	exp-2_well-C1_passage-22_subsample-2	NextSeq 500 sequencing: Barcode sequencing of E. coli evolving in antibiotics	Microbe sample from Escherichia coli
SRR10557290	exp-2_well-B1_passage-04_subsample-1	exp-2_well-B1_passage-04_subsample-1	exp-2_well-B1_passage-04_subsample-1	NextSeq 500 sequencing: Barcode sequencing of E. coli evolving in antibiotics	Microbe sample from Escherichia coli
SRR10557292	exp-2_well-B1_passage-02_subsample-3	exp-2_well-B1_passage-02_subsample-3	exp-2_well-B1_passage-02_subsample-3	NextSeq 500 sequencing: Barcode sequencing of E. coli evolving in antibiotics	Microbe sample from Escherichia coli
SRR10557293	exp-2_well-B1_passage-02_subsample-2	exp-2_well-B1_passage-02_subsample-2	exp-2_well-B1_passage-02_subsample-2	NextSeq 500 sequencing: Barcode sequencing of E. coli evolving in antibiotics	Microbe sample from Escherichia coli
SRR10557295	exp-2_well-B1_passage-01_subsample-4	exp-2_well-B1_passage-01_subsample-4	exp-2_well-B1_passage-01_subsample-4	NextSeq 500 sequencing: Barcode sequencing of E. coli evolving in antibiotics	Microbe sample from Escherichia coli
SRR10557297	exp-2_well-B1_passage-01_subsample-2	exp-2_well-B1_passage-01_subsample-2	exp-2_well-B1_passage-01_subsample-2	NextSeq 500 sequencing: Barcode sequencing of E. coli evolving in antibiotics	Microbe sample from Escherichia coli
SRR10557299	exp-2_well-B3_passage-04_subsample-1	exp-2_well-B3_passage-04_subsample-1	exp-2_well-B3_passage-04_subsample-1	NextSeq 500 sequencing: Barcode sequencing of E. coli evolving in antibiotics	Microbe sample from Escherichia coli
SRR10557315	exp-2_well-A1_passage-18_subsample-2	exp-2_well-A1_passage-18_subsample-2	exp-2_well-A1_passage-18_subsample-2	NextSeq 500 sequencing: Barcode sequencing of E. coli evolving in antibiotics	Microbe sample from Escherichia coli
SRR10557316	exp-2_well-A1_passage-18_subsample-1	exp-2_well-A1_passage-18_subsample-1	exp-2_well-A1_passage-18_subsample-1	NextSeq 500 sequencing: Barcode sequencing of E. coli evolving in antibiotics	Microbe sample from Escherichia coli
SRR10557321	exp-2_well-B3_passage-02_subsample-3	exp-2_well-B3_passage-02_subsample-3	exp-2_well-B3_passage-02_subsample-3	NextSeq 500 sequencing: Barcode sequencing of E. coli evolving in antibiotics	Microbe sample from Escherichia coli
SRR10557329	exp-2_well-A1_passage-12_subsample-1	exp-2_well-A1_passage-12_subsample-1	exp-2_well-A1_passage-12_subsample-1	NextSeq 500 sequencing: Barcode sequencing of E. coli evolving in antibiotics	Microbe sample from Escherichia coli
SRR10557335	exp-2_well-A1_passage-08_subsample-4	exp-2_well-A1_passage-08_subsample-4	exp-2_well-A1_passage-08_subsample-4	NextSeq 500 sequencing: Barcode sequencing of E. coli evolving in antibiotics	Microbe sample from Escherichia coli
SRR10557343	exp-2_well-B3_passage-02_subsample-1	exp-2_well-B3_passage-02_subsample-1	exp-2_well-B3_passage-02_subsample-1	NextSeq 500 sequencing: Barcode sequencing of E. coli evolving in antibiotics	Microbe sample from Escherichia coli
SRR10557344	exp-2_well-all_passage-00_sample-2_subsample-3	exp-2_well-all_passage-00_sample-2_subsample-3	exp-2_well-all_passage-00_sample-2_subsample-3	NextSeq 500 sequencing: Barcode sequencing of E. coli evolving in antibiotics	Microbe sample from Escherichia coli
SRR10557346	exp-2_well-A1_passage-04_subsample-3	exp-2_well-A1_passage-04_subsample-3	exp-2_well-A1_passage-04_subsample-3	NextSeq 500 sequencing: Barcode sequencing of E. coli evolving in antibiotics	Microbe sample from Escherichia coli
SRR10557348	exp-2_well-A1_passage-04_subsample-1	exp-2_well-A1_passage-04_subsample-1	exp-2_well-A1_passage-04_subsample-1	NextSeq 500 sequencing: Barcode sequencing of E. coli evolving in antibiotics	Microbe sample from Escherichia coli
SRR10557350	exp-2_well-A1_passage-02_subsample-3	exp-2_well-A1_passage-02_subsample-3	exp-2_well-A1_passage-02_subsample-3	NextSeq 500 sequencing: Barcode sequencing of E. coli evolving in antibiotics	Microbe sample from Escherichia coli
SRR10557359	exp-2_well-E9_passage-20_subsample-1	exp-2_well-E9_passage-20_subsample-1	exp-2_well-E9_passage-20_subsample-1	NextSeq 500 sequencing: Barcode sequencing of E. coli evolving in antibiotics	Microbe sample from Escherichia coli
SRR10557369	exp-2_well-E9_passage-14_subsample-4	exp-2_well-E9_passage-14_subsample-4	exp-2_well-E9_passage-14_subsample-4	NextSeq 500 sequencing: Barcode sequencing of E. coli evolving in antibiotics	Microbe sample from Escherichia coli
SRR10557373	exp-2_well-E9_passage-12_subsample-4	exp-2_well-E9_passage-12_subsample-4	exp-2_well-E9_passage-12_subsample-4	NextSeq 500 sequencing: Barcode sequencing of E. coli evolving in antibiotics	Microbe sample from Escherichia coli
SRR10557381	exp-2_well-E9_passage-10_subsample-1	exp-2_well-E9_passage-10_subsample-1	exp-2_well-E9_passage-10_subsample-1	NextSeq 500 sequencing: Barcode sequencing of E. coli evolving in antibiotics	Microbe sample from Escherichia coli
SRR10557387	exp-2_well-F7_passage-12_subsample-1	exp-2_well-F7_passage-12_subsample-1	exp-2_well-F7_passage-12_subsample-1	NextSeq 500 sequencing: Barcode sequencing of E. coli evolving in antibiotics	Microbe sample from Escherichia coli
SRR10557392	exp-2_well-F7_passage-08_subsample-4	exp-2_well-F7_passage-08_subsample-4	exp-2_well-F7_passage-08_subsample-4	NextSeq 500 sequencing: Barcode sequencing of E. coli evolving in antibiotics	Microbe sample from Escherichia coli
SRR10557393	exp-2_well-F7_passage-08_subsample-3	exp-2_well-F7_passage-08_subsample-3	exp-2_well-F7_passage-08_subsample-3	NextSeq 500 sequencing: Barcode sequencing of E. coli evolving in antibiotics	Microbe sample from Escherichia coli
SRR10557395	exp-2_well-F7_passage-08_subsample-2	exp-2_well-F7_passage-08_subsample-2	exp-2_well-F7_passage-08_subsample-2	NextSeq 500 sequencing: Barcode sequencing of E. coli evolving in antibiotics	Microbe sample from Escherichia coli
SRR10557396	exp-2_well-F7_passage-08_subsample-1	exp-2_well-F7_passage-08_subsample-1	exp-2_well-F7_passage-08_subsample-1	NextSeq 500 sequencing: Barcode sequencing of E. coli evolving in antibiotics	Microbe sample from Escherichia coli
SRR10557408	exp-2_well-F7_passage-02_subsample-3	exp-2_well-F7_passage-02_subsample-3	exp-2_well-F7_passage-02_subsample-3	NextSeq 500 sequencing: Barcode sequencing of E. coli evolving in antibiotics	Microbe sample from Escherichia coli
SRR10557415	exp-2_well-E7_passage-22_subsample-4	exp-2_well-E7_passage-22_subsample-4	exp-2_well-E7_passage-22_subsample-4	NextSeq 500 sequencing: Barcode sequencing of E. coli evolving in antibiotics	Microbe sample from Escherichia coli
SRR10557426	exp-2_well-E9_passage-04_subsample-2	exp-2_well-E9_passage-04_subsample-2	exp-2_well-E9_passage-04_subsample-2	NextSeq 500 sequencing: Barcode sequencing of E. coli evolving in antibiotics	Microbe sample from Escherichia coli
SRR10557428	exp-2_well-E9_passage-02_subsample-4	exp-2_well-E9_passage-02_subsample-4	exp-2_well-E9_passage-02_subsample-4	NextSeq 500 sequencing: Barcode sequencing of E. coli evolving in antibiotics	Microbe sample from Escherichia coli
SRR10557431	exp-2_well-E9_passage-02_subsample-1	exp-2_well-E9_passage-02_subsample-1	exp-2_well-E9_passage-02_subsample-1	NextSeq 500 sequencing: Barcode sequencing of E. coli evolving in antibiotics	Microbe sample from Escherichia coli
SRR10557439	exp-2_well-D9_passage-22_subsample-2	exp-2_well-D9_passage-22_subsample-2	exp-2_well-D9_passage-22_subsample-2	NextSeq 500 sequencing: Barcode sequencing of E. coli evolving in antibiotics	Microbe sample from Escherichia coli
SRR10557446	exp-2_well-D9_passage-18_subsample-4	exp-2_well-D9_passage-18_subsample-4	exp-2_well-D9_passage-18_subsample-4	NextSeq 500 sequencing: Barcode sequencing of E. coli evolving in antibiotics	Microbe sample from Escherichia coli
SRR10557449	exp-2_well-D7_passage-16_subsample-4	exp-2_well-D7_passage-16_subsample-4	exp-2_well-D7_passage-16_subsample-4	NextSeq 500 sequencing: Barcode sequencing of E. coli evolving in antibiotics	Microbe sample from Escherichia coli
SRR10557451	exp-2_well-A3_passage-12_subsample-2	exp-2_well-A3_passage-12_subsample-2	exp-2_well-A3_passage-12_subsample-2	NextSeq 500 sequencing: Barcode sequencing of E. coli evolving in antibiotics	Microbe sample from Escherichia coli
SRR10557453	exp-2_well-D7_passage-16_subsample-1	exp-2_well-D7_passage-16_subsample-1	exp-2_well-D7_passage-16_subsample-1	NextSeq 500 sequencing: Barcode sequencing of E. coli evolving in antibiotics	Microbe sample from Escherichia coli
SRR10557456	exp-2_well-D7_passage-14_subsample-2	exp-2_well-D7_passage-14_subsample-2	exp-2_well-D7_passage-14_subsample-2	NextSeq 500 sequencing: Barcode sequencing of E. coli evolving in antibiotics	Microbe sample from Escherichia coli
SRR10557457	exp-2_well-D7_passage-14_subsample-1	exp-2_well-D7_passage-14_subsample-1	exp-2_well-D7_passage-14_subsample-1	NextSeq 500 sequencing: Barcode sequencing of E. coli evolving in antibiotics	Microbe sample from Escherichia coli
SRR10557459	exp-2_well-D7_passage-12_subsample-3	exp-2_well-D7_passage-12_subsample-3	exp-2_well-D7_passage-12_subsample-3	NextSeq 500 sequencing: Barcode sequencing of E. coli evolving in antibiotics	Microbe sample from Escherichia coli
SRR10557462	exp-2_well-A3_passage-12_subsample-1	exp-2_well-A3_passage-12_subsample-1	exp-2_well-A3_passage-12_subsample-1	NextSeq 500 sequencing: Barcode sequencing of E. coli evolving in antibiotics	Microbe sample from Escherichia coli
SRR10557464	exp-2_well-D7_passage-10_subsample-3	exp-2_well-D7_passage-10_subsample-3	exp-2_well-D7_passage-10_subsample-3	NextSeq 500 sequencing: Barcode sequencing of E. coli evolving in antibiotics	Microbe sample from Escherichia coli
SRR10557465	exp-2_well-D7_passage-10_subsample-2	exp-2_well-D7_passage-10_subsample-2	exp-2_well-D7_passage-10_subsample-2	NextSeq 500 sequencing: Barcode sequencing of E. coli evolving in antibiotics	Microbe sample from Escherichia coli
SRR10557467	exp-2_well-D7_passage-08_subsample-4	exp-2_well-D7_passage-08_subsample-4	exp-2_well-D7_passage-08_subsample-4	NextSeq 500 sequencing: Barcode sequencing of E. coli evolving in antibiotics	Microbe sample from Escherichia coli
SRR10557478	exp-2_well-D7_passage-04_subsample-2	exp-2_well-D7_passage-04_subsample-2	exp-2_well-D7_passage-04_subsample-2	NextSeq 500 sequencing: Barcode sequencing of E. coli evolving in antibiotics	Microbe sample from Escherichia coli
SRR10557480	exp-2_well-D7_passage-02_subsample-4	exp-2_well-D7_passage-02_subsample-4	exp-2_well-D7_passage-02_subsample-4	NextSeq 500 sequencing: Barcode sequencing of E. coli evolving in antibiotics	Microbe sample from Escherichia coli
SRR10557482	exp-2_well-C3_passage-12_subsample-2	exp-2_well-C3_passage-12_subsample-2	exp-2_well-C3_passage-12_subsample-2	NextSeq 500 sequencing: Barcode sequencing of E. coli evolving in antibiotics	Microbe sample from Escherichia coli
SRR10557489	exp-2_well-C3_passage-08_subsample-3	exp-2_well-C3_passage-08_subsample-3	exp-2_well-C3_passage-08_subsample-3	NextSeq 500 sequencing: Barcode sequencing of E. coli evolving in antibiotics	Microbe sample from Escherichia coli
SRR10557492	exp-2_well-A3_passage-02_subsample-1	exp-2_well-A3_passage-02_subsample-1	exp-2_well-A3_passage-02_subsample-1	NextSeq 500 sequencing: Barcode sequencing of E. coli evolving in antibiotics	Microbe sample from Escherichia coli
SRR10557499	exp-2_well-C3_passage-04_subsample-2	exp-2_well-C3_passage-04_subsample-2	exp-2_well-C3_passage-04_subsample-2	NextSeq 500 sequencing: Barcode sequencing of E. coli evolving in antibiotics	Microbe sample from Escherichia coli
SRR10557501	exp-2_well-C3_passage-02_subsample-4	exp-2_well-C3_passage-02_subsample-4	exp-2_well-C3_passage-02_subsample-4	NextSeq 500 sequencing: Barcode sequencing of E. coli evolving in antibiotics	Microbe sample from Escherichia coli
SRR10557514	exp-2_well-F9_passage-12_subsample-2	exp-2_well-F9_passage-12_subsample-2	exp-2_well-F9_passage-12_subsample-2	NextSeq 500 sequencing: Barcode sequencing of E. coli evolving in antibiotics	Microbe sample from Escherichia coli
SRR10557524	exp-2_well-F9_passage-08_subsample-1	exp-2_well-F9_passage-08_subsample-1	exp-2_well-F9_passage-08_subsample-1	NextSeq 500 sequencing: Barcode sequencing of E. coli evolving in antibiotics	Microbe sample from Escherichia coli
SRR10557530	exp-2_well-F9_passage-04_subsample-4	exp-2_well-F9_passage-04_subsample-4	exp-2_well-F9_passage-04_subsample-4	NextSeq 500 sequencing: Barcode sequencing of E. coli evolving in antibiotics	Microbe sample from Escherichia coli
SRR10557534	exp-2_well-F9_passage-02_subsample-4	exp-2_well-F9_passage-02_subsample-4	exp-2_well-F9_passage-02_subsample-4	NextSeq 500 sequencing: Barcode sequencing of E. coli evolving in antibiotics	Microbe sample from Escherichia coli
SRR10557535	exp-2_well-F9_passage-02_subsample-3	exp-2_well-F9_passage-02_subsample-3	exp-2_well-F9_passage-02_subsample-3	NextSeq 500 sequencing: Barcode sequencing of E. coli evolving in antibiotics	Microbe sample from Escherichia coli
SRR10557542	exp-2_well-E9_passage-30_subsample-1	exp-2_well-E9_passage-30_subsample-1	exp-2_well-E9_passage-30_subsample-1	NextSeq 500 sequencing: Barcode sequencing of E. coli evolving in antibiotics	Microbe sample from Escherichia coli
SRR10557543	exp-2_well-E9_passage-22_subsample-4	exp-2_well-E9_passage-22_subsample-4	exp-2_well-E9_passage-22_subsample-4	NextSeq 500 sequencing: Barcode sequencing of E. coli evolving in antibiotics	Microbe sample from Escherichia coli
SRR10557546	exp-2_well-all_passage-00_sample-3_subsample-3	exp-2_well-all_passage-00_sample-3_subsample-3	exp-2_well-all_passage-00_sample-3_subsample-3	NextSeq 500 sequencing: Barcode sequencing of E. coli evolving in antibiotics	Microbe sample from Escherichia coli
SRR10557552	exp-2_well-B5_passage-20_subsample-3	exp-2_well-B5_passage-20_subsample-3	exp-2_well-B5_passage-20_subsample-3	NextSeq 500 sequencing: Barcode sequencing of E. coli evolving in antibiotics	Microbe sample from Escherichia coli
SRR10557554	exp-2_well-B5_passage-20_subsample-1	exp-2_well-B5_passage-20_subsample-1	exp-2_well-B5_passage-20_subsample-1	NextSeq 500 sequencing: Barcode sequencing of E. coli evolving in antibiotics	Microbe sample from Escherichia coli
SRR10557556	exp-2_well-B5_passage-18_subsample-4	exp-2_well-B5_passage-18_subsample-4	exp-2_well-B5_passage-18_subsample-4	NextSeq 500 sequencing: Barcode sequencing of E. coli evolving in antibiotics	Microbe sample from Escherichia coli
SRR10557573	exp-2_well-B5_passage-10_subsample-4	exp-2_well-B5_passage-10_subsample-4	exp-2_well-B5_passage-10_subsample-4	NextSeq 500 sequencing: Barcode sequencing of E. coli evolving in antibiotics	Microbe sample from Escherichia coli
SRR10557574	exp-2_well-B5_passage-10_subsample-3	exp-2_well-B5_passage-10_subsample-3	exp-2_well-B5_passage-10_subsample-3	NextSeq 500 sequencing: Barcode sequencing of E. coli evolving in antibiotics	Microbe sample from Escherichia coli
SRR10557583	exp-2_well-C1_passage-20_subsample-2	exp-2_well-C1_passage-20_subsample-2	exp-2_well-C1_passage-20_subsample-2	NextSeq 500 sequencing: Barcode sequencing of E. coli evolving in antibiotics	Microbe sample from Escherichia coli
SRR10557586	exp-2_well-C1_passage-18_subsample-3	exp-2_well-C1_passage-18_subsample-3	exp-2_well-C1_passage-18_subsample-3	NextSeq 500 sequencing: Barcode sequencing of E. coli evolving in antibiotics	Microbe sample from Escherichia coli
SRR10557587	exp-2_well-B3_passage-08_subsample-2	exp-2_well-B3_passage-08_subsample-2	exp-2_well-B3_passage-08_subsample-2	NextSeq 500 sequencing: Barcode sequencing of E. coli evolving in antibiotics	Microbe sample from Escherichia coli
SRR10557590	exp-2_well-C1_passage-16_subsample-4	exp-2_well-C1_passage-16_subsample-4	exp-2_well-C1_passage-16_subsample-4	NextSeq 500 sequencing: Barcode sequencing of E. coli evolving in antibiotics	Microbe sample from Escherichia coli
SRR10557591	exp-2_well-C1_passage-16_subsample-3	exp-2_well-C1_passage-16_subsample-3	exp-2_well-C1_passage-16_subsample-3	NextSeq 500 sequencing: Barcode sequencing of E. coli evolving in antibiotics	Microbe sample from Escherichia coli
SRR10557592	exp-2_well-C1_passage-16_subsample-2	exp-2_well-C1_passage-16_subsample-2	exp-2_well-C1_passage-16_subsample-2	NextSeq 500 sequencing: Barcode sequencing of E. coli evolving in antibiotics	Microbe sample from Escherichia coli
SRR10557594	exp-2_well-C1_passage-14_subsample-4	exp-2_well-C1_passage-14_subsample-4	exp-2_well-C1_passage-14_subsample-4	NextSeq 500 sequencing: Barcode sequencing of E. coli evolving in antibiotics	Microbe sample from Escherichia coli
SRR10557605	exp-2_well-C1_passage-10_subsample-2	exp-2_well-C1_passage-10_subsample-2	exp-2_well-C1_passage-10_subsample-2	NextSeq 500 sequencing: Barcode sequencing of E. coli evolving in antibiotics	Microbe sample from Escherichia coli
SRR10557608	exp-2_well-C1_passage-08_subsample-3	exp-2_well-C1_passage-08_subsample-3	exp-2_well-C1_passage-08_subsample-3	NextSeq 500 sequencing: Barcode sequencing of E. coli evolving in antibiotics	Microbe sample from Escherichia coli
SRR10557614	exp-2_well-A1_passage-01_subsample-3	exp-2_well-A1_passage-01_subsample-3	exp-2_well-A1_passage-01_subsample-3	NextSeq 500 sequencing: Barcode sequencing of E. coli evolving in antibiotics	Microbe sample from Escherichia coli
