run_accession	sample_alias	experiment_alias	library_name	experiment_title	sample_description
SRR10553805	exp-1_well-C1_passage-40_subsample-4	exp-1_well-C1_passage-40_subsample-4	exp-1_well-C1_passage-40_subsample-4	NextSeq 500 sequencing: Barcode sequencing of E. coli evolving in antibiotics	Microbe sample from Escherichia coli
SRR10553812	exp-1_well-C1_passage-38_subsample-1	exp-1_well-C1_passage-38_subsample-1	exp-1_well-C1_passage-38_subsample-1	NextSeq 500 sequencing: Barcode sequencing of E. coli evolving in antibiotics	Microbe sample from Escherichia coli
SRR10553815	exp-1_well-A1_passage-26_subsample-4	exp-1_well-A1_passage-26_subsample-4	exp-1_well-A1_passage-26_subsample-4	NextSeq 500 sequencing: Barcode sequencing of E. coli evolving in antibiotics	Microbe sample from Escherichia coli
SRR10553816	exp-1_well-C1_passage-30_subsample-2	exp-1_well-C1_passage-30_subsample-2	exp-1_well-C1_passage-30_subsample-2	NextSeq 500 sequencing: Barcode sequencing of E. coli evolving in antibiotics	Microbe sample from Escherichia coli
SRR10553822	exp-1_well-C1_passage-20_subsample-4	exp-1_well-C1_passage-20_subsample-4	exp-1_well-C1_passage-20_subsample-4	NextSeq 500 sequencing: Barcode sequencing of E. coli evolving in antibiotics	Microbe sample from Escherichia coli
SRR10553829	exp-1_well-C1_passage-12_subsample-2	exp-1_well-C1_passage-12_subsample-2	exp-1_well-C1_passage-12_subsample-2	NextSeq 500 sequencing: Barcode sequencing of E. coli evolving in antibiotics	Microbe sample from Escherichia coli
SRR10553830	exp-1_well-C1_passage-12_subsample-1	exp-1_well-C1_passage-12_subsample-1	exp-1_well-C1_passage-12_subsample-1	NextSeq 500 sequencing: Barcode sequencing of E. coli evolving in antibiotics	Microbe sample from Escherichia coli
SRR10553831	exp-1_well-C1_passage-10_subsample-4	exp-1_well-C1_passage-10_subsample-4	exp-1_well-C1_passage-10_subsample-4	NextSeq 500 sequencing: Barcode sequencing of E. coli evolving in antibiotics	Microbe sample from Escherichia coli
SRR10553832	exp-1_well-C1_passage-10_subsample-3	exp-1_well-C1_passage-10_subsample-3	exp-1_well-C1_passage-10_subsample-3	NextSeq 500 sequencing: Barcode sequencing of E. coli evolving in antibiotics	Microbe sample from Escherichia coli
SRR10553837	exp-1_well-A1_passage-26_subsample-2	exp-1_well-A1_passage-26_subsample-2	exp-1_well-A1_passage-26_subsample-2	NextSeq 500 sequencing: Barcode sequencing of E. coli evolving in antibiotics	Microbe sample from Escherichia coli
SRR10553840	exp-1_well-B1_passage-70_subsample-4	exp-1_well-B1_passage-70_subsample-4	exp-1_well-B1_passage-70_subsample-4	NextSeq 500 sequencing: Barcode sequencing of E. coli evolving in antibiotics	Microbe sample from Escherichia coli
SRR10553841	exp-1_well-B1_passage-70_subsample-3	exp-1_well-B1_passage-70_subsample-3	exp-1_well-B1_passage-70_subsample-3	NextSeq 500 sequencing: Barcode sequencing of E. coli evolving in antibiotics	Microbe sample from Escherichia coli
SRR10553846	exp-1_well-B1_passage-68_subsample-2	exp-1_well-B1_passage-68_subsample-2	exp-1_well-B1_passage-68_subsample-2	NextSeq 500 sequencing: Barcode sequencing of E. coli evolving in antibiotics	Microbe sample from Escherichia coli
SRR10553847	exp-1_well-B1_passage-68_subsample-1	exp-1_well-B1_passage-68_subsample-1	exp-1_well-B1_passage-68_subsample-1	NextSeq 500 sequencing: Barcode sequencing of E. coli evolving in antibiotics	Microbe sample from Escherichia coli
SRR10553850	exp-1_well-B1_passage-66_subsample-3	exp-1_well-B1_passage-66_subsample-3	exp-1_well-B1_passage-66_subsample-3	NextSeq 500 sequencing: Barcode sequencing of E. coli evolving in antibiotics	Microbe sample from Escherichia coli
SRR10553859	exp-1_well-A1_passage-20_subsample-4	exp-1_well-A1_passage-20_subsample-4	exp-1_well-A1_passage-20_subsample-4	NextSeq 500 sequencing: Barcode sequencing of E. coli evolving in antibiotics	Microbe sample from Escherichia coli
SRR10553861	exp-1_well-B1_passage-58_subsample-1	exp-1_well-B1_passage-58_subsample-1	exp-1_well-B1_passage-58_subsample-1	NextSeq 500 sequencing: Barcode sequencing of E. coli evolving in antibiotics	Microbe sample from Escherichia coli
SRR10553863	exp-1_well-B1_passage-54_subsample-3	exp-1_well-B1_passage-54_subsample-3	exp-1_well-B1_passage-54_subsample-3	NextSeq 500 sequencing: Barcode sequencing of E. coli evolving in antibiotics	Microbe sample from Escherichia coli
SRR10553874	exp-1_well-D10_passage-70_subsample-4	exp-1_well-D10_passage-70_subsample-4	exp-1_well-D10_passage-70_subsample-4	NextSeq 500 sequencing: Barcode sequencing of E. coli evolving in antibiotics	Microbe sample from Escherichia coli
SRR10553878	exp-1_well-B1_passage-44_subsample-3	exp-1_well-B1_passage-44_subsample-3	exp-1_well-B1_passage-44_subsample-3	NextSeq 500 sequencing: Barcode sequencing of E. coli evolving in antibiotics	Microbe sample from Escherichia coli
SRR10553886	exp-1_well-D10_passage-64_subsample-1	exp-1_well-D10_passage-64_subsample-1	exp-1_well-D10_passage-64_subsample-1	NextSeq 500 sequencing: Barcode sequencing of E. coli evolving in antibiotics	Microbe sample from Escherichia coli
SRR10553897	exp-1_well-D10_passage-52_subsample-3	exp-1_well-D10_passage-52_subsample-3	exp-1_well-D10_passage-52_subsample-3	NextSeq 500 sequencing: Barcode sequencing of E. coli evolving in antibiotics	Microbe sample from Escherichia coli
SRR10553905	exp-1_well-D10_passage-44_subsample-4	exp-1_well-D10_passage-44_subsample-4	exp-1_well-D10_passage-44_subsample-4	NextSeq 500 sequencing: Barcode sequencing of E. coli evolving in antibiotics	Microbe sample from Escherichia coli
SRR10553913	exp-1_well-D10_passage-40_subsample-1	exp-1_well-D10_passage-40_subsample-1	exp-1_well-D10_passage-40_subsample-1	NextSeq 500 sequencing: Barcode sequencing of E. coli evolving in antibiotics	Microbe sample from Escherichia coli
SRR10553914	exp-1_well-D10_passage-38_subsample-4	exp-1_well-D10_passage-38_subsample-4	exp-1_well-D10_passage-38_subsample-4	NextSeq 500 sequencing: Barcode sequencing of E. coli evolving in antibiotics	Microbe sample from Escherichia coli
SRR10553923	exp-1_well-A1_passage-20_subsample-2	exp-1_well-A1_passage-20_subsample-2	exp-1_well-A1_passage-20_subsample-2	NextSeq 500 sequencing: Barcode sequencing of E. coli evolving in antibiotics	Microbe sample from Escherichia coli
SRR10553933	exp-1_well-D10_passage-12_subsample-3	exp-1_well-D10_passage-12_subsample-3	exp-1_well-D10_passage-12_subsample-3	NextSeq 500 sequencing: Barcode sequencing of E. coli evolving in antibiotics	Microbe sample from Escherichia coli
SRR10553934	exp-1_well-B1_passage-40_subsample-2	exp-1_well-B1_passage-40_subsample-2	exp-1_well-B1_passage-40_subsample-2	NextSeq 500 sequencing: Barcode sequencing of E. coli evolving in antibiotics	Microbe sample from Escherichia coli
SRR10553939	exp-1_well-D10_passage-10_subsample-2	exp-1_well-D10_passage-10_subsample-2	exp-1_well-D10_passage-10_subsample-2	NextSeq 500 sequencing: Barcode sequencing of E. coli evolving in antibiotics	Microbe sample from Escherichia coli
SRR10553941	exp-1_well-D10_passage-08_subsample-4	exp-1_well-D10_passage-08_subsample-4	exp-1_well-D10_passage-08_subsample-4	NextSeq 500 sequencing: Barcode sequencing of E. coli evolving in antibiotics	Microbe sample from Escherichia coli
SRR10553950	exp-1_well-F9_passage-66_subsample-4	exp-1_well-F9_passage-66_subsample-4	exp-1_well-F9_passage-66_subsample-4	NextSeq 500 sequencing: Barcode sequencing of E. coli evolving in antibiotics	Microbe sample from Escherichia coli
SRR10553960	exp-1_well-F9_passage-58_subsample-3	exp-1_well-F9_passage-58_subsample-3	exp-1_well-F9_passage-58_subsample-3	NextSeq 500 sequencing: Barcode sequencing of E. coli evolving in antibiotics	Microbe sample from Escherichia coli
SRR10553963	exp-1_well-F9_passage-54_subsample-4	exp-1_well-F9_passage-54_subsample-4	exp-1_well-F9_passage-54_subsample-4	NextSeq 500 sequencing: Barcode sequencing of E. coli evolving in antibiotics	Microbe sample from Escherichia coli
SRR10553967	exp-1_well-B1_passage-34_subsample-3	exp-1_well-B1_passage-34_subsample-3	exp-1_well-B1_passage-34_subsample-3	NextSeq 500 sequencing: Barcode sequencing of E. coli evolving in antibiotics	Microbe sample from Escherichia coli
SRR10553980	exp-1_well-F9_passage-44_subsample-1	exp-1_well-F9_passage-44_subsample-1	exp-1_well-F9_passage-44_subsample-1	NextSeq 500 sequencing: Barcode sequencing of E. coli evolving in antibiotics	Microbe sample from Escherichia coli
SRR10553986	exp-1_well-F9_passage-38_subsample-3	exp-1_well-F9_passage-38_subsample-3	exp-1_well-F9_passage-38_subsample-3	NextSeq 500 sequencing: Barcode sequencing of E. coli evolving in antibiotics	Microbe sample from Escherichia coli
SRR10553995	exp-1_well-F9_passage-26_subsample-3	exp-1_well-F9_passage-26_subsample-3	exp-1_well-F9_passage-26_subsample-3	NextSeq 500 sequencing: Barcode sequencing of E. coli evolving in antibiotics	Microbe sample from Escherichia coli
SRR10554008	exp-1_well-F9_passage-10_subsample-3	exp-1_well-F9_passage-10_subsample-3	exp-1_well-F9_passage-10_subsample-3	NextSeq 500 sequencing: Barcode sequencing of E. coli evolving in antibiotics	Microbe sample from Escherichia coli
SRR10554018	exp-1_well-E9_passage-70_subsample-2	exp-1_well-E9_passage-70_subsample-2	exp-1_well-E9_passage-70_subsample-2	NextSeq 500 sequencing: Barcode sequencing of E. coli evolving in antibiotics	Microbe sample from Escherichia coli
SRR10554032	exp-1_well-E9_passage-58_subsample-1	exp-1_well-E9_passage-58_subsample-1	exp-1_well-E9_passage-58_subsample-1	NextSeq 500 sequencing: Barcode sequencing of E. coli evolving in antibiotics	Microbe sample from Escherichia coli
SRR10554036	exp-1_well-E9_passage-54_subsample-3	exp-1_well-E9_passage-54_subsample-3	exp-1_well-E9_passage-54_subsample-3	NextSeq 500 sequencing: Barcode sequencing of E. coli evolving in antibiotics	Microbe sample from Escherichia coli
SRR10554037	exp-1_well-E9_passage-54_subsample-2	exp-1_well-E9_passage-54_subsample-2	exp-1_well-E9_passage-54_subsample-2	NextSeq 500 sequencing: Barcode sequencing of E. coli evolving in antibiotics	Microbe sample from Escherichia coli
SRR10554039	exp-1_well-E9_passage-52_subsample-4	exp-1_well-E9_passage-52_subsample-4	exp-1_well-E9_passage-52_subsample-4	NextSeq 500 sequencing: Barcode sequencing of E. coli evolving in antibiotics	Microbe sample from Escherichia coli
SRR10554045	exp-1_well-B1_passage-26_subsample-4	exp-1_well-B1_passage-26_subsample-4	exp-1_well-B1_passage-26_subsample-4	NextSeq 500 sequencing: Barcode sequencing of E. coli evolving in antibiotics	Microbe sample from Escherichia coli
SRR10554050	exp-1_well-E9_passage-44_subsample-2	exp-1_well-E9_passage-44_subsample-2	exp-1_well-E9_passage-44_subsample-2	NextSeq 500 sequencing: Barcode sequencing of E. coli evolving in antibiotics	Microbe sample from Escherichia coli
SRR10554054	exp-1_well-E9_passage-40_subsample-2	exp-1_well-E9_passage-40_subsample-2	exp-1_well-E9_passage-40_subsample-2	NextSeq 500 sequencing: Barcode sequencing of E. coli evolving in antibiotics	Microbe sample from Escherichia coli
SRR10554055	exp-1_well-E9_passage-40_subsample-1	exp-1_well-E9_passage-40_subsample-1	exp-1_well-E9_passage-40_subsample-1	NextSeq 500 sequencing: Barcode sequencing of E. coli evolving in antibiotics	Microbe sample from Escherichia coli
SRR10554059	exp-1_well-E9_passage-38_subsample-2	exp-1_well-E9_passage-38_subsample-2	exp-1_well-E9_passage-38_subsample-2	NextSeq 500 sequencing: Barcode sequencing of E. coli evolving in antibiotics	Microbe sample from Escherichia coli
SRR10554066	exp-1_well-E9_passage-26_subsample-3	exp-1_well-E9_passage-26_subsample-3	exp-1_well-E9_passage-26_subsample-3	NextSeq 500 sequencing: Barcode sequencing of E. coli evolving in antibiotics	Microbe sample from Escherichia coli
SRR10554080	exp-1_well-E9_passage-10_subsample-3	exp-1_well-E9_passage-10_subsample-3	exp-1_well-E9_passage-10_subsample-3	NextSeq 500 sequencing: Barcode sequencing of E. coli evolving in antibiotics	Microbe sample from Escherichia coli
SRR10554082	exp-1_well-E9_passage-10_subsample-1	exp-1_well-E9_passage-10_subsample-1	exp-1_well-E9_passage-10_subsample-1	NextSeq 500 sequencing: Barcode sequencing of E. coli evolving in antibiotics	Microbe sample from Escherichia coli
SRR10554083	exp-1_well-E9_passage-08_subsample-4	exp-1_well-E9_passage-08_subsample-4	exp-1_well-E9_passage-08_subsample-4	NextSeq 500 sequencing: Barcode sequencing of E. coli evolving in antibiotics	Microbe sample from Escherichia coli
SRR10554089	exp-1_well-B1_passage-20_subsample-4	exp-1_well-B1_passage-20_subsample-4	exp-1_well-B1_passage-20_subsample-4	NextSeq 500 sequencing: Barcode sequencing of E. coli evolving in antibiotics	Microbe sample from Escherichia coli
SRR10554094	exp-1_well-D8_passage-66_subsample-2	exp-1_well-D8_passage-66_subsample-2	exp-1_well-D8_passage-66_subsample-2	NextSeq 500 sequencing: Barcode sequencing of E. coli evolving in antibiotics	Microbe sample from Escherichia coli
SRR10554107	exp-1_well-D8_passage-54_subsample-2	exp-1_well-D8_passage-54_subsample-2	exp-1_well-D8_passage-54_subsample-2	NextSeq 500 sequencing: Barcode sequencing of E. coli evolving in antibiotics	Microbe sample from Escherichia coli
SRR10554112	exp-1_well-D8_passage-52_subsample-2	exp-1_well-D8_passage-52_subsample-2	exp-1_well-D8_passage-52_subsample-2	NextSeq 500 sequencing: Barcode sequencing of E. coli evolving in antibiotics	Microbe sample from Escherichia coli
SRR10554114	exp-1_well-D8_passage-48_subsample-4	exp-1_well-D8_passage-48_subsample-4	exp-1_well-D8_passage-48_subsample-4	NextSeq 500 sequencing: Barcode sequencing of E. coli evolving in antibiotics	Microbe sample from Escherichia coli
SRR10554133	exp-1_well-B1_passage-12_subsample-4	exp-1_well-B1_passage-12_subsample-4	exp-1_well-B1_passage-12_subsample-4	NextSeq 500 sequencing: Barcode sequencing of E. coli evolving in antibiotics	Microbe sample from Escherichia coli
SRR10554137	exp-1_well-B1_passage-52_subsample-1	exp-1_well-B1_passage-52_subsample-1	exp-1_well-B1_passage-52_subsample-1	NextSeq 500 sequencing: Barcode sequencing of E. coli evolving in antibiotics	Microbe sample from Escherichia coli
SRR10554139	exp-1_well-A1_passage-08_subsample-2	exp-1_well-A1_passage-08_subsample-2	exp-1_well-A1_passage-08_subsample-2	NextSeq 500 sequencing: Barcode sequencing of E. coli evolving in antibiotics	Microbe sample from Escherichia coli
SRR10554142	exp-1_well-B5_passage-30_subsample-1	exp-1_well-B5_passage-30_subsample-1	exp-1_well-B5_passage-30_subsample-1	NextSeq 500 sequencing: Barcode sequencing of E. coli evolving in antibiotics	Microbe sample from Escherichia coli
SRR10554151	exp-1_well-B5_passage-20_subsample-1	exp-1_well-B5_passage-20_subsample-1	exp-1_well-B5_passage-20_subsample-1	NextSeq 500 sequencing: Barcode sequencing of E. coli evolving in antibiotics	Microbe sample from Escherichia coli
SRR10554156	exp-1_well-B5_passage-12_subsample-1	exp-1_well-B5_passage-12_subsample-1	exp-1_well-B5_passage-12_subsample-1	NextSeq 500 sequencing: Barcode sequencing of E. coli evolving in antibiotics	Microbe sample from Escherichia coli
SRR10554157	exp-1_well-B5_passage-08_subsample-4	exp-1_well-B5_passage-08_subsample-4	exp-1_well-B5_passage-08_subsample-4	NextSeq 500 sequencing: Barcode sequencing of E. coli evolving in antibiotics	Microbe sample from Escherichia coli
SRR10554161	exp-1_well-A5_passage-70_subsample-4	exp-1_well-A5_passage-70_subsample-4	exp-1_well-A5_passage-70_subsample-4	NextSeq 500 sequencing: Barcode sequencing of E. coli evolving in antibiotics	Microbe sample from Escherichia coli
SRR10554166	exp-1_well-A5_passage-68_subsample-4	exp-1_well-A5_passage-68_subsample-4	exp-1_well-A5_passage-68_subsample-4	NextSeq 500 sequencing: Barcode sequencing of E. coli evolving in antibiotics	Microbe sample from Escherichia coli
SRR10554170	exp-1_well-A5_passage-66_subsample-4	exp-1_well-A5_passage-66_subsample-4	exp-1_well-A5_passage-66_subsample-4	NextSeq 500 sequencing: Barcode sequencing of E. coli evolving in antibiotics	Microbe sample from Escherichia coli
SRR10554171	exp-1_well-A5_passage-66_subsample-3	exp-1_well-A5_passage-66_subsample-3	exp-1_well-A5_passage-66_subsample-3	NextSeq 500 sequencing: Barcode sequencing of E. coli evolving in antibiotics	Microbe sample from Escherichia coli
SRR10554177	exp-1_well-A5_passage-62_subsample-2	exp-1_well-A5_passage-62_subsample-2	exp-1_well-A5_passage-62_subsample-2	NextSeq 500 sequencing: Barcode sequencing of E. coli evolving in antibiotics	Microbe sample from Escherichia coli
SRR10554179	exp-1_well-A5_passage-58_subsample-4	exp-1_well-A5_passage-58_subsample-4	exp-1_well-A5_passage-58_subsample-4	NextSeq 500 sequencing: Barcode sequencing of E. coli evolving in antibiotics	Microbe sample from Escherichia coli
SRR10554180	exp-1_well-A5_passage-58_subsample-3	exp-1_well-A5_passage-58_subsample-3	exp-1_well-A5_passage-58_subsample-3	NextSeq 500 sequencing: Barcode sequencing of E. coli evolving in antibiotics	Microbe sample from Escherichia coli
SRR10554182	exp-1_well-A5_passage-58_subsample-1	exp-1_well-A5_passage-58_subsample-1	exp-1_well-A5_passage-58_subsample-1	NextSeq 500 sequencing: Barcode sequencing of E. coli evolving in antibiotics	Microbe sample from Escherichia coli
SRR10554185	exp-1_well-A5_passage-54_subsample-2	exp-1_well-A5_passage-54_subsample-2	exp-1_well-A5_passage-54_subsample-2	NextSeq 500 sequencing: Barcode sequencing of E. coli evolving in antibiotics	Microbe sample from Escherichia coli
SRR10554192	exp-1_well-A5_passage-48_subsample-4	exp-1_well-A5_passage-48_subsample-4	exp-1_well-A5_passage-48_subsample-4	NextSeq 500 sequencing: Barcode sequencing of E. coli evolving in antibiotics	Microbe sample from Escherichia coli
SRR10554196	exp-1_well-A5_passage-44_subsample-4	exp-1_well-A5_passage-44_subsample-4	exp-1_well-A5_passage-44_subsample-4	NextSeq 500 sequencing: Barcode sequencing of E. coli evolving in antibiotics	Microbe sample from Escherichia coli
SRR10554200	exp-1_well-A5_passage-44_subsample-1	exp-1_well-A5_passage-44_subsample-1	exp-1_well-A5_passage-44_subsample-1	NextSeq 500 sequencing: Barcode sequencing of E. coli evolving in antibiotics	Microbe sample from Escherichia coli
SRR10554204	exp-1_well-A5_passage-40_subsample-1	exp-1_well-A5_passage-40_subsample-1	exp-1_well-A5_passage-40_subsample-1	NextSeq 500 sequencing: Barcode sequencing of E. coli evolving in antibiotics	Microbe sample from Escherichia coli
SRR10554205	exp-1_well-A5_passage-34_subsample-4	exp-1_well-A5_passage-34_subsample-4	exp-1_well-A5_passage-34_subsample-4	NextSeq 500 sequencing: Barcode sequencing of E. coli evolving in antibiotics	Microbe sample from Escherichia coli
SRR10554211	exp-1_well-A5_passage-30_subsample-4	exp-1_well-A5_passage-30_subsample-4	exp-1_well-A5_passage-30_subsample-4	NextSeq 500 sequencing: Barcode sequencing of E. coli evolving in antibiotics	Microbe sample from Escherichia coli
SRR10554215	exp-1_well-A5_passage-26_subsample-4	exp-1_well-A5_passage-26_subsample-4	exp-1_well-A5_passage-26_subsample-4	NextSeq 500 sequencing: Barcode sequencing of E. coli evolving in antibiotics	Microbe sample from Escherichia coli
SRR10554226	exp-1_well-A5_passage-12_subsample-2	exp-1_well-A5_passage-12_subsample-2	exp-1_well-A5_passage-12_subsample-2	NextSeq 500 sequencing: Barcode sequencing of E. coli evolving in antibiotics	Microbe sample from Escherichia coli
SRR10554227	exp-1_well-A5_passage-12_subsample-1	exp-1_well-A5_passage-12_subsample-1	exp-1_well-A5_passage-12_subsample-1	NextSeq 500 sequencing: Barcode sequencing of E. coli evolving in antibiotics	Microbe sample from Escherichia coli
SRR10554238	exp-1_well-C3_passage-66_subsample-3	exp-1_well-C3_passage-66_subsample-3	exp-1_well-C3_passage-66_subsample-3	NextSeq 500 sequencing: Barcode sequencing of E. coli evolving in antibiotics	Microbe sample from Escherichia coli
SRR10554240	exp-1_well-C3_passage-66_subsample-1	exp-1_well-C3_passage-66_subsample-1	exp-1_well-C3_passage-66_subsample-1	NextSeq 500 sequencing: Barcode sequencing of E. coli evolving in antibiotics	Microbe sample from Escherichia coli
SRR10554243	exp-1_well-A1_passage-52_subsample-2	exp-1_well-A1_passage-52_subsample-2	exp-1_well-A1_passage-52_subsample-2	NextSeq 500 sequencing: Barcode sequencing of E. coli evolving in antibiotics	Microbe sample from Escherichia coli
SRR10554246	exp-1_well-C3_passage-58_subsample-4	exp-1_well-C3_passage-58_subsample-4	exp-1_well-C3_passage-58_subsample-4	NextSeq 500 sequencing: Barcode sequencing of E. coli evolving in antibiotics	Microbe sample from Escherichia coli
SRR10554267	exp-1_well-C3_passage-44_subsample-1	exp-1_well-C3_passage-44_subsample-1	exp-1_well-C3_passage-44_subsample-1	NextSeq 500 sequencing: Barcode sequencing of E. coli evolving in antibiotics	Microbe sample from Escherichia coli
SRR10554272	exp-1_well-C3_passage-38_subsample-4	exp-1_well-C3_passage-38_subsample-4	exp-1_well-C3_passage-38_subsample-4	NextSeq 500 sequencing: Barcode sequencing of E. coli evolving in antibiotics	Microbe sample from Escherichia coli
SRR10554278	exp-1_well-C3_passage-30_subsample-3	exp-1_well-C3_passage-30_subsample-3	exp-1_well-C3_passage-30_subsample-3	NextSeq 500 sequencing: Barcode sequencing of E. coli evolving in antibiotics	Microbe sample from Escherichia coli
SRR10554285	exp-1_well-C3_passage-20_subsample-4	exp-1_well-C3_passage-20_subsample-4	exp-1_well-C3_passage-20_subsample-4	NextSeq 500 sequencing: Barcode sequencing of E. coli evolving in antibiotics	Microbe sample from Escherichia coli
SRR10554288	exp-1_well-C3_passage-20_subsample-2	exp-1_well-C3_passage-20_subsample-2	exp-1_well-C3_passage-20_subsample-2	NextSeq 500 sequencing: Barcode sequencing of E. coli evolving in antibiotics	Microbe sample from Escherichia coli
SRR10554291	exp-1_well-C3_passage-12_subsample-3	exp-1_well-C3_passage-12_subsample-3	exp-1_well-C3_passage-12_subsample-3	NextSeq 500 sequencing: Barcode sequencing of E. coli evolving in antibiotics	Microbe sample from Escherichia coli
SRR10554295	exp-1_well-C3_passage-10_subsample-3	exp-1_well-C3_passage-10_subsample-3	exp-1_well-C3_passage-10_subsample-3	NextSeq 500 sequencing: Barcode sequencing of E. coli evolving in antibiotics	Microbe sample from Escherichia coli
SRR10554301	exp-1_well-C3_passage-08_subsample-2	exp-1_well-C3_passage-08_subsample-2	exp-1_well-C3_passage-08_subsample-2	NextSeq 500 sequencing: Barcode sequencing of E. coli evolving in antibiotics	Microbe sample from Escherichia coli
SRR10554303	exp-1_well-B3_passage-70_subsample-4	exp-1_well-B3_passage-70_subsample-4	exp-1_well-B3_passage-70_subsample-4	NextSeq 500 sequencing: Barcode sequencing of E. coli evolving in antibiotics	Microbe sample from Escherichia coli
SRR10554307	exp-1_well-B3_passage-68_subsample-4	exp-1_well-B3_passage-68_subsample-4	exp-1_well-B3_passage-68_subsample-4	NextSeq 500 sequencing: Barcode sequencing of E. coli evolving in antibiotics	Microbe sample from Escherichia coli
SRR10554310	exp-1_well-B3_passage-68_subsample-2	exp-1_well-B3_passage-68_subsample-2	exp-1_well-B3_passage-68_subsample-2	NextSeq 500 sequencing: Barcode sequencing of E. coli evolving in antibiotics	Microbe sample from Escherichia coli
SRR10554315	exp-1_well-B3_passage-66_subsample-1	exp-1_well-B3_passage-66_subsample-1	exp-1_well-B3_passage-66_subsample-1	NextSeq 500 sequencing: Barcode sequencing of E. coli evolving in antibiotics	Microbe sample from Escherichia coli
SRR10554323	exp-1_well-B3_passage-58_subsample-3	exp-1_well-B3_passage-58_subsample-3	exp-1_well-B3_passage-58_subsample-3	NextSeq 500 sequencing: Barcode sequencing of E. coli evolving in antibiotics	Microbe sample from Escherichia coli
SRR10554332	exp-1_well-A1_passage-44_subsample-2	exp-1_well-A1_passage-44_subsample-2	exp-1_well-A1_passage-44_subsample-2	NextSeq 500 sequencing: Barcode sequencing of E. coli evolving in antibiotics	Microbe sample from Escherichia coli
SRR10554337	exp-1_well-B3_passage-48_subsample-2	exp-1_well-B3_passage-48_subsample-2	exp-1_well-B3_passage-48_subsample-2	NextSeq 500 sequencing: Barcode sequencing of E. coli evolving in antibiotics	Microbe sample from Escherichia coli
SRR10554348	exp-1_well-B3_passage-34_subsample-4	exp-1_well-B3_passage-34_subsample-4	exp-1_well-B3_passage-34_subsample-4	NextSeq 500 sequencing: Barcode sequencing of E. coli evolving in antibiotics	Microbe sample from Escherichia coli
SRR10554350	exp-1_well-B3_passage-34_subsample-2	exp-1_well-B3_passage-34_subsample-2	exp-1_well-B3_passage-34_subsample-2	NextSeq 500 sequencing: Barcode sequencing of E. coli evolving in antibiotics	Microbe sample from Escherichia coli
SRR10554351	exp-1_well-B3_passage-34_subsample-1	exp-1_well-B3_passage-34_subsample-1	exp-1_well-B3_passage-34_subsample-1	NextSeq 500 sequencing: Barcode sequencing of E. coli evolving in antibiotics	Microbe sample from Escherichia coli
SRR10554371	exp-1_well-B3_passage-08_subsample-3	exp-1_well-B3_passage-08_subsample-3	exp-1_well-B3_passage-08_subsample-3	NextSeq 500 sequencing: Barcode sequencing of E. coli evolving in antibiotics	Microbe sample from Escherichia coli
SRR10554372	exp-1_well-B3_passage-08_subsample-2	exp-1_well-B3_passage-08_subsample-2	exp-1_well-B3_passage-08_subsample-2	NextSeq 500 sequencing: Barcode sequencing of E. coli evolving in antibiotics	Microbe sample from Escherichia coli
SRR10554381	exp-1_well-A3_passage-68_subsample-2	exp-1_well-A3_passage-68_subsample-2	exp-1_well-A3_passage-68_subsample-2	NextSeq 500 sequencing: Barcode sequencing of E. coli evolving in antibiotics	Microbe sample from Escherichia coli
SRR10554385	exp-1_well-A3_passage-66_subsample-2	exp-1_well-A3_passage-66_subsample-2	exp-1_well-A3_passage-66_subsample-2	NextSeq 500 sequencing: Barcode sequencing of E. coli evolving in antibiotics	Microbe sample from Escherichia coli
SRR10554394	exp-1_well-A3_passage-58_subsample-2	exp-1_well-A3_passage-58_subsample-2	exp-1_well-A3_passage-58_subsample-2	NextSeq 500 sequencing: Barcode sequencing of E. coli evolving in antibiotics	Microbe sample from Escherichia coli
SRR10554395	exp-1_well-A3_passage-58_subsample-1	exp-1_well-A3_passage-58_subsample-1	exp-1_well-A3_passage-58_subsample-1	NextSeq 500 sequencing: Barcode sequencing of E. coli evolving in antibiotics	Microbe sample from Escherichia coli
SRR10554400	exp-1_well-A3_passage-52_subsample-1	exp-1_well-A3_passage-52_subsample-1	exp-1_well-A3_passage-52_subsample-1	NextSeq 500 sequencing: Barcode sequencing of E. coli evolving in antibiotics	Microbe sample from Escherichia coli
SRR10554402	exp-1_well-A3_passage-48_subsample-3	exp-1_well-A3_passage-48_subsample-3	exp-1_well-A3_passage-48_subsample-3	NextSeq 500 sequencing: Barcode sequencing of E. coli evolving in antibiotics	Microbe sample from Escherichia coli
SRR10554403	exp-1_well-A3_passage-48_subsample-2	exp-1_well-A3_passage-48_subsample-2	exp-1_well-A3_passage-48_subsample-2	NextSeq 500 sequencing: Barcode sequencing of E. coli evolving in antibiotics	Microbe sample from Escherichia coli
SRR10554406	exp-1_well-A3_passage-44_subsample-3	exp-1_well-A3_passage-44_subsample-3	exp-1_well-A3_passage-44_subsample-3	NextSeq 500 sequencing: Barcode sequencing of E. coli evolving in antibiotics	Microbe sample from Escherichia coli
SRR10554414	exp-1_well-A3_passage-34_subsample-4	exp-1_well-A3_passage-34_subsample-4	exp-1_well-A3_passage-34_subsample-4	NextSeq 500 sequencing: Barcode sequencing of E. coli evolving in antibiotics	Microbe sample from Escherichia coli
SRR10554418	exp-1_well-A3_passage-30_subsample-4	exp-1_well-A3_passage-30_subsample-4	exp-1_well-A3_passage-30_subsample-4	NextSeq 500 sequencing: Barcode sequencing of E. coli evolving in antibiotics	Microbe sample from Escherichia coli
SRR10554419	exp-1_well-A3_passage-30_subsample-3	exp-1_well-A3_passage-30_subsample-3	exp-1_well-A3_passage-30_subsample-3	NextSeq 500 sequencing: Barcode sequencing of E. coli evolving in antibiotics	Microbe sample from Escherichia coli
SRR10554424	exp-1_well-A3_passage-26_subsample-3	exp-1_well-A3_passage-26_subsample-3	exp-1_well-A3_passage-26_subsample-3	NextSeq 500 sequencing: Barcode sequencing of E. coli evolving in antibiotics	Microbe sample from Escherichia coli
SRR10554425	exp-1_well-A3_passage-26_subsample-2	exp-1_well-A3_passage-26_subsample-2	exp-1_well-A3_passage-26_subsample-2	NextSeq 500 sequencing: Barcode sequencing of E. coli evolving in antibiotics	Microbe sample from Escherichia coli
SRR10554432	exp-1_well-A1_passage-08_subsample-3	exp-1_well-A1_passage-08_subsample-3	exp-1_well-A1_passage-08_subsample-3	NextSeq 500 sequencing: Barcode sequencing of E. coli evolving in antibiotics	Microbe sample from Escherichia coli
SRR10554436	exp-1_well-A3_passage-12_subsample-1	exp-1_well-A3_passage-12_subsample-1	exp-1_well-A3_passage-12_subsample-1	NextSeq 500 sequencing: Barcode sequencing of E. coli evolving in antibiotics	Microbe sample from Escherichia coli
SRR10554438	exp-1_well-A3_passage-08_subsample-3	exp-1_well-A3_passage-08_subsample-3	exp-1_well-A3_passage-08_subsample-3	NextSeq 500 sequencing: Barcode sequencing of E. coli evolving in antibiotics	Microbe sample from Escherichia coli
SRR10554442	exp-1_well-C1_passage-70_subsample-3	exp-1_well-C1_passage-70_subsample-3	exp-1_well-C1_passage-70_subsample-3	NextSeq 500 sequencing: Barcode sequencing of E. coli evolving in antibiotics	Microbe sample from Escherichia coli
SRR10554450	exp-1_well-C1_passage-64_subsample-4	exp-1_well-C1_passage-64_subsample-4	exp-1_well-C1_passage-64_subsample-4	NextSeq 500 sequencing: Barcode sequencing of E. coli evolving in antibiotics	Microbe sample from Escherichia coli
SRR10554451	exp-1_well-C1_passage-64_subsample-3	exp-1_well-C1_passage-64_subsample-3	exp-1_well-C1_passage-64_subsample-3	NextSeq 500 sequencing: Barcode sequencing of E. coli evolving in antibiotics	Microbe sample from Escherichia coli
SRR10554459	exp-1_well-C1_passage-54_subsample-4	exp-1_well-C1_passage-54_subsample-4	exp-1_well-C1_passage-54_subsample-4	NextSeq 500 sequencing: Barcode sequencing of E. coli evolving in antibiotics	Microbe sample from Escherichia coli
SRR10554463	exp-1_well-C1_passage-52_subsample-4	exp-1_well-C1_passage-52_subsample-4	exp-1_well-C1_passage-52_subsample-4	NextSeq 500 sequencing: Barcode sequencing of E. coli evolving in antibiotics	Microbe sample from Escherichia coli
SRR10554464	exp-1_well-C1_passage-52_subsample-3	exp-1_well-C1_passage-52_subsample-3	exp-1_well-C1_passage-52_subsample-3	NextSeq 500 sequencing: Barcode sequencing of E. coli evolving in antibiotics	Microbe sample from Escherichia coli
SRR10554465	exp-1_well-A1_passage-30_subsample-2	exp-1_well-A1_passage-30_subsample-2	exp-1_well-A1_passage-30_subsample-2	NextSeq 500 sequencing: Barcode sequencing of E. coli evolving in antibiotics	Microbe sample from Escherichia coli
SRR10554467	exp-1_well-C1_passage-52_subsample-1	exp-1_well-C1_passage-52_subsample-1	exp-1_well-C1_passage-52_subsample-1	NextSeq 500 sequencing: Barcode sequencing of E. coli evolving in antibiotics	Microbe sample from Escherichia coli
SRR10554469	exp-1_well-C1_passage-48_subsample-3	exp-1_well-C1_passage-48_subsample-3	exp-1_well-C1_passage-48_subsample-3	NextSeq 500 sequencing: Barcode sequencing of E. coli evolving in antibiotics	Microbe sample from Escherichia coli
SRR10554473	exp-1_well-C1_passage-44_subsample-3	exp-1_well-C1_passage-44_subsample-3	exp-1_well-C1_passage-44_subsample-3	NextSeq 500 sequencing: Barcode sequencing of E. coli evolving in antibiotics	Microbe sample from Escherichia coli
SRR10554475	exp-1_well-C1_passage-44_subsample-1	exp-1_well-C1_passage-44_subsample-1	exp-1_well-C1_passage-44_subsample-1	NextSeq 500 sequencing: Barcode sequencing of E. coli evolving in antibiotics	Microbe sample from Escherichia coli
SRR10554483	exp-1_well-D8_passage-20_subsample-1	exp-1_well-D8_passage-20_subsample-1	exp-1_well-D8_passage-20_subsample-1	NextSeq 500 sequencing: Barcode sequencing of E. coli evolving in antibiotics	Microbe sample from Escherichia coli
SRR10554485	exp-1_well-A1_passage-12_subsample-4	exp-1_well-A1_passage-12_subsample-4	exp-1_well-A1_passage-12_subsample-4	NextSeq 500 sequencing: Barcode sequencing of E. coli evolving in antibiotics	Microbe sample from Escherichia coli
SRR10554492	exp-1_well-D8_passage-10_subsample-2	exp-1_well-D8_passage-10_subsample-2	exp-1_well-D8_passage-10_subsample-2	NextSeq 500 sequencing: Barcode sequencing of E. coli evolving in antibiotics	Microbe sample from Escherichia coli
SRR10554493	exp-1_well-D8_passage-10_subsample-1	exp-1_well-D8_passage-10_subsample-1	exp-1_well-D8_passage-10_subsample-1	NextSeq 500 sequencing: Barcode sequencing of E. coli evolving in antibiotics	Microbe sample from Escherichia coli
SRR10554495	exp-1_well-D8_passage-08_subsample-3	exp-1_well-D8_passage-08_subsample-3	exp-1_well-D8_passage-08_subsample-3	NextSeq 500 sequencing: Barcode sequencing of E. coli evolving in antibiotics	Microbe sample from Escherichia coli
SRR10554500	exp-1_well-H7_passage-70_subsample-3	exp-1_well-H7_passage-70_subsample-3	exp-1_well-H7_passage-70_subsample-3	NextSeq 500 sequencing: Barcode sequencing of E. coli evolving in antibiotics	Microbe sample from Escherichia coli
SRR10554501	exp-1_well-H7_passage-70_subsample-2	exp-1_well-H7_passage-70_subsample-2	exp-1_well-H7_passage-70_subsample-2	NextSeq 500 sequencing: Barcode sequencing of E. coli evolving in antibiotics	Microbe sample from Escherichia coli
SRR10554515	exp-1_well-H7_passage-58_subsample-1	exp-1_well-H7_passage-58_subsample-1	exp-1_well-H7_passage-58_subsample-1	NextSeq 500 sequencing: Barcode sequencing of E. coli evolving in antibiotics	Microbe sample from Escherichia coli
SRR10554516	exp-1_well-H7_passage-54_subsample-4	exp-1_well-H7_passage-54_subsample-4	exp-1_well-H7_passage-54_subsample-4	NextSeq 500 sequencing: Barcode sequencing of E. coli evolving in antibiotics	Microbe sample from Escherichia coli
SRR10554530	exp-1_well-H7_passage-44_subsample-4	exp-1_well-H7_passage-44_subsample-4	exp-1_well-H7_passage-44_subsample-4	NextSeq 500 sequencing: Barcode sequencing of E. coli evolving in antibiotics	Microbe sample from Escherichia coli
SRR10554538	exp-1_well-H7_passage-38_subsample-4	exp-1_well-H7_passage-38_subsample-4	exp-1_well-H7_passage-38_subsample-4	NextSeq 500 sequencing: Barcode sequencing of E. coli evolving in antibiotics	Microbe sample from Escherichia coli
SRR10554539	exp-1_well-H7_passage-38_subsample-3	exp-1_well-H7_passage-38_subsample-3	exp-1_well-H7_passage-38_subsample-3	NextSeq 500 sequencing: Barcode sequencing of E. coli evolving in antibiotics	Microbe sample from Escherichia coli
SRR10554540	exp-1_well-B1_passage-08_subsample-2	exp-1_well-B1_passage-08_subsample-2	exp-1_well-B1_passage-08_subsample-2	NextSeq 500 sequencing: Barcode sequencing of E. coli evolving in antibiotics	Microbe sample from Escherichia coli
SRR10554544	exp-1_well-H7_passage-30_subsample-3	exp-1_well-H7_passage-30_subsample-3	exp-1_well-H7_passage-30_subsample-3	NextSeq 500 sequencing: Barcode sequencing of E. coli evolving in antibiotics	Microbe sample from Escherichia coli
SRR10554547	exp-1_well-H7_passage-26_subsample-4	exp-1_well-H7_passage-26_subsample-4	exp-1_well-H7_passage-26_subsample-4	NextSeq 500 sequencing: Barcode sequencing of E. coli evolving in antibiotics	Microbe sample from Escherichia coli
SRR10554552	exp-1_well-H7_passage-20_subsample-4	exp-1_well-H7_passage-20_subsample-4	exp-1_well-H7_passage-20_subsample-4	NextSeq 500 sequencing: Barcode sequencing of E. coli evolving in antibiotics	Microbe sample from Escherichia coli
SRR10554553	exp-1_well-H7_passage-20_subsample-3	exp-1_well-H7_passage-20_subsample-3	exp-1_well-H7_passage-20_subsample-3	NextSeq 500 sequencing: Barcode sequencing of E. coli evolving in antibiotics	Microbe sample from Escherichia coli
SRR10554567	exp-1_well-H7_passage-08_subsample-2	exp-1_well-H7_passage-08_subsample-2	exp-1_well-H7_passage-08_subsample-2	NextSeq 500 sequencing: Barcode sequencing of E. coli evolving in antibiotics	Microbe sample from Escherichia coli
SRR10554599	exp-1_well-G7_passage-48_subsample-2	exp-1_well-G7_passage-48_subsample-2	exp-1_well-G7_passage-48_subsample-2	NextSeq 500 sequencing: Barcode sequencing of E. coli evolving in antibiotics	Microbe sample from Escherichia coli
SRR10554607	exp-1_well-A1_passage-68_subsample-4	exp-1_well-A1_passage-68_subsample-4	exp-1_well-A1_passage-68_subsample-4	NextSeq 500 sequencing: Barcode sequencing of E. coli evolving in antibiotics	Microbe sample from Escherichia coli
SRR10554614	exp-1_well-G7_passage-30_subsample-4	exp-1_well-G7_passage-30_subsample-4	exp-1_well-G7_passage-30_subsample-4	NextSeq 500 sequencing: Barcode sequencing of E. coli evolving in antibiotics	Microbe sample from Escherichia coli
SRR10554626	exp-1_well-G7_passage-20_subsample-1	exp-1_well-G7_passage-20_subsample-1	exp-1_well-G7_passage-20_subsample-1	NextSeq 500 sequencing: Barcode sequencing of E. coli evolving in antibiotics	Microbe sample from Escherichia coli
SRR10554627	exp-1_well-G7_passage-12_subsample-4	exp-1_well-G7_passage-12_subsample-4	exp-1_well-G7_passage-12_subsample-4	NextSeq 500 sequencing: Barcode sequencing of E. coli evolving in antibiotics	Microbe sample from Escherichia coli
SRR10554631	exp-1_well-G7_passage-12_subsample-1	exp-1_well-G7_passage-12_subsample-1	exp-1_well-G7_passage-12_subsample-1	NextSeq 500 sequencing: Barcode sequencing of E. coli evolving in antibiotics	Microbe sample from Escherichia coli
SRR10554634	exp-1_well-G7_passage-10_subsample-2	exp-1_well-G7_passage-10_subsample-2	exp-1_well-G7_passage-10_subsample-2	NextSeq 500 sequencing: Barcode sequencing of E. coli evolving in antibiotics	Microbe sample from Escherichia coli
SRR10554635	exp-1_well-G7_passage-10_subsample-1	exp-1_well-G7_passage-10_subsample-1	exp-1_well-G7_passage-10_subsample-1	NextSeq 500 sequencing: Barcode sequencing of E. coli evolving in antibiotics	Microbe sample from Escherichia coli
SRR10554637	exp-1_well-G7_passage-08_subsample-3	exp-1_well-G7_passage-08_subsample-3	exp-1_well-G7_passage-08_subsample-3	NextSeq 500 sequencing: Barcode sequencing of E. coli evolving in antibiotics	Microbe sample from Escherichia coli
SRR10554638	exp-1_well-G7_passage-08_subsample-2	exp-1_well-G7_passage-08_subsample-2	exp-1_well-G7_passage-08_subsample-2	NextSeq 500 sequencing: Barcode sequencing of E. coli evolving in antibiotics	Microbe sample from Escherichia coli
SRR10554640	exp-1_well-A1_passage-68_subsample-1	exp-1_well-A1_passage-68_subsample-1	exp-1_well-A1_passage-68_subsample-1	NextSeq 500 sequencing: Barcode sequencing of E. coli evolving in antibiotics	Microbe sample from Escherichia coli
SRR10554641	exp-1_well-D6_passage-70_subsample-4	exp-1_well-D6_passage-70_subsample-4	exp-1_well-D6_passage-70_subsample-4	NextSeq 500 sequencing: Barcode sequencing of E. coli evolving in antibiotics	Microbe sample from Escherichia coli
SRR10554646	exp-1_well-D6_passage-66_subsample-3	exp-1_well-D6_passage-66_subsample-3	exp-1_well-D6_passage-66_subsample-3	NextSeq 500 sequencing: Barcode sequencing of E. coli evolving in antibiotics	Microbe sample from Escherichia coli
SRR10554653	exp-1_well-D6_passage-58_subsample-1	exp-1_well-D6_passage-58_subsample-1	exp-1_well-D6_passage-58_subsample-1	NextSeq 500 sequencing: Barcode sequencing of E. coli evolving in antibiotics	Microbe sample from Escherichia coli
SRR10554655	exp-1_well-D6_passage-54_subsample-3	exp-1_well-D6_passage-54_subsample-3	exp-1_well-D6_passage-54_subsample-3	NextSeq 500 sequencing: Barcode sequencing of E. coli evolving in antibiotics	Microbe sample from Escherichia coli
SRR10554657	exp-1_well-D6_passage-54_subsample-1	exp-1_well-D6_passage-54_subsample-1	exp-1_well-D6_passage-54_subsample-1	NextSeq 500 sequencing: Barcode sequencing of E. coli evolving in antibiotics	Microbe sample from Escherichia coli
SRR10554659	exp-1_well-D6_passage-52_subsample-3	exp-1_well-D6_passage-52_subsample-3	exp-1_well-D6_passage-52_subsample-3	NextSeq 500 sequencing: Barcode sequencing of E. coli evolving in antibiotics	Microbe sample from Escherichia coli
SRR10554661	exp-1_well-D6_passage-52_subsample-1	exp-1_well-D6_passage-52_subsample-1	exp-1_well-D6_passage-52_subsample-1	NextSeq 500 sequencing: Barcode sequencing of E. coli evolving in antibiotics	Microbe sample from Escherichia coli
SRR10554664	exp-1_well-D6_passage-48_subsample-3	exp-1_well-D6_passage-48_subsample-3	exp-1_well-D6_passage-48_subsample-3	NextSeq 500 sequencing: Barcode sequencing of E. coli evolving in antibiotics	Microbe sample from Escherichia coli
SRR10554667	exp-1_well-D6_passage-44_subsample-4	exp-1_well-D6_passage-44_subsample-4	exp-1_well-D6_passage-44_subsample-4	NextSeq 500 sequencing: Barcode sequencing of E. coli evolving in antibiotics	Microbe sample from Escherichia coli
SRR10554674	exp-1_well-D6_passage-40_subsample-2	exp-1_well-D6_passage-40_subsample-2	exp-1_well-D6_passage-40_subsample-2	NextSeq 500 sequencing: Barcode sequencing of E. coli evolving in antibiotics	Microbe sample from Escherichia coli
SRR10554676	exp-1_well-D6_passage-30_subsample-4	exp-1_well-D6_passage-30_subsample-4	exp-1_well-D6_passage-30_subsample-4	NextSeq 500 sequencing: Barcode sequencing of E. coli evolving in antibiotics	Microbe sample from Escherichia coli
SRR10554678	exp-1_well-D6_passage-30_subsample-2	exp-1_well-D6_passage-30_subsample-2	exp-1_well-D6_passage-30_subsample-2	NextSeq 500 sequencing: Barcode sequencing of E. coli evolving in antibiotics	Microbe sample from Escherichia coli
SRR10554686	exp-1_well-D6_passage-20_subsample-3	exp-1_well-D6_passage-20_subsample-3	exp-1_well-D6_passage-20_subsample-3	NextSeq 500 sequencing: Barcode sequencing of E. coli evolving in antibiotics	Microbe sample from Escherichia coli
SRR10554689	exp-1_well-D6_passage-12_subsample-4	exp-1_well-D6_passage-12_subsample-4	exp-1_well-D6_passage-12_subsample-4	NextSeq 500 sequencing: Barcode sequencing of E. coli evolving in antibiotics	Microbe sample from Escherichia coli
SRR10554691	exp-1_well-D6_passage-12_subsample-2	exp-1_well-D6_passage-12_subsample-2	exp-1_well-D6_passage-12_subsample-2	NextSeq 500 sequencing: Barcode sequencing of E. coli evolving in antibiotics	Microbe sample from Escherichia coli
SRR10554696	exp-1_well-D6_passage-08_subsample-2	exp-1_well-D6_passage-08_subsample-2	exp-1_well-D6_passage-08_subsample-2	NextSeq 500 sequencing: Barcode sequencing of E. coli evolving in antibiotics	Microbe sample from Escherichia coli
SRR10554701	exp-1_well-B5_passage-70_subsample-1	exp-1_well-B5_passage-70_subsample-1	exp-1_well-B5_passage-70_subsample-1	NextSeq 500 sequencing: Barcode sequencing of E. coli evolving in antibiotics	Microbe sample from Escherichia coli
SRR10554713	exp-1_well-B5_passage-62_subsample-3	exp-1_well-B5_passage-62_subsample-3	exp-1_well-B5_passage-62_subsample-3	NextSeq 500 sequencing: Barcode sequencing of E. coli evolving in antibiotics	Microbe sample from Escherichia coli
SRR10554721	exp-1_well-B5_passage-54_subsample-4	exp-1_well-B5_passage-54_subsample-4	exp-1_well-B5_passage-54_subsample-4	NextSeq 500 sequencing: Barcode sequencing of E. coli evolving in antibiotics	Microbe sample from Escherichia coli
SRR10554722	exp-1_well-B5_passage-54_subsample-3	exp-1_well-B5_passage-54_subsample-3	exp-1_well-B5_passage-54_subsample-3	NextSeq 500 sequencing: Barcode sequencing of E. coli evolving in antibiotics	Microbe sample from Escherichia coli
SRR10554725	exp-1_well-B5_passage-52_subsample-4	exp-1_well-B5_passage-52_subsample-4	exp-1_well-B5_passage-52_subsample-4	NextSeq 500 sequencing: Barcode sequencing of E. coli evolving in antibiotics	Microbe sample from Escherichia coli
SRR10554730	exp-1_well-B5_passage-48_subsample-4	exp-1_well-B5_passage-48_subsample-4	exp-1_well-B5_passage-48_subsample-4	NextSeq 500 sequencing: Barcode sequencing of E. coli evolving in antibiotics	Microbe sample from Escherichia coli
SRR10554742	exp-1_well-B5_passage-40_subsample-1	exp-1_well-B5_passage-40_subsample-1	exp-1_well-B5_passage-40_subsample-1	NextSeq 500 sequencing: Barcode sequencing of E. coli evolving in antibiotics	Microbe sample from Escherichia coli
SRR10554743	exp-1_well-B5_passage-34_subsample-4	exp-1_well-B5_passage-34_subsample-4	exp-1_well-B5_passage-34_subsample-4	NextSeq 500 sequencing: Barcode sequencing of E. coli evolving in antibiotics	Microbe sample from Escherichia coli
SRR10554746	exp-1_well-B5_passage-34_subsample-1	exp-1_well-B5_passage-34_subsample-1	exp-1_well-B5_passage-34_subsample-1	NextSeq 500 sequencing: Barcode sequencing of E. coli evolving in antibiotics	Microbe sample from Escherichia coli
SRR10554747	exp-1_well-B5_passage-30_subsample-4	exp-1_well-B5_passage-30_subsample-4	exp-1_well-B5_passage-30_subsample-4	NextSeq 500 sequencing: Barcode sequencing of E. coli evolving in antibiotics	Microbe sample from Escherichia coli
SRR10553808	exp-1_well-C1_passage-40_subsample-1	exp-1_well-C1_passage-40_subsample-1	exp-1_well-C1_passage-40_subsample-1	NextSeq 500 sequencing: Barcode sequencing of E. coli evolving in antibiotics	Microbe sample from Escherichia coli
SRR10553810	exp-1_well-C1_passage-38_subsample-3	exp-1_well-C1_passage-38_subsample-3	exp-1_well-C1_passage-38_subsample-3	NextSeq 500 sequencing: Barcode sequencing of E. coli evolving in antibiotics	Microbe sample from Escherichia coli
SRR10553813	exp-1_well-C1_passage-30_subsample-4	exp-1_well-C1_passage-30_subsample-4	exp-1_well-C1_passage-30_subsample-4	NextSeq 500 sequencing: Barcode sequencing of E. coli evolving in antibiotics	Microbe sample from Escherichia coli
SRR10553818	exp-1_well-C1_passage-26_subsample-4	exp-1_well-C1_passage-26_subsample-4	exp-1_well-C1_passage-26_subsample-4	NextSeq 500 sequencing: Barcode sequencing of E. coli evolving in antibiotics	Microbe sample from Escherichia coli
SRR10553824	exp-1_well-C1_passage-20_subsample-2	exp-1_well-C1_passage-20_subsample-2	exp-1_well-C1_passage-20_subsample-2	NextSeq 500 sequencing: Barcode sequencing of E. coli evolving in antibiotics	Microbe sample from Escherichia coli
SRR10553825	exp-1_well-C1_passage-20_subsample-1	exp-1_well-C1_passage-20_subsample-1	exp-1_well-C1_passage-20_subsample-1	NextSeq 500 sequencing: Barcode sequencing of E. coli evolving in antibiotics	Microbe sample from Escherichia coli
SRR10553828	exp-1_well-C1_passage-12_subsample-3	exp-1_well-C1_passage-12_subsample-3	exp-1_well-C1_passage-12_subsample-3	NextSeq 500 sequencing: Barcode sequencing of E. coli evolving in antibiotics	Microbe sample from Escherichia coli
SRR10553833	exp-1_well-C1_passage-10_subsample-2	exp-1_well-C1_passage-10_subsample-2	exp-1_well-C1_passage-10_subsample-2	NextSeq 500 sequencing: Barcode sequencing of E. coli evolving in antibiotics	Microbe sample from Escherichia coli
SRR10553838	exp-1_well-C1_passage-08_subsample-2	exp-1_well-C1_passage-08_subsample-2	exp-1_well-C1_passage-08_subsample-2	NextSeq 500 sequencing: Barcode sequencing of E. coli evolving in antibiotics	Microbe sample from Escherichia coli
SRR10553844	exp-1_well-B1_passage-68_subsample-4	exp-1_well-B1_passage-68_subsample-4	exp-1_well-B1_passage-68_subsample-4	NextSeq 500 sequencing: Barcode sequencing of E. coli evolving in antibiotics	Microbe sample from Escherichia coli
SRR10553853	exp-1_well-B1_passage-62_subsample-4	exp-1_well-B1_passage-62_subsample-4	exp-1_well-B1_passage-62_subsample-4	NextSeq 500 sequencing: Barcode sequencing of E. coli evolving in antibiotics	Microbe sample from Escherichia coli
SRR10553855	exp-1_well-B1_passage-62_subsample-2	exp-1_well-B1_passage-62_subsample-2	exp-1_well-B1_passage-62_subsample-2	NextSeq 500 sequencing: Barcode sequencing of E. coli evolving in antibiotics	Microbe sample from Escherichia coli
SRR10553860	exp-1_well-B1_passage-58_subsample-2	exp-1_well-B1_passage-58_subsample-2	exp-1_well-B1_passage-58_subsample-2	NextSeq 500 sequencing: Barcode sequencing of E. coli evolving in antibiotics	Microbe sample from Escherichia coli
SRR10553862	exp-1_well-B1_passage-54_subsample-4	exp-1_well-B1_passage-54_subsample-4	exp-1_well-B1_passage-54_subsample-4	NextSeq 500 sequencing: Barcode sequencing of E. coli evolving in antibiotics	Microbe sample from Escherichia coli
SRR10553872	exp-1_well-B1_passage-48_subsample-1	exp-1_well-B1_passage-48_subsample-1	exp-1_well-B1_passage-48_subsample-1	NextSeq 500 sequencing: Barcode sequencing of E. coli evolving in antibiotics	Microbe sample from Escherichia coli
SRR10553879	exp-1_well-D10_passage-66_subsample-4	exp-1_well-D10_passage-66_subsample-4	exp-1_well-D10_passage-66_subsample-4	NextSeq 500 sequencing: Barcode sequencing of E. coli evolving in antibiotics	Microbe sample from Escherichia coli
SRR10553882	exp-1_well-D10_passage-66_subsample-1	exp-1_well-D10_passage-66_subsample-1	exp-1_well-D10_passage-66_subsample-1	NextSeq 500 sequencing: Barcode sequencing of E. coli evolving in antibiotics	Microbe sample from Escherichia coli
SRR10553884	exp-1_well-D10_passage-64_subsample-3	exp-1_well-D10_passage-64_subsample-3	exp-1_well-D10_passage-64_subsample-3	NextSeq 500 sequencing: Barcode sequencing of E. coli evolving in antibiotics	Microbe sample from Escherichia coli
SRR10553885	exp-1_well-D10_passage-64_subsample-2	exp-1_well-D10_passage-64_subsample-2	exp-1_well-D10_passage-64_subsample-2	NextSeq 500 sequencing: Barcode sequencing of E. coli evolving in antibiotics	Microbe sample from Escherichia coli
SRR10553893	exp-1_well-D10_passage-54_subsample-3	exp-1_well-D10_passage-54_subsample-3	exp-1_well-D10_passage-54_subsample-3	NextSeq 500 sequencing: Barcode sequencing of E. coli evolving in antibiotics	Microbe sample from Escherichia coli
SRR10553896	exp-1_well-D10_passage-52_subsample-4	exp-1_well-D10_passage-52_subsample-4	exp-1_well-D10_passage-52_subsample-4	NextSeq 500 sequencing: Barcode sequencing of E. coli evolving in antibiotics	Microbe sample from Escherichia coli
SRR10553898	exp-1_well-D10_passage-52_subsample-2	exp-1_well-D10_passage-52_subsample-2	exp-1_well-D10_passage-52_subsample-2	NextSeq 500 sequencing: Barcode sequencing of E. coli evolving in antibiotics	Microbe sample from Escherichia coli
SRR10553899	exp-1_well-D10_passage-52_subsample-1	exp-1_well-D10_passage-52_subsample-1	exp-1_well-D10_passage-52_subsample-1	NextSeq 500 sequencing: Barcode sequencing of E. coli evolving in antibiotics	Microbe sample from Escherichia coli
SRR10553902	exp-1_well-D10_passage-48_subsample-3	exp-1_well-D10_passage-48_subsample-3	exp-1_well-D10_passage-48_subsample-3	NextSeq 500 sequencing: Barcode sequencing of E. coli evolving in antibiotics	Microbe sample from Escherichia coli
SRR10553916	exp-1_well-D10_passage-38_subsample-2	exp-1_well-D10_passage-38_subsample-2	exp-1_well-D10_passage-38_subsample-2	NextSeq 500 sequencing: Barcode sequencing of E. coli evolving in antibiotics	Microbe sample from Escherichia coli
SRR10553919	exp-1_well-D10_passage-30_subsample-3	exp-1_well-D10_passage-30_subsample-3	exp-1_well-D10_passage-30_subsample-3	NextSeq 500 sequencing: Barcode sequencing of E. coli evolving in antibiotics	Microbe sample from Escherichia coli
SRR10553924	exp-1_well-D10_passage-26_subsample-4	exp-1_well-D10_passage-26_subsample-4	exp-1_well-D10_passage-26_subsample-4	NextSeq 500 sequencing: Barcode sequencing of E. coli evolving in antibiotics	Microbe sample from Escherichia coli
SRR10553926	exp-1_well-D10_passage-26_subsample-2	exp-1_well-D10_passage-26_subsample-2	exp-1_well-D10_passage-26_subsample-2	NextSeq 500 sequencing: Barcode sequencing of E. coli evolving in antibiotics	Microbe sample from Escherichia coli
SRR10553929	exp-1_well-D10_passage-20_subsample-3	exp-1_well-D10_passage-20_subsample-3	exp-1_well-D10_passage-20_subsample-3	NextSeq 500 sequencing: Barcode sequencing of E. coli evolving in antibiotics	Microbe sample from Escherichia coli
SRR10553937	exp-1_well-D10_passage-10_subsample-4	exp-1_well-D10_passage-10_subsample-4	exp-1_well-D10_passage-10_subsample-4	NextSeq 500 sequencing: Barcode sequencing of E. coli evolving in antibiotics	Microbe sample from Escherichia coli
SRR10553938	exp-1_well-D10_passage-10_subsample-3	exp-1_well-D10_passage-10_subsample-3	exp-1_well-D10_passage-10_subsample-3	NextSeq 500 sequencing: Barcode sequencing of E. coli evolving in antibiotics	Microbe sample from Escherichia coli
SRR10553942	exp-1_well-D10_passage-08_subsample-3	exp-1_well-D10_passage-08_subsample-3	exp-1_well-D10_passage-08_subsample-3	NextSeq 500 sequencing: Barcode sequencing of E. coli evolving in antibiotics	Microbe sample from Escherichia coli
SRR10553951	exp-1_well-F9_passage-66_subsample-3	exp-1_well-F9_passage-66_subsample-3	exp-1_well-F9_passage-66_subsample-3	NextSeq 500 sequencing: Barcode sequencing of E. coli evolving in antibiotics	Microbe sample from Escherichia coli
SRR10553953	exp-1_well-F9_passage-66_subsample-1	exp-1_well-F9_passage-66_subsample-1	exp-1_well-F9_passage-66_subsample-1	NextSeq 500 sequencing: Barcode sequencing of E. coli evolving in antibiotics	Microbe sample from Escherichia coli
SRR10553955	exp-1_well-F9_passage-64_subsample-3	exp-1_well-F9_passage-64_subsample-3	exp-1_well-F9_passage-64_subsample-3	NextSeq 500 sequencing: Barcode sequencing of E. coli evolving in antibiotics	Microbe sample from Escherichia coli
SRR10553957	exp-1_well-F9_passage-64_subsample-2	exp-1_well-F9_passage-64_subsample-2	exp-1_well-F9_passage-64_subsample-2	NextSeq 500 sequencing: Barcode sequencing of E. coli evolving in antibiotics	Microbe sample from Escherichia coli
SRR10553974	exp-1_well-F9_passage-48_subsample-2	exp-1_well-F9_passage-48_subsample-2	exp-1_well-F9_passage-48_subsample-2	NextSeq 500 sequencing: Barcode sequencing of E. coli evolving in antibiotics	Microbe sample from Escherichia coli
SRR10553981	exp-1_well-F9_passage-40_subsample-4	exp-1_well-F9_passage-40_subsample-4	exp-1_well-F9_passage-40_subsample-4	NextSeq 500 sequencing: Barcode sequencing of E. coli evolving in antibiotics	Microbe sample from Escherichia coli
SRR10553806	exp-1_well-C1_passage-40_subsample-3	exp-1_well-C1_passage-40_subsample-3	exp-1_well-C1_passage-40_subsample-3	NextSeq 500 sequencing: Barcode sequencing of E. coli evolving in antibiotics	Microbe sample from Escherichia coli
SRR10553983	exp-1_well-F9_passage-40_subsample-2	exp-1_well-F9_passage-40_subsample-2	exp-1_well-F9_passage-40_subsample-2	NextSeq 500 sequencing: Barcode sequencing of E. coli evolving in antibiotics	Microbe sample from Escherichia coli
SRR10553984	exp-1_well-F9_passage-40_subsample-1	exp-1_well-F9_passage-40_subsample-1	exp-1_well-F9_passage-40_subsample-1	NextSeq 500 sequencing: Barcode sequencing of E. coli evolving in antibiotics	Microbe sample from Escherichia coli
SRR10553987	exp-1_well-F9_passage-38_subsample-2	exp-1_well-F9_passage-38_subsample-2	exp-1_well-F9_passage-38_subsample-2	NextSeq 500 sequencing: Barcode sequencing of E. coli evolving in antibiotics	Microbe sample from Escherichia coli
SRR10553807	exp-1_well-C1_passage-40_subsample-2	exp-1_well-C1_passage-40_subsample-2	exp-1_well-C1_passage-40_subsample-2	NextSeq 500 sequencing: Barcode sequencing of E. coli evolving in antibiotics	Microbe sample from Escherichia coli
SRR10553989	exp-1_well-B1_passage-34_subsample-1	exp-1_well-B1_passage-34_subsample-1	exp-1_well-B1_passage-34_subsample-1	NextSeq 500 sequencing: Barcode sequencing of E. coli evolving in antibiotics	Microbe sample from Escherichia coli
SRR10553809	exp-1_well-C1_passage-38_subsample-4	exp-1_well-C1_passage-38_subsample-4	exp-1_well-C1_passage-38_subsample-4	NextSeq 500 sequencing: Barcode sequencing of E. coli evolving in antibiotics	Microbe sample from Escherichia coli
SRR10553814	exp-1_well-C1_passage-30_subsample-3	exp-1_well-C1_passage-30_subsample-3	exp-1_well-C1_passage-30_subsample-3	NextSeq 500 sequencing: Barcode sequencing of E. coli evolving in antibiotics	Microbe sample from Escherichia coli
SRR10554001	exp-1_well-F9_passage-20_subsample-2	exp-1_well-F9_passage-20_subsample-2	exp-1_well-F9_passage-20_subsample-2	NextSeq 500 sequencing: Barcode sequencing of E. coli evolving in antibiotics	Microbe sample from Escherichia coli
SRR10553817	exp-1_well-C1_passage-30_subsample-1	exp-1_well-C1_passage-30_subsample-1	exp-1_well-C1_passage-30_subsample-1	NextSeq 500 sequencing: Barcode sequencing of E. coli evolving in antibiotics	Microbe sample from Escherichia coli
SRR10554003	exp-1_well-F9_passage-12_subsample-4	exp-1_well-F9_passage-12_subsample-4	exp-1_well-F9_passage-12_subsample-4	NextSeq 500 sequencing: Barcode sequencing of E. coli evolving in antibiotics	Microbe sample from Escherichia coli
SRR10553823	exp-1_well-C1_passage-20_subsample-3	exp-1_well-C1_passage-20_subsample-3	exp-1_well-C1_passage-20_subsample-3	NextSeq 500 sequencing: Barcode sequencing of E. coli evolving in antibiotics	Microbe sample from Escherichia coli
SRR10554005	exp-1_well-F9_passage-12_subsample-2	exp-1_well-F9_passage-12_subsample-2	exp-1_well-F9_passage-12_subsample-2	NextSeq 500 sequencing: Barcode sequencing of E. coli evolving in antibiotics	Microbe sample from Escherichia coli
SRR10553826	exp-1_well-A1_passage-26_subsample-3	exp-1_well-A1_passage-26_subsample-3	exp-1_well-A1_passage-26_subsample-3	NextSeq 500 sequencing: Barcode sequencing of E. coli evolving in antibiotics	Microbe sample from Escherichia coli
SRR10554006	exp-1_well-F9_passage-12_subsample-1	exp-1_well-F9_passage-12_subsample-1	exp-1_well-F9_passage-12_subsample-1	NextSeq 500 sequencing: Barcode sequencing of E. coli evolving in antibiotics	Microbe sample from Escherichia coli
SRR10553836	exp-1_well-C1_passage-08_subsample-3	exp-1_well-C1_passage-08_subsample-3	exp-1_well-C1_passage-08_subsample-3	NextSeq 500 sequencing: Barcode sequencing of E. coli evolving in antibiotics	Microbe sample from Escherichia coli
SRR10554011	exp-1_well-B1_passage-30_subsample-3	exp-1_well-B1_passage-30_subsample-3	exp-1_well-B1_passage-30_subsample-3	NextSeq 500 sequencing: Barcode sequencing of E. coli evolving in antibiotics	Microbe sample from Escherichia coli
SRR10553849	exp-1_well-B1_passage-66_subsample-4	exp-1_well-B1_passage-66_subsample-4	exp-1_well-B1_passage-66_subsample-4	NextSeq 500 sequencing: Barcode sequencing of E. coli evolving in antibiotics	Microbe sample from Escherichia coli
SRR10553856	exp-1_well-B1_passage-62_subsample-1	exp-1_well-B1_passage-62_subsample-1	exp-1_well-B1_passage-62_subsample-1	NextSeq 500 sequencing: Barcode sequencing of E. coli evolving in antibiotics	Microbe sample from Escherichia coli
SRR10554020	exp-1_well-E9_passage-66_subsample-4	exp-1_well-E9_passage-66_subsample-4	exp-1_well-E9_passage-66_subsample-4	NextSeq 500 sequencing: Barcode sequencing of E. coli evolving in antibiotics	Microbe sample from Escherichia coli
SRR10553870	exp-1_well-B1_passage-48_subsample-3	exp-1_well-B1_passage-48_subsample-3	exp-1_well-B1_passage-48_subsample-3	NextSeq 500 sequencing: Barcode sequencing of E. coli evolving in antibiotics	Microbe sample from Escherichia coli
SRR10554021	exp-1_well-E9_passage-66_subsample-3	exp-1_well-E9_passage-66_subsample-3	exp-1_well-E9_passage-66_subsample-3	NextSeq 500 sequencing: Barcode sequencing of E. coli evolving in antibiotics	Microbe sample from Escherichia coli
SRR10553876	exp-1_well-D10_passage-70_subsample-2	exp-1_well-D10_passage-70_subsample-2	exp-1_well-D10_passage-70_subsample-2	NextSeq 500 sequencing: Barcode sequencing of E. coli evolving in antibiotics	Microbe sample from Escherichia coli
SRR10554022	exp-1_well-B1_passage-30_subsample-2	exp-1_well-B1_passage-30_subsample-2	exp-1_well-B1_passage-30_subsample-2	NextSeq 500 sequencing: Barcode sequencing of E. coli evolving in antibiotics	Microbe sample from Escherichia coli
SRR10553881	exp-1_well-D10_passage-66_subsample-2	exp-1_well-D10_passage-66_subsample-2	exp-1_well-D10_passage-66_subsample-2	NextSeq 500 sequencing: Barcode sequencing of E. coli evolving in antibiotics	Microbe sample from Escherichia coli
SRR10554024	exp-1_well-E9_passage-66_subsample-1	exp-1_well-E9_passage-66_subsample-1	exp-1_well-E9_passage-66_subsample-1	NextSeq 500 sequencing: Barcode sequencing of E. coli evolving in antibiotics	Microbe sample from Escherichia coli
SRR10553887	exp-1_well-D10_passage-58_subsample-4	exp-1_well-D10_passage-58_subsample-4	exp-1_well-D10_passage-58_subsample-4	NextSeq 500 sequencing: Barcode sequencing of E. coli evolving in antibiotics	Microbe sample from Escherichia coli
SRR10554026	exp-1_well-E9_passage-64_subsample-3	exp-1_well-E9_passage-64_subsample-3	exp-1_well-E9_passage-64_subsample-3	NextSeq 500 sequencing: Barcode sequencing of E. coli evolving in antibiotics	Microbe sample from Escherichia coli
SRR10553888	exp-1_well-D10_passage-58_subsample-3	exp-1_well-D10_passage-58_subsample-3	exp-1_well-D10_passage-58_subsample-3	NextSeq 500 sequencing: Barcode sequencing of E. coli evolving in antibiotics	Microbe sample from Escherichia coli
SRR10553889	exp-1_well-B1_passage-44_subsample-2	exp-1_well-B1_passage-44_subsample-2	exp-1_well-B1_passage-44_subsample-2	NextSeq 500 sequencing: Barcode sequencing of E. coli evolving in antibiotics	Microbe sample from Escherichia coli
SRR10554027	exp-1_well-E9_passage-64_subsample-2	exp-1_well-E9_passage-64_subsample-2	exp-1_well-E9_passage-64_subsample-2	NextSeq 500 sequencing: Barcode sequencing of E. coli evolving in antibiotics	Microbe sample from Escherichia coli
SRR10553892	exp-1_well-D10_passage-54_subsample-4	exp-1_well-D10_passage-54_subsample-4	exp-1_well-D10_passage-54_subsample-4	NextSeq 500 sequencing: Barcode sequencing of E. coli evolving in antibiotics	Microbe sample from Escherichia coli
SRR10554028	exp-1_well-E9_passage-64_subsample-1	exp-1_well-E9_passage-64_subsample-1	exp-1_well-E9_passage-64_subsample-1	NextSeq 500 sequencing: Barcode sequencing of E. coli evolving in antibiotics	Microbe sample from Escherichia coli
SRR10554034	exp-1_well-A1_passage-20_subsample-1	exp-1_well-A1_passage-20_subsample-1	exp-1_well-A1_passage-20_subsample-1	NextSeq 500 sequencing: Barcode sequencing of E. coli evolving in antibiotics	Microbe sample from Escherichia coli
SRR10553901	exp-1_well-D10_passage-48_subsample-4	exp-1_well-D10_passage-48_subsample-4	exp-1_well-D10_passage-48_subsample-4	NextSeq 500 sequencing: Barcode sequencing of E. coli evolving in antibiotics	Microbe sample from Escherichia coli
SRR10554035	exp-1_well-E9_passage-54_subsample-4	exp-1_well-E9_passage-54_subsample-4	exp-1_well-E9_passage-54_subsample-4	NextSeq 500 sequencing: Barcode sequencing of E. coli evolving in antibiotics	Microbe sample from Escherichia coli
SRR10553909	exp-1_well-D10_passage-40_subsample-4	exp-1_well-D10_passage-40_subsample-4	exp-1_well-D10_passage-40_subsample-4	NextSeq 500 sequencing: Barcode sequencing of E. coli evolving in antibiotics	Microbe sample from Escherichia coli
SRR10553910	exp-1_well-D10_passage-40_subsample-3	exp-1_well-D10_passage-40_subsample-3	exp-1_well-D10_passage-40_subsample-3	NextSeq 500 sequencing: Barcode sequencing of E. coli evolving in antibiotics	Microbe sample from Escherichia coli
SRR10554047	exp-1_well-E9_passage-48_subsample-1	exp-1_well-E9_passage-48_subsample-1	exp-1_well-E9_passage-48_subsample-1	NextSeq 500 sequencing: Barcode sequencing of E. coli evolving in antibiotics	Microbe sample from Escherichia coli
SRR10553912	exp-1_well-D10_passage-40_subsample-2	exp-1_well-D10_passage-40_subsample-2	exp-1_well-D10_passage-40_subsample-2	NextSeq 500 sequencing: Barcode sequencing of E. coli evolving in antibiotics	Microbe sample from Escherichia coli
SRR10554048	exp-1_well-E9_passage-44_subsample-4	exp-1_well-E9_passage-44_subsample-4	exp-1_well-E9_passage-44_subsample-4	NextSeq 500 sequencing: Barcode sequencing of E. coli evolving in antibiotics	Microbe sample from Escherichia coli
SRR10553915	exp-1_well-D10_passage-38_subsample-3	exp-1_well-D10_passage-38_subsample-3	exp-1_well-D10_passage-38_subsample-3	NextSeq 500 sequencing: Barcode sequencing of E. coli evolving in antibiotics	Microbe sample from Escherichia coli
SRR10554060	exp-1_well-E9_passage-38_subsample-1	exp-1_well-E9_passage-38_subsample-1	exp-1_well-E9_passage-38_subsample-1	NextSeq 500 sequencing: Barcode sequencing of E. coli evolving in antibiotics	Microbe sample from Escherichia coli
SRR10553921	exp-1_well-D10_passage-30_subsample-1	exp-1_well-D10_passage-30_subsample-1	exp-1_well-D10_passage-30_subsample-1	NextSeq 500 sequencing: Barcode sequencing of E. coli evolving in antibiotics	Microbe sample from Escherichia coli
SRR10554065	exp-1_well-E9_passage-26_subsample-4	exp-1_well-E9_passage-26_subsample-4	exp-1_well-E9_passage-26_subsample-4	NextSeq 500 sequencing: Barcode sequencing of E. coli evolving in antibiotics	Microbe sample from Escherichia coli
SRR10553928	exp-1_well-D10_passage-20_subsample-4	exp-1_well-D10_passage-20_subsample-4	exp-1_well-D10_passage-20_subsample-4	NextSeq 500 sequencing: Barcode sequencing of E. coli evolving in antibiotics	Microbe sample from Escherichia coli
SRR10554068	exp-1_well-E9_passage-26_subsample-2	exp-1_well-E9_passage-26_subsample-2	exp-1_well-E9_passage-26_subsample-2	NextSeq 500 sequencing: Barcode sequencing of E. coli evolving in antibiotics	Microbe sample from Escherichia coli
SRR10553931	exp-1_well-D10_passage-20_subsample-1	exp-1_well-D10_passage-20_subsample-1	exp-1_well-D10_passage-20_subsample-1	NextSeq 500 sequencing: Barcode sequencing of E. coli evolving in antibiotics	Microbe sample from Escherichia coli
SRR10553932	exp-1_well-D10_passage-12_subsample-4	exp-1_well-D10_passage-12_subsample-4	exp-1_well-D10_passage-12_subsample-4	NextSeq 500 sequencing: Barcode sequencing of E. coli evolving in antibiotics	Microbe sample from Escherichia coli
SRR10554073	exp-1_well-E9_passage-20_subsample-1	exp-1_well-E9_passage-20_subsample-1	exp-1_well-E9_passage-20_subsample-1	NextSeq 500 sequencing: Barcode sequencing of E. coli evolving in antibiotics	Microbe sample from Escherichia coli
SRR10553936	exp-1_well-D10_passage-12_subsample-1	exp-1_well-D10_passage-12_subsample-1	exp-1_well-D10_passage-12_subsample-1	NextSeq 500 sequencing: Barcode sequencing of E. coli evolving in antibiotics	Microbe sample from Escherichia coli
SRR10554079	exp-1_well-E9_passage-10_subsample-4	exp-1_well-E9_passage-10_subsample-4	exp-1_well-E9_passage-10_subsample-4	NextSeq 500 sequencing: Barcode sequencing of E. coli evolving in antibiotics	Microbe sample from Escherichia coli
SRR10554081	exp-1_well-E9_passage-10_subsample-2	exp-1_well-E9_passage-10_subsample-2	exp-1_well-E9_passage-10_subsample-2	NextSeq 500 sequencing: Barcode sequencing of E. coli evolving in antibiotics	Microbe sample from Escherichia coli
SRR10553940	exp-1_well-D10_passage-10_subsample-1	exp-1_well-D10_passage-10_subsample-1	exp-1_well-D10_passage-10_subsample-1	NextSeq 500 sequencing: Barcode sequencing of E. coli evolving in antibiotics	Microbe sample from Escherichia coli
SRR10554085	exp-1_well-E9_passage-08_subsample-2	exp-1_well-E9_passage-08_subsample-2	exp-1_well-E9_passage-08_subsample-2	NextSeq 500 sequencing: Barcode sequencing of E. coli evolving in antibiotics	Microbe sample from Escherichia coli
SRR10553946	exp-1_well-F9_passage-70_subsample-4	exp-1_well-F9_passage-70_subsample-4	exp-1_well-F9_passage-70_subsample-4	NextSeq 500 sequencing: Barcode sequencing of E. coli evolving in antibiotics	Microbe sample from Escherichia coli
SRR10553948	exp-1_well-F9_passage-70_subsample-2	exp-1_well-F9_passage-70_subsample-2	exp-1_well-F9_passage-70_subsample-2	NextSeq 500 sequencing: Barcode sequencing of E. coli evolving in antibiotics	Microbe sample from Escherichia coli
SRR10553949	exp-1_well-F9_passage-70_subsample-1	exp-1_well-F9_passage-70_subsample-1	exp-1_well-F9_passage-70_subsample-1	NextSeq 500 sequencing: Barcode sequencing of E. coli evolving in antibiotics	Microbe sample from Escherichia coli
SRR10553952	exp-1_well-F9_passage-66_subsample-2	exp-1_well-F9_passage-66_subsample-2	exp-1_well-F9_passage-66_subsample-2	NextSeq 500 sequencing: Barcode sequencing of E. coli evolving in antibiotics	Microbe sample from Escherichia coli
SRR10553954	exp-1_well-F9_passage-64_subsample-4	exp-1_well-F9_passage-64_subsample-4	exp-1_well-F9_passage-64_subsample-4	NextSeq 500 sequencing: Barcode sequencing of E. coli evolving in antibiotics	Microbe sample from Escherichia coli
SRR10553956	exp-1_well-B1_passage-34_subsample-4	exp-1_well-B1_passage-34_subsample-4	exp-1_well-B1_passage-34_subsample-4	NextSeq 500 sequencing: Barcode sequencing of E. coli evolving in antibiotics	Microbe sample from Escherichia coli
SRR10553961	exp-1_well-F9_passage-58_subsample-2	exp-1_well-F9_passage-58_subsample-2	exp-1_well-F9_passage-58_subsample-2	NextSeq 500 sequencing: Barcode sequencing of E. coli evolving in antibiotics	Microbe sample from Escherichia coli
SRR10553965	exp-1_well-F9_passage-54_subsample-2	exp-1_well-F9_passage-54_subsample-2	exp-1_well-F9_passage-54_subsample-2	NextSeq 500 sequencing: Barcode sequencing of E. coli evolving in antibiotics	Microbe sample from Escherichia coli
SRR10553969	exp-1_well-F9_passage-52_subsample-3	exp-1_well-F9_passage-52_subsample-3	exp-1_well-F9_passage-52_subsample-3	NextSeq 500 sequencing: Barcode sequencing of E. coli evolving in antibiotics	Microbe sample from Escherichia coli
SRR10553970	exp-1_well-F9_passage-52_subsample-2	exp-1_well-F9_passage-52_subsample-2	exp-1_well-F9_passage-52_subsample-2	NextSeq 500 sequencing: Barcode sequencing of E. coli evolving in antibiotics	Microbe sample from Escherichia coli
SRR10553972	exp-1_well-F9_passage-48_subsample-4	exp-1_well-F9_passage-48_subsample-4	exp-1_well-F9_passage-48_subsample-4	NextSeq 500 sequencing: Barcode sequencing of E. coli evolving in antibiotics	Microbe sample from Escherichia coli
SRR10554088	exp-1_well-D8_passage-70_subsample-3	exp-1_well-D8_passage-70_subsample-3	exp-1_well-D8_passage-70_subsample-3	NextSeq 500 sequencing: Barcode sequencing of E. coli evolving in antibiotics	Microbe sample from Escherichia coli
SRR10553973	exp-1_well-F9_passage-48_subsample-3	exp-1_well-F9_passage-48_subsample-3	exp-1_well-F9_passage-48_subsample-3	NextSeq 500 sequencing: Barcode sequencing of E. coli evolving in antibiotics	Microbe sample from Escherichia coli
SRR10553979	exp-1_well-F9_passage-44_subsample-2	exp-1_well-F9_passage-44_subsample-2	exp-1_well-F9_passage-44_subsample-2	NextSeq 500 sequencing: Barcode sequencing of E. coli evolving in antibiotics	Microbe sample from Escherichia coli
SRR10554109	exp-1_well-D8_passage-52_subsample-4	exp-1_well-D8_passage-52_subsample-4	exp-1_well-D8_passage-52_subsample-4	NextSeq 500 sequencing: Barcode sequencing of E. coli evolving in antibiotics	Microbe sample from Escherichia coli
SRR10553982	exp-1_well-F9_passage-40_subsample-3	exp-1_well-F9_passage-40_subsample-3	exp-1_well-F9_passage-40_subsample-3	NextSeq 500 sequencing: Barcode sequencing of E. coli evolving in antibiotics	Microbe sample from Escherichia coli
SRR10554118	exp-1_well-D8_passage-44_subsample-4	exp-1_well-D8_passage-44_subsample-4	exp-1_well-D8_passage-44_subsample-4	NextSeq 500 sequencing: Barcode sequencing of E. coli evolving in antibiotics	Microbe sample from Escherichia coli
SRR10553985	exp-1_well-F9_passage-38_subsample-4	exp-1_well-F9_passage-38_subsample-4	exp-1_well-F9_passage-38_subsample-4	NextSeq 500 sequencing: Barcode sequencing of E. coli evolving in antibiotics	Microbe sample from Escherichia coli
SRR10553996	exp-1_well-F9_passage-26_subsample-2	exp-1_well-F9_passage-26_subsample-2	exp-1_well-F9_passage-26_subsample-2	NextSeq 500 sequencing: Barcode sequencing of E. coli evolving in antibiotics	Microbe sample from Escherichia coli
SRR10554119	exp-1_well-D8_passage-44_subsample-3	exp-1_well-D8_passage-44_subsample-3	exp-1_well-D8_passage-44_subsample-3	NextSeq 500 sequencing: Barcode sequencing of E. coli evolving in antibiotics	Microbe sample from Escherichia coli
SRR10553999	exp-1_well-F9_passage-20_subsample-3	exp-1_well-F9_passage-20_subsample-3	exp-1_well-F9_passage-20_subsample-3	NextSeq 500 sequencing: Barcode sequencing of E. coli evolving in antibiotics	Microbe sample from Escherichia coli
SRR10554121	exp-1_well-D8_passage-44_subsample-1	exp-1_well-D8_passage-44_subsample-1	exp-1_well-D8_passage-44_subsample-1	NextSeq 500 sequencing: Barcode sequencing of E. coli evolving in antibiotics	Microbe sample from Escherichia coli
SRR10554004	exp-1_well-F9_passage-12_subsample-3	exp-1_well-F9_passage-12_subsample-3	exp-1_well-F9_passage-12_subsample-3	NextSeq 500 sequencing: Barcode sequencing of E. coli evolving in antibiotics	Microbe sample from Escherichia coli
SRR10554123	exp-1_well-D8_passage-40_subsample-4	exp-1_well-D8_passage-40_subsample-4	exp-1_well-D8_passage-40_subsample-4	NextSeq 500 sequencing: Barcode sequencing of E. coli evolving in antibiotics	Microbe sample from Escherichia coli
SRR10554025	exp-1_well-E9_passage-64_subsample-4	exp-1_well-E9_passage-64_subsample-4	exp-1_well-E9_passage-64_subsample-4	NextSeq 500 sequencing: Barcode sequencing of E. coli evolving in antibiotics	Microbe sample from Escherichia coli
SRR10554033	exp-1_well-B1_passage-30_subsample-1	exp-1_well-B1_passage-30_subsample-1	exp-1_well-B1_passage-30_subsample-1	NextSeq 500 sequencing: Barcode sequencing of E. coli evolving in antibiotics	Microbe sample from Escherichia coli
SRR10554124	exp-1_well-D8_passage-40_subsample-3	exp-1_well-D8_passage-40_subsample-3	exp-1_well-D8_passage-40_subsample-3	NextSeq 500 sequencing: Barcode sequencing of E. coli evolving in antibiotics	Microbe sample from Escherichia coli
SRR10554042	exp-1_well-E9_passage-52_subsample-1	exp-1_well-E9_passage-52_subsample-1	exp-1_well-E9_passage-52_subsample-1	NextSeq 500 sequencing: Barcode sequencing of E. coli evolving in antibiotics	Microbe sample from Escherichia coli
SRR10554126	exp-1_well-D8_passage-40_subsample-1	exp-1_well-D8_passage-40_subsample-1	exp-1_well-D8_passage-40_subsample-1	NextSeq 500 sequencing: Barcode sequencing of E. coli evolving in antibiotics	Microbe sample from Escherichia coli
SRR10554043	exp-1_well-E9_passage-48_subsample-4	exp-1_well-E9_passage-48_subsample-4	exp-1_well-E9_passage-48_subsample-4	NextSeq 500 sequencing: Barcode sequencing of E. coli evolving in antibiotics	Microbe sample from Escherichia coli
SRR10554129	exp-1_well-D8_passage-38_subsample-2	exp-1_well-D8_passage-38_subsample-2	exp-1_well-D8_passage-38_subsample-2	NextSeq 500 sequencing: Barcode sequencing of E. coli evolving in antibiotics	Microbe sample from Escherichia coli
SRR10554044	exp-1_well-E9_passage-48_subsample-3	exp-1_well-E9_passage-48_subsample-3	exp-1_well-E9_passage-48_subsample-3	NextSeq 500 sequencing: Barcode sequencing of E. coli evolving in antibiotics	Microbe sample from Escherichia coli
SRR10554134	exp-1_well-D8_passage-30_subsample-2	exp-1_well-D8_passage-30_subsample-2	exp-1_well-D8_passage-30_subsample-2	NextSeq 500 sequencing: Barcode sequencing of E. coli evolving in antibiotics	Microbe sample from Escherichia coli
SRR10554049	exp-1_well-E9_passage-44_subsample-3	exp-1_well-E9_passage-44_subsample-3	exp-1_well-E9_passage-44_subsample-3	NextSeq 500 sequencing: Barcode sequencing of E. coli evolving in antibiotics	Microbe sample from Escherichia coli
SRR10554147	exp-1_well-B5_passage-26_subsample-1	exp-1_well-B5_passage-26_subsample-1	exp-1_well-B5_passage-26_subsample-1	NextSeq 500 sequencing: Barcode sequencing of E. coli evolving in antibiotics	Microbe sample from Escherichia coli
SRR10554056	exp-1_well-B1_passage-26_subsample-3	exp-1_well-B1_passage-26_subsample-3	exp-1_well-B1_passage-26_subsample-3	NextSeq 500 sequencing: Barcode sequencing of E. coli evolving in antibiotics	Microbe sample from Escherichia coli
SRR10554160	exp-1_well-B5_passage-08_subsample-1	exp-1_well-B5_passage-08_subsample-1	exp-1_well-B5_passage-08_subsample-1	NextSeq 500 sequencing: Barcode sequencing of E. coli evolving in antibiotics	Microbe sample from Escherichia coli
SRR10554058	exp-1_well-E9_passage-38_subsample-3	exp-1_well-E9_passage-38_subsample-3	exp-1_well-E9_passage-38_subsample-3	NextSeq 500 sequencing: Barcode sequencing of E. coli evolving in antibiotics	Microbe sample from Escherichia coli
SRR10554173	exp-1_well-A5_passage-66_subsample-1	exp-1_well-A5_passage-66_subsample-1	exp-1_well-A5_passage-66_subsample-1	NextSeq 500 sequencing: Barcode sequencing of E. coli evolving in antibiotics	Microbe sample from Escherichia coli
SRR10554074	exp-1_well-E9_passage-12_subsample-4	exp-1_well-E9_passage-12_subsample-4	exp-1_well-E9_passage-12_subsample-4	NextSeq 500 sequencing: Barcode sequencing of E. coli evolving in antibiotics	Microbe sample from Escherichia coli
SRR10554075	exp-1_well-E9_passage-12_subsample-3	exp-1_well-E9_passage-12_subsample-3	exp-1_well-E9_passage-12_subsample-3	NextSeq 500 sequencing: Barcode sequencing of E. coli evolving in antibiotics	Microbe sample from Escherichia coli
SRR10554183	exp-1_well-A5_passage-54_subsample-4	exp-1_well-A5_passage-54_subsample-4	exp-1_well-A5_passage-54_subsample-4	NextSeq 500 sequencing: Barcode sequencing of E. coli evolving in antibiotics	Microbe sample from Escherichia coli
SRR10554077	exp-1_well-E9_passage-12_subsample-1	exp-1_well-E9_passage-12_subsample-1	exp-1_well-E9_passage-12_subsample-1	NextSeq 500 sequencing: Barcode sequencing of E. coli evolving in antibiotics	Microbe sample from Escherichia coli
SRR10554187	exp-1_well-A1_passage-54_subsample-3	exp-1_well-A1_passage-54_subsample-3	exp-1_well-A1_passage-54_subsample-3	NextSeq 500 sequencing: Barcode sequencing of E. coli evolving in antibiotics	Microbe sample from Escherichia coli
SRR10554078	exp-1_well-B1_passage-26_subsample-1	exp-1_well-B1_passage-26_subsample-1	exp-1_well-B1_passage-26_subsample-1	NextSeq 500 sequencing: Barcode sequencing of E. coli evolving in antibiotics	Microbe sample from Escherichia coli
SRR10554191	exp-1_well-A5_passage-52_subsample-1	exp-1_well-A5_passage-52_subsample-1	exp-1_well-A5_passage-52_subsample-1	NextSeq 500 sequencing: Barcode sequencing of E. coli evolving in antibiotics	Microbe sample from Escherichia coli
SRR10554086	exp-1_well-E9_passage-08_subsample-1	exp-1_well-E9_passage-08_subsample-1	exp-1_well-E9_passage-08_subsample-1	NextSeq 500 sequencing: Barcode sequencing of E. coli evolving in antibiotics	Microbe sample from Escherichia coli
SRR10554198	exp-1_well-A1_passage-54_subsample-2	exp-1_well-A1_passage-54_subsample-2	exp-1_well-A1_passage-54_subsample-2	NextSeq 500 sequencing: Barcode sequencing of E. coli evolving in antibiotics	Microbe sample from Escherichia coli
SRR10554092	exp-1_well-D8_passage-66_subsample-4	exp-1_well-D8_passage-66_subsample-4	exp-1_well-D8_passage-66_subsample-4	NextSeq 500 sequencing: Barcode sequencing of E. coli evolving in antibiotics	Microbe sample from Escherichia coli
SRR10554099	exp-1_well-D8_passage-64_subsample-1	exp-1_well-D8_passage-64_subsample-1	exp-1_well-D8_passage-64_subsample-1	NextSeq 500 sequencing: Barcode sequencing of E. coli evolving in antibiotics	Microbe sample from Escherichia coli
SRR10554100	exp-1_well-B1_passage-20_subsample-3	exp-1_well-B1_passage-20_subsample-3	exp-1_well-B1_passage-20_subsample-3	NextSeq 500 sequencing: Barcode sequencing of E. coli evolving in antibiotics	Microbe sample from Escherichia coli
SRR10554217	exp-1_well-A5_passage-26_subsample-2	exp-1_well-A5_passage-26_subsample-2	exp-1_well-A5_passage-26_subsample-2	NextSeq 500 sequencing: Barcode sequencing of E. coli evolving in antibiotics	Microbe sample from Escherichia coli
SRR10554105	exp-1_well-D8_passage-54_subsample-4	exp-1_well-D8_passage-54_subsample-4	exp-1_well-D8_passage-54_subsample-4	NextSeq 500 sequencing: Barcode sequencing of E. coli evolving in antibiotics	Microbe sample from Escherichia coli
SRR10554229	exp-1_well-A5_passage-08_subsample-3	exp-1_well-A5_passage-08_subsample-3	exp-1_well-A5_passage-08_subsample-3	NextSeq 500 sequencing: Barcode sequencing of E. coli evolving in antibiotics	Microbe sample from Escherichia coli
SRR10554108	exp-1_well-D8_passage-54_subsample-1	exp-1_well-D8_passage-54_subsample-1	exp-1_well-D8_passage-54_subsample-1	NextSeq 500 sequencing: Barcode sequencing of E. coli evolving in antibiotics	Microbe sample from Escherichia coli
SRR10554230	exp-1_well-A5_passage-08_subsample-2	exp-1_well-A5_passage-08_subsample-2	exp-1_well-A5_passage-08_subsample-2	NextSeq 500 sequencing: Barcode sequencing of E. coli evolving in antibiotics	Microbe sample from Escherichia coli
SRR10554110	exp-1_well-D8_passage-52_subsample-3	exp-1_well-D8_passage-52_subsample-3	exp-1_well-D8_passage-52_subsample-3	NextSeq 500 sequencing: Barcode sequencing of E. coli evolving in antibiotics	Microbe sample from Escherichia coli
SRR10554236	exp-1_well-C3_passage-70_subsample-1	exp-1_well-C3_passage-70_subsample-1	exp-1_well-C3_passage-70_subsample-1	NextSeq 500 sequencing: Barcode sequencing of E. coli evolving in antibiotics	Microbe sample from Escherichia coli
SRR10554111	exp-1_well-B1_passage-20_subsample-2	exp-1_well-B1_passage-20_subsample-2	exp-1_well-B1_passage-20_subsample-2	NextSeq 500 sequencing: Barcode sequencing of E. coli evolving in antibiotics	Microbe sample from Escherichia coli
SRR10554113	exp-1_well-D8_passage-52_subsample-1	exp-1_well-D8_passage-52_subsample-1	exp-1_well-D8_passage-52_subsample-1	NextSeq 500 sequencing: Barcode sequencing of E. coli evolving in antibiotics	Microbe sample from Escherichia coli
SRR10554239	exp-1_well-C3_passage-66_subsample-2	exp-1_well-C3_passage-66_subsample-2	exp-1_well-C3_passage-66_subsample-2	NextSeq 500 sequencing: Barcode sequencing of E. coli evolving in antibiotics	Microbe sample from Escherichia coli
SRR10554117	exp-1_well-D8_passage-48_subsample-1	exp-1_well-D8_passage-48_subsample-1	exp-1_well-D8_passage-48_subsample-1	NextSeq 500 sequencing: Barcode sequencing of E. coli evolving in antibiotics	Microbe sample from Escherichia coli
SRR10554245	exp-1_well-C3_passage-64_subsample-1	exp-1_well-C3_passage-64_subsample-1	exp-1_well-C3_passage-64_subsample-1	NextSeq 500 sequencing: Barcode sequencing of E. coli evolving in antibiotics	Microbe sample from Escherichia coli
SRR10554130	exp-1_well-D8_passage-38_subsample-1	exp-1_well-D8_passage-38_subsample-1	exp-1_well-D8_passage-38_subsample-1	NextSeq 500 sequencing: Barcode sequencing of E. coli evolving in antibiotics	Microbe sample from Escherichia coli
SRR10554258	exp-1_well-C3_passage-52_subsample-1	exp-1_well-C3_passage-52_subsample-1	exp-1_well-C3_passage-52_subsample-1	NextSeq 500 sequencing: Barcode sequencing of E. coli evolving in antibiotics	Microbe sample from Escherichia coli
SRR10554135	exp-1_well-D8_passage-30_subsample-1	exp-1_well-D8_passage-30_subsample-1	exp-1_well-D8_passage-30_subsample-1	NextSeq 500 sequencing: Barcode sequencing of E. coli evolving in antibiotics	Microbe sample from Escherichia coli
SRR10554136	exp-1_well-D8_passage-26_subsample-4	exp-1_well-D8_passage-26_subsample-4	exp-1_well-D8_passage-26_subsample-4	NextSeq 500 sequencing: Barcode sequencing of E. coli evolving in antibiotics	Microbe sample from Escherichia coli
SRR10554259	exp-1_well-C3_passage-48_subsample-4	exp-1_well-C3_passage-48_subsample-4	exp-1_well-C3_passage-48_subsample-4	NextSeq 500 sequencing: Barcode sequencing of E. coli evolving in antibiotics	Microbe sample from Escherichia coli
SRR10554143	exp-1_well-A1_passage-58_subsample-3	exp-1_well-A1_passage-58_subsample-3	exp-1_well-A1_passage-58_subsample-3	NextSeq 500 sequencing: Barcode sequencing of E. coli evolving in antibiotics	Microbe sample from Escherichia coli
SRR10554263	exp-1_well-C3_passage-44_subsample-4	exp-1_well-C3_passage-44_subsample-4	exp-1_well-C3_passage-44_subsample-4	NextSeq 500 sequencing: Barcode sequencing of E. coli evolving in antibiotics	Microbe sample from Escherichia coli
SRR10554149	exp-1_well-B5_passage-20_subsample-3	exp-1_well-B5_passage-20_subsample-3	exp-1_well-B5_passage-20_subsample-3	NextSeq 500 sequencing: Barcode sequencing of E. coli evolving in antibiotics	Microbe sample from Escherichia coli
SRR10554266	exp-1_well-C3_passage-44_subsample-2	exp-1_well-C3_passage-44_subsample-2	exp-1_well-C3_passage-44_subsample-2	NextSeq 500 sequencing: Barcode sequencing of E. coli evolving in antibiotics	Microbe sample from Escherichia coli
SRR10554153	exp-1_well-B5_passage-12_subsample-3	exp-1_well-B5_passage-12_subsample-3	exp-1_well-B5_passage-12_subsample-3	NextSeq 500 sequencing: Barcode sequencing of E. coli evolving in antibiotics	Microbe sample from Escherichia coli
SRR10554154	exp-1_well-A1_passage-58_subsample-2	exp-1_well-A1_passage-58_subsample-2	exp-1_well-A1_passage-58_subsample-2	NextSeq 500 sequencing: Barcode sequencing of E. coli evolving in antibiotics	Microbe sample from Escherichia coli
SRR10554268	exp-1_well-C3_passage-40_subsample-4	exp-1_well-C3_passage-40_subsample-4	exp-1_well-C3_passage-40_subsample-4	NextSeq 500 sequencing: Barcode sequencing of E. coli evolving in antibiotics	Microbe sample from Escherichia coli
SRR10554162	exp-1_well-A5_passage-70_subsample-3	exp-1_well-A5_passage-70_subsample-3	exp-1_well-A5_passage-70_subsample-3	NextSeq 500 sequencing: Barcode sequencing of E. coli evolving in antibiotics	Microbe sample from Escherichia coli
SRR10554279	exp-1_well-C3_passage-30_subsample-2	exp-1_well-C3_passage-30_subsample-2	exp-1_well-C3_passage-30_subsample-2	NextSeq 500 sequencing: Barcode sequencing of E. coli evolving in antibiotics	Microbe sample from Escherichia coli
SRR10554163	exp-1_well-A5_passage-70_subsample-2	exp-1_well-A5_passage-70_subsample-2	exp-1_well-A5_passage-70_subsample-2	NextSeq 500 sequencing: Barcode sequencing of E. coli evolving in antibiotics	Microbe sample from Escherichia coli
SRR10554281	exp-1_well-C3_passage-26_subsample-4	exp-1_well-C3_passage-26_subsample-4	exp-1_well-C3_passage-26_subsample-4	NextSeq 500 sequencing: Barcode sequencing of E. coli evolving in antibiotics	Microbe sample from Escherichia coli
SRR10554167	exp-1_well-A5_passage-68_subsample-3	exp-1_well-A5_passage-68_subsample-3	exp-1_well-A5_passage-68_subsample-3	NextSeq 500 sequencing: Barcode sequencing of E. coli evolving in antibiotics	Microbe sample from Escherichia coli
SRR10554287	exp-1_well-A1_passage-48_subsample-2	exp-1_well-A1_passage-48_subsample-2	exp-1_well-A1_passage-48_subsample-2	NextSeq 500 sequencing: Barcode sequencing of E. coli evolving in antibiotics	Microbe sample from Escherichia coli
SRR10554289	exp-1_well-C3_passage-20_subsample-1	exp-1_well-C3_passage-20_subsample-1	exp-1_well-C3_passage-20_subsample-1	NextSeq 500 sequencing: Barcode sequencing of E. coli evolving in antibiotics	Microbe sample from Escherichia coli
SRR10554292	exp-1_well-C3_passage-12_subsample-2	exp-1_well-C3_passage-12_subsample-2	exp-1_well-C3_passage-12_subsample-2	NextSeq 500 sequencing: Barcode sequencing of E. coli evolving in antibiotics	Microbe sample from Escherichia coli
SRR10554293	exp-1_well-C3_passage-12_subsample-1	exp-1_well-C3_passage-12_subsample-1	exp-1_well-C3_passage-12_subsample-1	NextSeq 500 sequencing: Barcode sequencing of E. coli evolving in antibiotics	Microbe sample from Escherichia coli
SRR10554294	exp-1_well-C3_passage-10_subsample-4	exp-1_well-C3_passage-10_subsample-4	exp-1_well-C3_passage-10_subsample-4	NextSeq 500 sequencing: Barcode sequencing of E. coli evolving in antibiotics	Microbe sample from Escherichia coli
SRR10554296	exp-1_well-C3_passage-10_subsample-2	exp-1_well-C3_passage-10_subsample-2	exp-1_well-C3_passage-10_subsample-2	NextSeq 500 sequencing: Barcode sequencing of E. coli evolving in antibiotics	Microbe sample from Escherichia coli
SRR10554298	exp-1_well-A1_passage-48_subsample-1	exp-1_well-A1_passage-48_subsample-1	exp-1_well-A1_passage-48_subsample-1	NextSeq 500 sequencing: Barcode sequencing of E. coli evolving in antibiotics	Microbe sample from Escherichia coli
SRR10554168	exp-1_well-A5_passage-68_subsample-2	exp-1_well-A5_passage-68_subsample-2	exp-1_well-A5_passage-68_subsample-2	NextSeq 500 sequencing: Barcode sequencing of E. coli evolving in antibiotics	Microbe sample from Escherichia coli
SRR10554176	exp-1_well-A1_passage-54_subsample-4	exp-1_well-A1_passage-54_subsample-4	exp-1_well-A1_passage-54_subsample-4	NextSeq 500 sequencing: Barcode sequencing of E. coli evolving in antibiotics	Microbe sample from Escherichia coli
SRR10554299	exp-1_well-C3_passage-08_subsample-4	exp-1_well-C3_passage-08_subsample-4	exp-1_well-C3_passage-08_subsample-4	NextSeq 500 sequencing: Barcode sequencing of E. coli evolving in antibiotics	Microbe sample from Escherichia coli
SRR10554178	exp-1_well-A5_passage-62_subsample-1	exp-1_well-A5_passage-62_subsample-1	exp-1_well-A5_passage-62_subsample-1	NextSeq 500 sequencing: Barcode sequencing of E. coli evolving in antibiotics	Microbe sample from Escherichia coli
SRR10554202	exp-1_well-A5_passage-40_subsample-3	exp-1_well-A5_passage-40_subsample-3	exp-1_well-A5_passage-40_subsample-3	NextSeq 500 sequencing: Barcode sequencing of E. coli evolving in antibiotics	Microbe sample from Escherichia coli
SRR10554300	exp-1_well-C3_passage-08_subsample-3	exp-1_well-C3_passage-08_subsample-3	exp-1_well-C3_passage-08_subsample-3	NextSeq 500 sequencing: Barcode sequencing of E. coli evolving in antibiotics	Microbe sample from Escherichia coli
SRR10554210	exp-1_well-A1_passage-12_subsample-1	exp-1_well-A1_passage-12_subsample-1	exp-1_well-A1_passage-12_subsample-1	NextSeq 500 sequencing: Barcode sequencing of E. coli evolving in antibiotics	Microbe sample from Escherichia coli
SRR10554309	exp-1_well-A1_passage-44_subsample-4	exp-1_well-A1_passage-44_subsample-4	exp-1_well-A1_passage-44_subsample-4	NextSeq 500 sequencing: Barcode sequencing of E. coli evolving in antibiotics	Microbe sample from Escherichia coli
SRR10554213	exp-1_well-A5_passage-30_subsample-2	exp-1_well-A5_passage-30_subsample-2	exp-1_well-A5_passage-30_subsample-2	NextSeq 500 sequencing: Barcode sequencing of E. coli evolving in antibiotics	Microbe sample from Escherichia coli
SRR10554313	exp-1_well-B3_passage-66_subsample-3	exp-1_well-B3_passage-66_subsample-3	exp-1_well-B3_passage-66_subsample-3	NextSeq 500 sequencing: Barcode sequencing of E. coli evolving in antibiotics	Microbe sample from Escherichia coli
SRR10554216	exp-1_well-A5_passage-26_subsample-3	exp-1_well-A5_passage-26_subsample-3	exp-1_well-A5_passage-26_subsample-3	NextSeq 500 sequencing: Barcode sequencing of E. coli evolving in antibiotics	Microbe sample from Escherichia coli
SRR10554219	exp-1_well-A5_passage-20_subsample-4	exp-1_well-A5_passage-20_subsample-4	exp-1_well-A5_passage-20_subsample-4	NextSeq 500 sequencing: Barcode sequencing of E. coli evolving in antibiotics	Microbe sample from Escherichia coli
SRR10554224	exp-1_well-A5_passage-12_subsample-4	exp-1_well-A5_passage-12_subsample-4	exp-1_well-A5_passage-12_subsample-4	NextSeq 500 sequencing: Barcode sequencing of E. coli evolving in antibiotics	Microbe sample from Escherichia coli
SRR10554314	exp-1_well-B3_passage-66_subsample-2	exp-1_well-B3_passage-66_subsample-2	exp-1_well-B3_passage-66_subsample-2	NextSeq 500 sequencing: Barcode sequencing of E. coli evolving in antibiotics	Microbe sample from Escherichia coli
SRR10554228	exp-1_well-A5_passage-08_subsample-4	exp-1_well-A5_passage-08_subsample-4	exp-1_well-A5_passage-08_subsample-4	NextSeq 500 sequencing: Barcode sequencing of E. coli evolving in antibiotics	Microbe sample from Escherichia coli
SRR10554231	exp-1_well-A5_passage-08_subsample-1	exp-1_well-A5_passage-08_subsample-1	exp-1_well-A5_passage-08_subsample-1	NextSeq 500 sequencing: Barcode sequencing of E. coli evolving in antibiotics	Microbe sample from Escherichia coli
SRR10554318	exp-1_well-B3_passage-62_subsample-2	exp-1_well-B3_passage-62_subsample-2	exp-1_well-B3_passage-62_subsample-2	NextSeq 500 sequencing: Barcode sequencing of E. coli evolving in antibiotics	Microbe sample from Escherichia coli
SRR10554235	exp-1_well-C3_passage-70_subsample-2	exp-1_well-C3_passage-70_subsample-2	exp-1_well-C3_passage-70_subsample-2	NextSeq 500 sequencing: Barcode sequencing of E. coli evolving in antibiotics	Microbe sample from Escherichia coli
SRR10554237	exp-1_well-C3_passage-66_subsample-4	exp-1_well-C3_passage-66_subsample-4	exp-1_well-C3_passage-66_subsample-4	NextSeq 500 sequencing: Barcode sequencing of E. coli evolving in antibiotics	Microbe sample from Escherichia coli
SRR10554326	exp-1_well-B3_passage-54_subsample-4	exp-1_well-B3_passage-54_subsample-4	exp-1_well-B3_passage-54_subsample-4	NextSeq 500 sequencing: Barcode sequencing of E. coli evolving in antibiotics	Microbe sample from Escherichia coli
SRR10554244	exp-1_well-C3_passage-64_subsample-2	exp-1_well-C3_passage-64_subsample-2	exp-1_well-C3_passage-64_subsample-2	NextSeq 500 sequencing: Barcode sequencing of E. coli evolving in antibiotics	Microbe sample from Escherichia coli
SRR10554248	exp-1_well-C3_passage-58_subsample-2	exp-1_well-C3_passage-58_subsample-2	exp-1_well-C3_passage-58_subsample-2	NextSeq 500 sequencing: Barcode sequencing of E. coli evolving in antibiotics	Microbe sample from Escherichia coli
SRR10554333	exp-1_well-B3_passage-52_subsample-2	exp-1_well-B3_passage-52_subsample-2	exp-1_well-B3_passage-52_subsample-2	NextSeq 500 sequencing: Barcode sequencing of E. coli evolving in antibiotics	Microbe sample from Escherichia coli
SRR10554336	exp-1_well-B3_passage-48_subsample-3	exp-1_well-B3_passage-48_subsample-3	exp-1_well-B3_passage-48_subsample-3	NextSeq 500 sequencing: Barcode sequencing of E. coli evolving in antibiotics	Microbe sample from Escherichia coli
SRR10554249	exp-1_well-C3_passage-58_subsample-1	exp-1_well-C3_passage-58_subsample-1	exp-1_well-C3_passage-58_subsample-1	NextSeq 500 sequencing: Barcode sequencing of E. coli evolving in antibiotics	Microbe sample from Escherichia coli
SRR10554261	exp-1_well-C3_passage-48_subsample-2	exp-1_well-C3_passage-48_subsample-2	exp-1_well-C3_passage-48_subsample-2	NextSeq 500 sequencing: Barcode sequencing of E. coli evolving in antibiotics	Microbe sample from Escherichia coli
SRR10554264	exp-1_well-C3_passage-44_subsample-3	exp-1_well-C3_passage-44_subsample-3	exp-1_well-C3_passage-44_subsample-3	NextSeq 500 sequencing: Barcode sequencing of E. coli evolving in antibiotics	Microbe sample from Escherichia coli
SRR10554338	exp-1_well-B3_passage-48_subsample-1	exp-1_well-B3_passage-48_subsample-1	exp-1_well-B3_passage-48_subsample-1	NextSeq 500 sequencing: Barcode sequencing of E. coli evolving in antibiotics	Microbe sample from Escherichia coli
SRR10554265	exp-1_well-A1_passage-48_subsample-4	exp-1_well-A1_passage-48_subsample-4	exp-1_well-A1_passage-48_subsample-4	NextSeq 500 sequencing: Barcode sequencing of E. coli evolving in antibiotics	Microbe sample from Escherichia coli
SRR10554271	exp-1_well-C3_passage-40_subsample-1	exp-1_well-C3_passage-40_subsample-1	exp-1_well-C3_passage-40_subsample-1	NextSeq 500 sequencing: Barcode sequencing of E. coli evolving in antibiotics	Microbe sample from Escherichia coli
SRR10554339	exp-1_well-B3_passage-44_subsample-4	exp-1_well-B3_passage-44_subsample-4	exp-1_well-B3_passage-44_subsample-4	NextSeq 500 sequencing: Barcode sequencing of E. coli evolving in antibiotics	Microbe sample from Escherichia coli
SRR10554340	exp-1_well-B3_passage-44_subsample-3	exp-1_well-B3_passage-44_subsample-3	exp-1_well-B3_passage-44_subsample-3	NextSeq 500 sequencing: Barcode sequencing of E. coli evolving in antibiotics	Microbe sample from Escherichia coli
SRR10554342	exp-1_well-B3_passage-44_subsample-1	exp-1_well-B3_passage-44_subsample-1	exp-1_well-B3_passage-44_subsample-1	NextSeq 500 sequencing: Barcode sequencing of E. coli evolving in antibiotics	Microbe sample from Escherichia coli
SRR10554344	exp-1_well-B3_passage-40_subsample-4	exp-1_well-B3_passage-40_subsample-4	exp-1_well-B3_passage-40_subsample-4	NextSeq 500 sequencing: Barcode sequencing of E. coli evolving in antibiotics	Microbe sample from Escherichia coli
SRR10554352	exp-1_well-B3_passage-30_subsample-4	exp-1_well-B3_passage-30_subsample-4	exp-1_well-B3_passage-30_subsample-4	NextSeq 500 sequencing: Barcode sequencing of E. coli evolving in antibiotics	Microbe sample from Escherichia coli
SRR10554274	exp-1_well-C3_passage-38_subsample-2	exp-1_well-C3_passage-38_subsample-2	exp-1_well-C3_passage-38_subsample-2	NextSeq 500 sequencing: Barcode sequencing of E. coli evolving in antibiotics	Microbe sample from Escherichia coli
SRR10554283	exp-1_well-C3_passage-26_subsample-2	exp-1_well-C3_passage-26_subsample-2	exp-1_well-C3_passage-26_subsample-2	NextSeq 500 sequencing: Barcode sequencing of E. coli evolving in antibiotics	Microbe sample from Escherichia coli
SRR10554355	exp-1_well-B3_passage-30_subsample-2	exp-1_well-B3_passage-30_subsample-2	exp-1_well-B3_passage-30_subsample-2	NextSeq 500 sequencing: Barcode sequencing of E. coli evolving in antibiotics	Microbe sample from Escherichia coli
SRR10554284	exp-1_well-C3_passage-26_subsample-1	exp-1_well-C3_passage-26_subsample-1	exp-1_well-C3_passage-26_subsample-1	NextSeq 500 sequencing: Barcode sequencing of E. coli evolving in antibiotics	Microbe sample from Escherichia coli
SRR10554356	exp-1_well-B3_passage-30_subsample-1	exp-1_well-B3_passage-30_subsample-1	exp-1_well-B3_passage-30_subsample-1	NextSeq 500 sequencing: Barcode sequencing of E. coli evolving in antibiotics	Microbe sample from Escherichia coli
SRR10554302	exp-1_well-C3_passage-08_subsample-1	exp-1_well-C3_passage-08_subsample-1	exp-1_well-C3_passage-08_subsample-1	NextSeq 500 sequencing: Barcode sequencing of E. coli evolving in antibiotics	Microbe sample from Escherichia coli
SRR10554357	exp-1_well-B3_passage-26_subsample-4	exp-1_well-B3_passage-26_subsample-4	exp-1_well-B3_passage-26_subsample-4	NextSeq 500 sequencing: Barcode sequencing of E. coli evolving in antibiotics	Microbe sample from Escherichia coli
SRR10554304	exp-1_well-B3_passage-70_subsample-3	exp-1_well-B3_passage-70_subsample-3	exp-1_well-B3_passage-70_subsample-3	NextSeq 500 sequencing: Barcode sequencing of E. coli evolving in antibiotics	Microbe sample from Escherichia coli
SRR10554365	exp-1_well-A1_passage-40_subsample-3	exp-1_well-A1_passage-40_subsample-3	exp-1_well-A1_passage-40_subsample-3	NextSeq 500 sequencing: Barcode sequencing of E. coli evolving in antibiotics	Microbe sample from Escherichia coli
SRR10554305	exp-1_well-B3_passage-70_subsample-2	exp-1_well-B3_passage-70_subsample-2	exp-1_well-B3_passage-70_subsample-2	NextSeq 500 sequencing: Barcode sequencing of E. coli evolving in antibiotics	Microbe sample from Escherichia coli
SRR10554319	exp-1_well-B3_passage-62_subsample-1	exp-1_well-B3_passage-62_subsample-1	exp-1_well-B3_passage-62_subsample-1	NextSeq 500 sequencing: Barcode sequencing of E. coli evolving in antibiotics	Microbe sample from Escherichia coli
SRR10554368	exp-1_well-B3_passage-12_subsample-2	exp-1_well-B3_passage-12_subsample-2	exp-1_well-B3_passage-12_subsample-2	NextSeq 500 sequencing: Barcode sequencing of E. coli evolving in antibiotics	Microbe sample from Escherichia coli
SRR10554320	exp-1_well-A1_passage-44_subsample-3	exp-1_well-A1_passage-44_subsample-3	exp-1_well-A1_passage-44_subsample-3	NextSeq 500 sequencing: Barcode sequencing of E. coli evolving in antibiotics	Microbe sample from Escherichia coli
SRR10554330	exp-1_well-B3_passage-52_subsample-4	exp-1_well-B3_passage-52_subsample-4	exp-1_well-B3_passage-52_subsample-4	NextSeq 500 sequencing: Barcode sequencing of E. coli evolving in antibiotics	Microbe sample from Escherichia coli
SRR10554373	exp-1_well-B3_passage-08_subsample-1	exp-1_well-B3_passage-08_subsample-1	exp-1_well-B3_passage-08_subsample-1	NextSeq 500 sequencing: Barcode sequencing of E. coli evolving in antibiotics	Microbe sample from Escherichia coli
SRR10554331	exp-1_well-B3_passage-52_subsample-3	exp-1_well-B3_passage-52_subsample-3	exp-1_well-B3_passage-52_subsample-3	NextSeq 500 sequencing: Barcode sequencing of E. coli evolving in antibiotics	Microbe sample from Escherichia coli
SRR10554374	exp-1_well-A3_passage-70_subsample-4	exp-1_well-A3_passage-70_subsample-4	exp-1_well-A3_passage-70_subsample-4	NextSeq 500 sequencing: Barcode sequencing of E. coli evolving in antibiotics	Microbe sample from Escherichia coli
SRR10554341	exp-1_well-B3_passage-44_subsample-2	exp-1_well-B3_passage-44_subsample-2	exp-1_well-B3_passage-44_subsample-2	NextSeq 500 sequencing: Barcode sequencing of E. coli evolving in antibiotics	Microbe sample from Escherichia coli
SRR10554354	exp-1_well-A1_passage-40_subsample-4	exp-1_well-A1_passage-40_subsample-4	exp-1_well-A1_passage-40_subsample-4	NextSeq 500 sequencing: Barcode sequencing of E. coli evolving in antibiotics	Microbe sample from Escherichia coli
SRR10554376	exp-1_well-A1_passage-40_subsample-2	exp-1_well-A1_passage-40_subsample-2	exp-1_well-A1_passage-40_subsample-2	NextSeq 500 sequencing: Barcode sequencing of E. coli evolving in antibiotics	Microbe sample from Escherichia coli
SRR10554359	exp-1_well-B3_passage-26_subsample-2	exp-1_well-B3_passage-26_subsample-2	exp-1_well-B3_passage-26_subsample-2	NextSeq 500 sequencing: Barcode sequencing of E. coli evolving in antibiotics	Microbe sample from Escherichia coli
SRR10554380	exp-1_well-A3_passage-68_subsample-3	exp-1_well-A3_passage-68_subsample-3	exp-1_well-A3_passage-68_subsample-3	NextSeq 500 sequencing: Barcode sequencing of E. coli evolving in antibiotics	Microbe sample from Escherichia coli
SRR10554360	exp-1_well-B3_passage-26_subsample-1	exp-1_well-B3_passage-26_subsample-1	exp-1_well-B3_passage-26_subsample-1	NextSeq 500 sequencing: Barcode sequencing of E. coli evolving in antibiotics	Microbe sample from Escherichia coli
SRR10554367	exp-1_well-B3_passage-12_subsample-3	exp-1_well-B3_passage-12_subsample-3	exp-1_well-B3_passage-12_subsample-3	NextSeq 500 sequencing: Barcode sequencing of E. coli evolving in antibiotics	Microbe sample from Escherichia coli
SRR10554384	exp-1_well-A3_passage-66_subsample-3	exp-1_well-A3_passage-66_subsample-3	exp-1_well-A3_passage-66_subsample-3	NextSeq 500 sequencing: Barcode sequencing of E. coli evolving in antibiotics	Microbe sample from Escherichia coli
SRR10554370	exp-1_well-B3_passage-08_subsample-4	exp-1_well-B3_passage-08_subsample-4	exp-1_well-B3_passage-08_subsample-4	NextSeq 500 sequencing: Barcode sequencing of E. coli evolving in antibiotics	Microbe sample from Escherichia coli
SRR10554375	exp-1_well-A3_passage-70_subsample-3	exp-1_well-A3_passage-70_subsample-3	exp-1_well-A3_passage-70_subsample-3	NextSeq 500 sequencing: Barcode sequencing of E. coli evolving in antibiotics	Microbe sample from Escherichia coli
SRR10554377	exp-1_well-A3_passage-70_subsample-2	exp-1_well-A3_passage-70_subsample-2	exp-1_well-A3_passage-70_subsample-2	NextSeq 500 sequencing: Barcode sequencing of E. coli evolving in antibiotics	Microbe sample from Escherichia coli
SRR10554389	exp-1_well-A3_passage-62_subsample-3	exp-1_well-A3_passage-62_subsample-3	exp-1_well-A3_passage-62_subsample-3	NextSeq 500 sequencing: Barcode sequencing of E. coli evolving in antibiotics	Microbe sample from Escherichia coli
SRR10554392	exp-1_well-A3_passage-58_subsample-4	exp-1_well-A3_passage-58_subsample-4	exp-1_well-A3_passage-58_subsample-4	NextSeq 500 sequencing: Barcode sequencing of E. coli evolving in antibiotics	Microbe sample from Escherichia coli
SRR10554390	exp-1_well-A3_passage-62_subsample-2	exp-1_well-A3_passage-62_subsample-2	exp-1_well-A3_passage-62_subsample-2	NextSeq 500 sequencing: Barcode sequencing of E. coli evolving in antibiotics	Microbe sample from Escherichia coli
SRR10554393	exp-1_well-A3_passage-58_subsample-3	exp-1_well-A3_passage-58_subsample-3	exp-1_well-A3_passage-58_subsample-3	NextSeq 500 sequencing: Barcode sequencing of E. coli evolving in antibiotics	Microbe sample from Escherichia coli
SRR10554391	exp-1_well-A3_passage-62_subsample-1	exp-1_well-A3_passage-62_subsample-1	exp-1_well-A3_passage-62_subsample-1	NextSeq 500 sequencing: Barcode sequencing of E. coli evolving in antibiotics	Microbe sample from Escherichia coli
SRR10554396	exp-1_well-A3_passage-52_subsample-4	exp-1_well-A3_passage-52_subsample-4	exp-1_well-A3_passage-52_subsample-4	NextSeq 500 sequencing: Barcode sequencing of E. coli evolving in antibiotics	Microbe sample from Escherichia coli
SRR10554398	exp-1_well-A1_passage-34_subsample-4	exp-1_well-A1_passage-34_subsample-4	exp-1_well-A1_passage-34_subsample-4	NextSeq 500 sequencing: Barcode sequencing of E. coli evolving in antibiotics	Microbe sample from Escherichia coli
SRR10554405	exp-1_well-A3_passage-44_subsample-4	exp-1_well-A3_passage-44_subsample-4	exp-1_well-A3_passage-44_subsample-4	NextSeq 500 sequencing: Barcode sequencing of E. coli evolving in antibiotics	Microbe sample from Escherichia coli
SRR10554409	exp-1_well-A1_passage-34_subsample-3	exp-1_well-A1_passage-34_subsample-3	exp-1_well-A1_passage-34_subsample-3	NextSeq 500 sequencing: Barcode sequencing of E. coli evolving in antibiotics	Microbe sample from Escherichia coli
SRR10554417	exp-1_well-A3_passage-34_subsample-1	exp-1_well-A3_passage-34_subsample-1	exp-1_well-A3_passage-34_subsample-1	NextSeq 500 sequencing: Barcode sequencing of E. coli evolving in antibiotics	Microbe sample from Escherichia coli
SRR10554428	exp-1_well-A3_passage-20_subsample-3	exp-1_well-A3_passage-20_subsample-3	exp-1_well-A3_passage-20_subsample-3	NextSeq 500 sequencing: Barcode sequencing of E. coli evolving in antibiotics	Microbe sample from Escherichia coli
SRR10554407	exp-1_well-A3_passage-44_subsample-2	exp-1_well-A3_passage-44_subsample-2	exp-1_well-A3_passage-44_subsample-2	NextSeq 500 sequencing: Barcode sequencing of E. coli evolving in antibiotics	Microbe sample from Escherichia coli
SRR10554434	exp-1_well-A3_passage-12_subsample-3	exp-1_well-A3_passage-12_subsample-3	exp-1_well-A3_passage-12_subsample-3	NextSeq 500 sequencing: Barcode sequencing of E. coli evolving in antibiotics	Microbe sample from Escherichia coli
SRR10554408	exp-1_well-A3_passage-44_subsample-1	exp-1_well-A3_passage-44_subsample-1	exp-1_well-A3_passage-44_subsample-1	NextSeq 500 sequencing: Barcode sequencing of E. coli evolving in antibiotics	Microbe sample from Escherichia coli
SRR10554439	exp-1_well-A3_passage-08_subsample-2	exp-1_well-A3_passage-08_subsample-2	exp-1_well-A3_passage-08_subsample-2	NextSeq 500 sequencing: Barcode sequencing of E. coli evolving in antibiotics	Microbe sample from Escherichia coli
SRR10554441	exp-1_well-C1_passage-70_subsample-4	exp-1_well-C1_passage-70_subsample-4	exp-1_well-C1_passage-70_subsample-4	NextSeq 500 sequencing: Barcode sequencing of E. coli evolving in antibiotics	Microbe sample from Escherichia coli
SRR10554449	exp-1_well-C1_passage-66_subsample-1	exp-1_well-C1_passage-66_subsample-1	exp-1_well-C1_passage-66_subsample-1	NextSeq 500 sequencing: Barcode sequencing of E. coli evolving in antibiotics	Microbe sample from Escherichia coli
SRR10554413	exp-1_well-A3_passage-40_subsample-1	exp-1_well-A3_passage-40_subsample-1	exp-1_well-A3_passage-40_subsample-1	NextSeq 500 sequencing: Barcode sequencing of E. coli evolving in antibiotics	Microbe sample from Escherichia coli
SRR10554452	exp-1_well-C1_passage-64_subsample-2	exp-1_well-C1_passage-64_subsample-2	exp-1_well-C1_passage-64_subsample-2	NextSeq 500 sequencing: Barcode sequencing of E. coli evolving in antibiotics	Microbe sample from Escherichia coli
SRR10554466	exp-1_well-C1_passage-52_subsample-2	exp-1_well-C1_passage-52_subsample-2	exp-1_well-C1_passage-52_subsample-2	NextSeq 500 sequencing: Barcode sequencing of E. coli evolving in antibiotics	Microbe sample from Escherichia coli
SRR10554415	exp-1_well-A3_passage-34_subsample-3	exp-1_well-A3_passage-34_subsample-3	exp-1_well-A3_passage-34_subsample-3	NextSeq 500 sequencing: Barcode sequencing of E. coli evolving in antibiotics	Microbe sample from Escherichia coli
SRR10554472	exp-1_well-C1_passage-44_subsample-4	exp-1_well-C1_passage-44_subsample-4	exp-1_well-C1_passage-44_subsample-4	NextSeq 500 sequencing: Barcode sequencing of E. coli evolving in antibiotics	Microbe sample from Escherichia coli
SRR10554423	exp-1_well-A3_passage-26_subsample-4	exp-1_well-A3_passage-26_subsample-4	exp-1_well-A3_passage-26_subsample-4	NextSeq 500 sequencing: Barcode sequencing of E. coli evolving in antibiotics	Microbe sample from Escherichia coli
SRR10554484	exp-1_well-B1_passage-12_subsample-3	exp-1_well-B1_passage-12_subsample-3	exp-1_well-B1_passage-12_subsample-3	NextSeq 500 sequencing: Barcode sequencing of E. coli evolving in antibiotics	Microbe sample from Escherichia coli
SRR10554486	exp-1_well-D8_passage-12_subsample-4	exp-1_well-D8_passage-12_subsample-4	exp-1_well-D8_passage-12_subsample-4	NextSeq 500 sequencing: Barcode sequencing of E. coli evolving in antibiotics	Microbe sample from Escherichia coli
SRR10554489	exp-1_well-D8_passage-12_subsample-1	exp-1_well-D8_passage-12_subsample-1	exp-1_well-D8_passage-12_subsample-1	NextSeq 500 sequencing: Barcode sequencing of E. coli evolving in antibiotics	Microbe sample from Escherichia coli
SRR10554427	exp-1_well-A3_passage-20_subsample-4	exp-1_well-A3_passage-20_subsample-4	exp-1_well-A3_passage-20_subsample-4	NextSeq 500 sequencing: Barcode sequencing of E. coli evolving in antibiotics	Microbe sample from Escherichia coli
SRR10554490	exp-1_well-D8_passage-10_subsample-4	exp-1_well-D8_passage-10_subsample-4	exp-1_well-D8_passage-10_subsample-4	NextSeq 500 sequencing: Barcode sequencing of E. coli evolving in antibiotics	Microbe sample from Escherichia coli
SRR10554431	exp-1_well-A1_passage-34_subsample-1	exp-1_well-A1_passage-34_subsample-1	exp-1_well-A1_passage-34_subsample-1	NextSeq 500 sequencing: Barcode sequencing of E. coli evolving in antibiotics	Microbe sample from Escherichia coli
SRR10554498	exp-1_well-D8_passage-08_subsample-1	exp-1_well-D8_passage-08_subsample-1	exp-1_well-D8_passage-08_subsample-1	NextSeq 500 sequencing: Barcode sequencing of E. coli evolving in antibiotics	Microbe sample from Escherichia coli
SRR10554502	exp-1_well-H7_passage-70_subsample-1	exp-1_well-H7_passage-70_subsample-1	exp-1_well-H7_passage-70_subsample-1	NextSeq 500 sequencing: Barcode sequencing of E. coli evolving in antibiotics	Microbe sample from Escherichia coli
SRR10554435	exp-1_well-A3_passage-12_subsample-2	exp-1_well-A3_passage-12_subsample-2	exp-1_well-A3_passage-12_subsample-2	NextSeq 500 sequencing: Barcode sequencing of E. coli evolving in antibiotics	Microbe sample from Escherichia coli
SRR10554505	exp-1_well-H7_passage-66_subsample-2	exp-1_well-H7_passage-66_subsample-2	exp-1_well-H7_passage-66_subsample-2	NextSeq 500 sequencing: Barcode sequencing of E. coli evolving in antibiotics	Microbe sample from Escherichia coli
SRR10554437	exp-1_well-A3_passage-08_subsample-4	exp-1_well-A3_passage-08_subsample-4	exp-1_well-A3_passage-08_subsample-4	NextSeq 500 sequencing: Barcode sequencing of E. coli evolving in antibiotics	Microbe sample from Escherichia coli
SRR10554512	exp-1_well-H7_passage-58_subsample-4	exp-1_well-H7_passage-58_subsample-4	exp-1_well-H7_passage-58_subsample-4	NextSeq 500 sequencing: Barcode sequencing of E. coli evolving in antibiotics	Microbe sample from Escherichia coli
SRR10554514	exp-1_well-H7_passage-58_subsample-2	exp-1_well-H7_passage-58_subsample-2	exp-1_well-H7_passage-58_subsample-2	NextSeq 500 sequencing: Barcode sequencing of E. coli evolving in antibiotics	Microbe sample from Escherichia coli
SRR10554445	exp-1_well-C1_passage-70_subsample-1	exp-1_well-C1_passage-70_subsample-1	exp-1_well-C1_passage-70_subsample-1	NextSeq 500 sequencing: Barcode sequencing of E. coli evolving in antibiotics	Microbe sample from Escherichia coli
SRR10554518	exp-1_well-B1_passage-08_subsample-4	exp-1_well-B1_passage-08_subsample-4	exp-1_well-B1_passage-08_subsample-4	NextSeq 500 sequencing: Barcode sequencing of E. coli evolving in antibiotics	Microbe sample from Escherichia coli
SRR10554521	exp-1_well-H7_passage-52_subsample-4	exp-1_well-H7_passage-52_subsample-4	exp-1_well-H7_passage-52_subsample-4	NextSeq 500 sequencing: Barcode sequencing of E. coli evolving in antibiotics	Microbe sample from Escherichia coli
SRR10554528	exp-1_well-H7_passage-48_subsample-1	exp-1_well-H7_passage-48_subsample-1	exp-1_well-H7_passage-48_subsample-1	NextSeq 500 sequencing: Barcode sequencing of E. coli evolving in antibiotics	Microbe sample from Escherichia coli
SRR10554448	exp-1_well-C1_passage-66_subsample-2	exp-1_well-C1_passage-66_subsample-2	exp-1_well-C1_passage-66_subsample-2	NextSeq 500 sequencing: Barcode sequencing of E. coli evolving in antibiotics	Microbe sample from Escherichia coli
SRR10554529	exp-1_well-B1_passage-08_subsample-3	exp-1_well-B1_passage-08_subsample-3	exp-1_well-B1_passage-08_subsample-3	NextSeq 500 sequencing: Barcode sequencing of E. coli evolving in antibiotics	Microbe sample from Escherichia coli
SRR10554537	exp-1_well-H7_passage-40_subsample-1	exp-1_well-H7_passage-40_subsample-1	exp-1_well-H7_passage-40_subsample-1	NextSeq 500 sequencing: Barcode sequencing of E. coli evolving in antibiotics	Microbe sample from Escherichia coli
SRR10554456	exp-1_well-C1_passage-58_subsample-3	exp-1_well-C1_passage-58_subsample-3	exp-1_well-C1_passage-58_subsample-3	NextSeq 500 sequencing: Barcode sequencing of E. coli evolving in antibiotics	Microbe sample from Escherichia coli
SRR10554551	exp-1_well-B1_passage-08_subsample-1	exp-1_well-B1_passage-08_subsample-1	exp-1_well-B1_passage-08_subsample-1	NextSeq 500 sequencing: Barcode sequencing of E. coli evolving in antibiotics	Microbe sample from Escherichia coli
SRR10554555	exp-1_well-H7_passage-20_subsample-1	exp-1_well-H7_passage-20_subsample-1	exp-1_well-H7_passage-20_subsample-1	NextSeq 500 sequencing: Barcode sequencing of E. coli evolving in antibiotics	Microbe sample from Escherichia coli
SRR10554477	exp-1_well-D8_passage-26_subsample-3	exp-1_well-D8_passage-26_subsample-3	exp-1_well-D8_passage-26_subsample-3	NextSeq 500 sequencing: Barcode sequencing of E. coli evolving in antibiotics	Microbe sample from Escherichia coli
SRR10554558	exp-1_well-H7_passage-12_subsample-2	exp-1_well-H7_passage-12_subsample-2	exp-1_well-H7_passage-12_subsample-2	NextSeq 500 sequencing: Barcode sequencing of E. coli evolving in antibiotics	Microbe sample from Escherichia coli
SRR10554561	exp-1_well-H7_passage-10_subsample-3	exp-1_well-H7_passage-10_subsample-3	exp-1_well-H7_passage-10_subsample-3	NextSeq 500 sequencing: Barcode sequencing of E. coli evolving in antibiotics	Microbe sample from Escherichia coli
SRR10554488	exp-1_well-D8_passage-12_subsample-2	exp-1_well-D8_passage-12_subsample-2	exp-1_well-D8_passage-12_subsample-2	NextSeq 500 sequencing: Barcode sequencing of E. coli evolving in antibiotics	Microbe sample from Escherichia coli
SRR10554565	exp-1_well-H7_passage-08_subsample-4	exp-1_well-H7_passage-08_subsample-4	exp-1_well-H7_passage-08_subsample-4	NextSeq 500 sequencing: Barcode sequencing of E. coli evolving in antibiotics	Microbe sample from Escherichia coli
SRR10554574	exp-1_well-G7_passage-66_subsample-4	exp-1_well-G7_passage-66_subsample-4	exp-1_well-G7_passage-66_subsample-4	NextSeq 500 sequencing: Barcode sequencing of E. coli evolving in antibiotics	Microbe sample from Escherichia coli
SRR10554496	exp-1_well-B1_passage-12_subsample-2	exp-1_well-B1_passage-12_subsample-2	exp-1_well-B1_passage-12_subsample-2	NextSeq 500 sequencing: Barcode sequencing of E. coli evolving in antibiotics	Microbe sample from Escherichia coli
SRR10554575	exp-1_well-G7_passage-66_subsample-3	exp-1_well-G7_passage-66_subsample-3	exp-1_well-G7_passage-66_subsample-3	NextSeq 500 sequencing: Barcode sequencing of E. coli evolving in antibiotics	Microbe sample from Escherichia coli
SRR10554586	exp-1_well-G7_passage-58_subsample-1	exp-1_well-G7_passage-58_subsample-1	exp-1_well-G7_passage-58_subsample-1	NextSeq 500 sequencing: Barcode sequencing of E. coli evolving in antibiotics	Microbe sample from Escherichia coli
SRR10554497	exp-1_well-D8_passage-08_subsample-2	exp-1_well-D8_passage-08_subsample-2	exp-1_well-D8_passage-08_subsample-2	NextSeq 500 sequencing: Barcode sequencing of E. coli evolving in antibiotics	Microbe sample from Escherichia coli
SRR10554587	exp-1_well-G7_passage-54_subsample-4	exp-1_well-G7_passage-54_subsample-4	exp-1_well-G7_passage-54_subsample-4	NextSeq 500 sequencing: Barcode sequencing of E. coli evolving in antibiotics	Microbe sample from Escherichia coli
SRR10554593	exp-1_well-G7_passage-52_subsample-2	exp-1_well-G7_passage-52_subsample-2	exp-1_well-G7_passage-52_subsample-2	NextSeq 500 sequencing: Barcode sequencing of E. coli evolving in antibiotics	Microbe sample from Escherichia coli
SRR10554499	exp-1_well-H7_passage-70_subsample-4	exp-1_well-H7_passage-70_subsample-4	exp-1_well-H7_passage-70_subsample-4	NextSeq 500 sequencing: Barcode sequencing of E. coli evolving in antibiotics	Microbe sample from Escherichia coli
SRR10554595	exp-1_well-A1_passage-70_subsample-1	exp-1_well-A1_passage-70_subsample-1	exp-1_well-A1_passage-70_subsample-1	NextSeq 500 sequencing: Barcode sequencing of E. coli evolving in antibiotics	Microbe sample from Escherichia coli
SRR10554604	exp-1_well-G7_passage-44_subsample-1	exp-1_well-G7_passage-44_subsample-1	exp-1_well-G7_passage-44_subsample-1	NextSeq 500 sequencing: Barcode sequencing of E. coli evolving in antibiotics	Microbe sample from Escherichia coli
SRR10554503	exp-1_well-H7_passage-66_subsample-4	exp-1_well-H7_passage-66_subsample-4	exp-1_well-H7_passage-66_subsample-4	NextSeq 500 sequencing: Barcode sequencing of E. coli evolving in antibiotics	Microbe sample from Escherichia coli
SRR10554606	exp-1_well-G7_passage-40_subsample-3	exp-1_well-G7_passage-40_subsample-3	exp-1_well-G7_passage-40_subsample-3	NextSeq 500 sequencing: Barcode sequencing of E. coli evolving in antibiotics	Microbe sample from Escherichia coli
SRR10554506	exp-1_well-H7_passage-66_subsample-1	exp-1_well-H7_passage-66_subsample-1	exp-1_well-H7_passage-66_subsample-1	NextSeq 500 sequencing: Barcode sequencing of E. coli evolving in antibiotics	Microbe sample from Escherichia coli
SRR10554509	exp-1_well-H7_passage-64_subsample-3	exp-1_well-H7_passage-64_subsample-3	exp-1_well-H7_passage-64_subsample-3	NextSeq 500 sequencing: Barcode sequencing of E. coli evolving in antibiotics	Microbe sample from Escherichia coli
SRR10554511	exp-1_well-H7_passage-64_subsample-1	exp-1_well-H7_passage-64_subsample-1	exp-1_well-H7_passage-64_subsample-1	NextSeq 500 sequencing: Barcode sequencing of E. coli evolving in antibiotics	Microbe sample from Escherichia coli
SRR10554513	exp-1_well-H7_passage-58_subsample-3	exp-1_well-H7_passage-58_subsample-3	exp-1_well-H7_passage-58_subsample-3	NextSeq 500 sequencing: Barcode sequencing of E. coli evolving in antibiotics	Microbe sample from Escherichia coli
SRR10554523	exp-1_well-H7_passage-52_subsample-2	exp-1_well-H7_passage-52_subsample-2	exp-1_well-H7_passage-52_subsample-2	NextSeq 500 sequencing: Barcode sequencing of E. coli evolving in antibiotics	Microbe sample from Escherichia coli
SRR10554526	exp-1_well-H7_passage-48_subsample-3	exp-1_well-H7_passage-48_subsample-3	exp-1_well-H7_passage-48_subsample-3	NextSeq 500 sequencing: Barcode sequencing of E. coli evolving in antibiotics	Microbe sample from Escherichia coli
SRR10554532	exp-1_well-H7_passage-44_subsample-2	exp-1_well-H7_passage-44_subsample-2	exp-1_well-H7_passage-44_subsample-2	NextSeq 500 sequencing: Barcode sequencing of E. coli evolving in antibiotics	Microbe sample from Escherichia coli
SRR10554610	exp-1_well-G7_passage-38_subsample-4	exp-1_well-G7_passage-38_subsample-4	exp-1_well-G7_passage-38_subsample-4	NextSeq 500 sequencing: Barcode sequencing of E. coli evolving in antibiotics	Microbe sample from Escherichia coli
SRR10554534	exp-1_well-H7_passage-40_subsample-4	exp-1_well-H7_passage-40_subsample-4	exp-1_well-H7_passage-40_subsample-4	NextSeq 500 sequencing: Barcode sequencing of E. coli evolving in antibiotics	Microbe sample from Escherichia coli
SRR10554611	exp-1_well-G7_passage-38_subsample-3	exp-1_well-G7_passage-38_subsample-3	exp-1_well-G7_passage-38_subsample-3	NextSeq 500 sequencing: Barcode sequencing of E. coli evolving in antibiotics	Microbe sample from Escherichia coli
SRR10554535	exp-1_well-H7_passage-40_subsample-3	exp-1_well-H7_passage-40_subsample-3	exp-1_well-H7_passage-40_subsample-3	NextSeq 500 sequencing: Barcode sequencing of E. coli evolving in antibiotics	Microbe sample from Escherichia coli
SRR10554536	exp-1_well-H7_passage-40_subsample-2	exp-1_well-H7_passage-40_subsample-2	exp-1_well-H7_passage-40_subsample-2	NextSeq 500 sequencing: Barcode sequencing of E. coli evolving in antibiotics	Microbe sample from Escherichia coli
SRR10554613	exp-1_well-G7_passage-38_subsample-1	exp-1_well-G7_passage-38_subsample-1	exp-1_well-G7_passage-38_subsample-1	NextSeq 500 sequencing: Barcode sequencing of E. coli evolving in antibiotics	Microbe sample from Escherichia coli
SRR10554541	exp-1_well-H7_passage-38_subsample-2	exp-1_well-H7_passage-38_subsample-2	exp-1_well-H7_passage-38_subsample-2	NextSeq 500 sequencing: Barcode sequencing of E. coli evolving in antibiotics	Microbe sample from Escherichia coli
SRR10554616	exp-1_well-G7_passage-30_subsample-2	exp-1_well-G7_passage-30_subsample-2	exp-1_well-G7_passage-30_subsample-2	NextSeq 500 sequencing: Barcode sequencing of E. coli evolving in antibiotics	Microbe sample from Escherichia coli
SRR10554542	exp-1_well-H7_passage-38_subsample-1	exp-1_well-H7_passage-38_subsample-1	exp-1_well-H7_passage-38_subsample-1	NextSeq 500 sequencing: Barcode sequencing of E. coli evolving in antibiotics	Microbe sample from Escherichia coli
SRR10554620	exp-1_well-G7_passage-26_subsample-3	exp-1_well-G7_passage-26_subsample-3	exp-1_well-G7_passage-26_subsample-3	NextSeq 500 sequencing: Barcode sequencing of E. coli evolving in antibiotics	Microbe sample from Escherichia coli
SRR10554543	exp-1_well-H7_passage-30_subsample-4	exp-1_well-H7_passage-30_subsample-4	exp-1_well-H7_passage-30_subsample-4	NextSeq 500 sequencing: Barcode sequencing of E. coli evolving in antibiotics	Microbe sample from Escherichia coli
SRR10554621	exp-1_well-G7_passage-26_subsample-2	exp-1_well-G7_passage-26_subsample-2	exp-1_well-G7_passage-26_subsample-2	NextSeq 500 sequencing: Barcode sequencing of E. coli evolving in antibiotics	Microbe sample from Escherichia coli
SRR10554636	exp-1_well-G7_passage-08_subsample-4	exp-1_well-G7_passage-08_subsample-4	exp-1_well-G7_passage-08_subsample-4	NextSeq 500 sequencing: Barcode sequencing of E. coli evolving in antibiotics	Microbe sample from Escherichia coli
SRR10554549	exp-1_well-H7_passage-26_subsample-2	exp-1_well-H7_passage-26_subsample-2	exp-1_well-H7_passage-26_subsample-2	NextSeq 500 sequencing: Barcode sequencing of E. coli evolving in antibiotics	Microbe sample from Escherichia coli
SRR10554557	exp-1_well-H7_passage-12_subsample-3	exp-1_well-H7_passage-12_subsample-3	exp-1_well-H7_passage-12_subsample-3	NextSeq 500 sequencing: Barcode sequencing of E. coli evolving in antibiotics	Microbe sample from Escherichia coli
SRR10554560	exp-1_well-H7_passage-10_subsample-4	exp-1_well-H7_passage-10_subsample-4	exp-1_well-H7_passage-10_subsample-4	NextSeq 500 sequencing: Barcode sequencing of E. coli evolving in antibiotics	Microbe sample from Escherichia coli
SRR10554563	exp-1_well-H7_passage-10_subsample-2	exp-1_well-H7_passage-10_subsample-2	exp-1_well-H7_passage-10_subsample-2	NextSeq 500 sequencing: Barcode sequencing of E. coli evolving in antibiotics	Microbe sample from Escherichia coli
SRR10554643	exp-1_well-D6_passage-70_subsample-2	exp-1_well-D6_passage-70_subsample-2	exp-1_well-D6_passage-70_subsample-2	NextSeq 500 sequencing: Barcode sequencing of E. coli evolving in antibiotics	Microbe sample from Escherichia coli
SRR10554644	exp-1_well-D6_passage-70_subsample-1	exp-1_well-D6_passage-70_subsample-1	exp-1_well-D6_passage-70_subsample-1	NextSeq 500 sequencing: Barcode sequencing of E. coli evolving in antibiotics	Microbe sample from Escherichia coli
SRR10554647	exp-1_well-D6_passage-66_subsample-2	exp-1_well-D6_passage-66_subsample-2	exp-1_well-D6_passage-66_subsample-2	NextSeq 500 sequencing: Barcode sequencing of E. coli evolving in antibiotics	Microbe sample from Escherichia coli
SRR10554648	exp-1_well-D6_passage-66_subsample-1	exp-1_well-D6_passage-66_subsample-1	exp-1_well-D6_passage-66_subsample-1	NextSeq 500 sequencing: Barcode sequencing of E. coli evolving in antibiotics	Microbe sample from Escherichia coli
SRR10554650	exp-1_well-D6_passage-58_subsample-3	exp-1_well-D6_passage-58_subsample-3	exp-1_well-D6_passage-58_subsample-3	NextSeq 500 sequencing: Barcode sequencing of E. coli evolving in antibiotics	Microbe sample from Escherichia coli
SRR10554658	exp-1_well-D6_passage-52_subsample-4	exp-1_well-D6_passage-52_subsample-4	exp-1_well-D6_passage-52_subsample-4	NextSeq 500 sequencing: Barcode sequencing of E. coli evolving in antibiotics	Microbe sample from Escherichia coli
SRR10554662	exp-1_well-A1_passage-66_subsample-3	exp-1_well-A1_passage-66_subsample-3	exp-1_well-A1_passage-66_subsample-3	NextSeq 500 sequencing: Barcode sequencing of E. coli evolving in antibiotics	Microbe sample from Escherichia coli
SRR10554665	exp-1_well-D6_passage-48_subsample-2	exp-1_well-D6_passage-48_subsample-2	exp-1_well-D6_passage-48_subsample-2	NextSeq 500 sequencing: Barcode sequencing of E. coli evolving in antibiotics	Microbe sample from Escherichia coli
SRR10554669	exp-1_well-D6_passage-44_subsample-2	exp-1_well-D6_passage-44_subsample-2	exp-1_well-D6_passage-44_subsample-2	NextSeq 500 sequencing: Barcode sequencing of E. coli evolving in antibiotics	Microbe sample from Escherichia coli
SRR10554677	exp-1_well-D6_passage-30_subsample-3	exp-1_well-D6_passage-30_subsample-3	exp-1_well-D6_passage-30_subsample-3	NextSeq 500 sequencing: Barcode sequencing of E. coli evolving in antibiotics	Microbe sample from Escherichia coli
SRR10554690	exp-1_well-D6_passage-12_subsample-3	exp-1_well-D6_passage-12_subsample-3	exp-1_well-D6_passage-12_subsample-3	NextSeq 500 sequencing: Barcode sequencing of E. coli evolving in antibiotics	Microbe sample from Escherichia coli
SRR10554697	exp-1_well-D6_passage-08_subsample-1	exp-1_well-D6_passage-08_subsample-1	exp-1_well-D6_passage-08_subsample-1	NextSeq 500 sequencing: Barcode sequencing of E. coli evolving in antibiotics	Microbe sample from Escherichia coli
SRR10554698	exp-1_well-B5_passage-70_subsample-4	exp-1_well-B5_passage-70_subsample-4	exp-1_well-B5_passage-70_subsample-4	NextSeq 500 sequencing: Barcode sequencing of E. coli evolving in antibiotics	Microbe sample from Escherichia coli
SRR10554699	exp-1_well-B5_passage-70_subsample-3	exp-1_well-B5_passage-70_subsample-3	exp-1_well-B5_passage-70_subsample-3	NextSeq 500 sequencing: Barcode sequencing of E. coli evolving in antibiotics	Microbe sample from Escherichia coli
SRR10554700	exp-1_well-B5_passage-70_subsample-2	exp-1_well-B5_passage-70_subsample-2	exp-1_well-B5_passage-70_subsample-2	NextSeq 500 sequencing: Barcode sequencing of E. coli evolving in antibiotics	Microbe sample from Escherichia coli
SRR10554705	exp-1_well-B5_passage-68_subsample-1	exp-1_well-B5_passage-68_subsample-1	exp-1_well-B5_passage-68_subsample-1	NextSeq 500 sequencing: Barcode sequencing of E. coli evolving in antibiotics	Microbe sample from Escherichia coli
SRR10554708	exp-1_well-B5_passage-66_subsample-4	exp-1_well-B5_passage-66_subsample-4	exp-1_well-B5_passage-66_subsample-4	NextSeq 500 sequencing: Barcode sequencing of E. coli evolving in antibiotics	Microbe sample from Escherichia coli
SRR10554711	exp-1_well-B5_passage-66_subsample-1	exp-1_well-B5_passage-66_subsample-1	exp-1_well-B5_passage-66_subsample-1	NextSeq 500 sequencing: Barcode sequencing of E. coli evolving in antibiotics	Microbe sample from Escherichia coli
SRR10554723	exp-1_well-B5_passage-54_subsample-2	exp-1_well-B5_passage-54_subsample-2	exp-1_well-B5_passage-54_subsample-2	NextSeq 500 sequencing: Barcode sequencing of E. coli evolving in antibiotics	Microbe sample from Escherichia coli
SRR10554727	exp-1_well-B5_passage-52_subsample-2	exp-1_well-B5_passage-52_subsample-2	exp-1_well-B5_passage-52_subsample-2	NextSeq 500 sequencing: Barcode sequencing of E. coli evolving in antibiotics	Microbe sample from Escherichia coli
SRR10554728	exp-1_well-B5_passage-52_subsample-1	exp-1_well-B5_passage-52_subsample-1	exp-1_well-B5_passage-52_subsample-1	NextSeq 500 sequencing: Barcode sequencing of E. coli evolving in antibiotics	Microbe sample from Escherichia coli
SRR10554732	exp-1_well-B5_passage-48_subsample-2	exp-1_well-B5_passage-48_subsample-2	exp-1_well-B5_passage-48_subsample-2	NextSeq 500 sequencing: Barcode sequencing of E. coli evolving in antibiotics	Microbe sample from Escherichia coli
SRR10554734	exp-1_well-B5_passage-44_subsample-4	exp-1_well-B5_passage-44_subsample-4	exp-1_well-B5_passage-44_subsample-4	NextSeq 500 sequencing: Barcode sequencing of E. coli evolving in antibiotics	Microbe sample from Escherichia coli
SRR10554740	exp-1_well-A1_passage-58_subsample-4	exp-1_well-A1_passage-58_subsample-4	exp-1_well-A1_passage-58_subsample-4	NextSeq 500 sequencing: Barcode sequencing of E. coli evolving in antibiotics	Microbe sample from Escherichia coli
SRR10554744	exp-1_well-B5_passage-34_subsample-3	exp-1_well-B5_passage-34_subsample-3	exp-1_well-B5_passage-34_subsample-3	NextSeq 500 sequencing: Barcode sequencing of E. coli evolving in antibiotics	Microbe sample from Escherichia coli
SRR10554564	exp-1_well-H7_passage-10_subsample-1	exp-1_well-H7_passage-10_subsample-1	exp-1_well-H7_passage-10_subsample-1	NextSeq 500 sequencing: Barcode sequencing of E. coli evolving in antibiotics	Microbe sample from Escherichia coli
SRR10554570	exp-1_well-G7_passage-70_subsample-3	exp-1_well-G7_passage-70_subsample-3	exp-1_well-G7_passage-70_subsample-3	NextSeq 500 sequencing: Barcode sequencing of E. coli evolving in antibiotics	Microbe sample from Escherichia coli
SRR10554571	exp-1_well-G7_passage-70_subsample-2	exp-1_well-G7_passage-70_subsample-2	exp-1_well-G7_passage-70_subsample-2	NextSeq 500 sequencing: Barcode sequencing of E. coli evolving in antibiotics	Microbe sample from Escherichia coli
SRR10554573	exp-1_well-A1_passage-70_subsample-3	exp-1_well-A1_passage-70_subsample-3	exp-1_well-A1_passage-70_subsample-3	NextSeq 500 sequencing: Barcode sequencing of E. coli evolving in antibiotics	Microbe sample from Escherichia coli
SRR10554576	exp-1_well-G7_passage-66_subsample-2	exp-1_well-G7_passage-66_subsample-2	exp-1_well-G7_passage-66_subsample-2	NextSeq 500 sequencing: Barcode sequencing of E. coli evolving in antibiotics	Microbe sample from Escherichia coli
SRR10554579	exp-1_well-G7_passage-64_subsample-3	exp-1_well-G7_passage-64_subsample-3	exp-1_well-G7_passage-64_subsample-3	NextSeq 500 sequencing: Barcode sequencing of E. coli evolving in antibiotics	Microbe sample from Escherichia coli
SRR10554583	exp-1_well-G7_passage-58_subsample-3	exp-1_well-G7_passage-58_subsample-3	exp-1_well-G7_passage-58_subsample-3	NextSeq 500 sequencing: Barcode sequencing of E. coli evolving in antibiotics	Microbe sample from Escherichia coli
SRR10554591	exp-1_well-G7_passage-52_subsample-4	exp-1_well-G7_passage-52_subsample-4	exp-1_well-G7_passage-52_subsample-4	NextSeq 500 sequencing: Barcode sequencing of E. coli evolving in antibiotics	Microbe sample from Escherichia coli
SRR10554600	exp-1_well-G7_passage-48_subsample-1	exp-1_well-G7_passage-48_subsample-1	exp-1_well-G7_passage-48_subsample-1	NextSeq 500 sequencing: Barcode sequencing of E. coli evolving in antibiotics	Microbe sample from Escherichia coli
SRR10554601	exp-1_well-G7_passage-44_subsample-4	exp-1_well-G7_passage-44_subsample-4	exp-1_well-G7_passage-44_subsample-4	NextSeq 500 sequencing: Barcode sequencing of E. coli evolving in antibiotics	Microbe sample from Escherichia coli
SRR10554617	exp-1_well-G7_passage-30_subsample-1	exp-1_well-G7_passage-30_subsample-1	exp-1_well-G7_passage-30_subsample-1	NextSeq 500 sequencing: Barcode sequencing of E. coli evolving in antibiotics	Microbe sample from Escherichia coli
SRR10554618	exp-1_well-A1_passage-68_subsample-3	exp-1_well-A1_passage-68_subsample-3	exp-1_well-A1_passage-68_subsample-3	NextSeq 500 sequencing: Barcode sequencing of E. coli evolving in antibiotics	Microbe sample from Escherichia coli
SRR10554623	exp-1_well-G7_passage-20_subsample-4	exp-1_well-G7_passage-20_subsample-4	exp-1_well-G7_passage-20_subsample-4	NextSeq 500 sequencing: Barcode sequencing of E. coli evolving in antibiotics	Microbe sample from Escherichia coli
SRR10554642	exp-1_well-D6_passage-70_subsample-3	exp-1_well-D6_passage-70_subsample-3	exp-1_well-D6_passage-70_subsample-3	NextSeq 500 sequencing: Barcode sequencing of E. coli evolving in antibiotics	Microbe sample from Escherichia coli
SRR10554645	exp-1_well-D6_passage-66_subsample-4	exp-1_well-D6_passage-66_subsample-4	exp-1_well-D6_passage-66_subsample-4	NextSeq 500 sequencing: Barcode sequencing of E. coli evolving in antibiotics	Microbe sample from Escherichia coli
SRR10554649	exp-1_well-D6_passage-58_subsample-4	exp-1_well-D6_passage-58_subsample-4	exp-1_well-D6_passage-58_subsample-4	NextSeq 500 sequencing: Barcode sequencing of E. coli evolving in antibiotics	Microbe sample from Escherichia coli
SRR10554651	exp-1_well-A1_passage-66_subsample-4	exp-1_well-A1_passage-66_subsample-4	exp-1_well-A1_passage-66_subsample-4	NextSeq 500 sequencing: Barcode sequencing of E. coli evolving in antibiotics	Microbe sample from Escherichia coli
SRR10554652	exp-1_well-D6_passage-58_subsample-2	exp-1_well-D6_passage-58_subsample-2	exp-1_well-D6_passage-58_subsample-2	NextSeq 500 sequencing: Barcode sequencing of E. coli evolving in antibiotics	Microbe sample from Escherichia coli
SRR10554670	exp-1_well-D6_passage-44_subsample-1	exp-1_well-D6_passage-44_subsample-1	exp-1_well-D6_passage-44_subsample-1	NextSeq 500 sequencing: Barcode sequencing of E. coli evolving in antibiotics	Microbe sample from Escherichia coli
SRR10554672	exp-1_well-D6_passage-40_subsample-3	exp-1_well-D6_passage-40_subsample-3	exp-1_well-D6_passage-40_subsample-3	NextSeq 500 sequencing: Barcode sequencing of E. coli evolving in antibiotics	Microbe sample from Escherichia coli
SRR10554680	exp-1_well-D6_passage-26_subsample-4	exp-1_well-D6_passage-26_subsample-4	exp-1_well-D6_passage-26_subsample-4	NextSeq 500 sequencing: Barcode sequencing of E. coli evolving in antibiotics	Microbe sample from Escherichia coli
SRR10554682	exp-1_well-D6_passage-26_subsample-2	exp-1_well-D6_passage-26_subsample-2	exp-1_well-D6_passage-26_subsample-2	NextSeq 500 sequencing: Barcode sequencing of E. coli evolving in antibiotics	Microbe sample from Escherichia coli
SRR10554685	exp-1_well-D6_passage-20_subsample-4	exp-1_well-D6_passage-20_subsample-4	exp-1_well-D6_passage-20_subsample-4	NextSeq 500 sequencing: Barcode sequencing of E. coli evolving in antibiotics	Microbe sample from Escherichia coli
SRR10554687	exp-1_well-D6_passage-20_subsample-2	exp-1_well-D6_passage-20_subsample-2	exp-1_well-D6_passage-20_subsample-2	NextSeq 500 sequencing: Barcode sequencing of E. coli evolving in antibiotics	Microbe sample from Escherichia coli
SRR10554693	exp-1_well-D6_passage-08_subsample-4	exp-1_well-D6_passage-08_subsample-4	exp-1_well-D6_passage-08_subsample-4	NextSeq 500 sequencing: Barcode sequencing of E. coli evolving in antibiotics	Microbe sample from Escherichia coli
SRR10554694	exp-1_well-D6_passage-08_subsample-3	exp-1_well-D6_passage-08_subsample-3	exp-1_well-D6_passage-08_subsample-3	NextSeq 500 sequencing: Barcode sequencing of E. coli evolving in antibiotics	Microbe sample from Escherichia coli
SRR10554695	exp-1_well-A1_passage-62_subsample-4	exp-1_well-A1_passage-62_subsample-4	exp-1_well-A1_passage-62_subsample-4	NextSeq 500 sequencing: Barcode sequencing of E. coli evolving in antibiotics	Microbe sample from Escherichia coli
SRR10554702	exp-1_well-B5_passage-68_subsample-4	exp-1_well-B5_passage-68_subsample-4	exp-1_well-B5_passage-68_subsample-4	NextSeq 500 sequencing: Barcode sequencing of E. coli evolving in antibiotics	Microbe sample from Escherichia coli
SRR10554707	exp-1_well-A1_passage-12_subsample-2	exp-1_well-A1_passage-12_subsample-2	exp-1_well-A1_passage-12_subsample-2	NextSeq 500 sequencing: Barcode sequencing of E. coli evolving in antibiotics	Microbe sample from Escherichia coli
SRR10554718	exp-1_well-A1_passage-62_subsample-2	exp-1_well-A1_passage-62_subsample-2	exp-1_well-A1_passage-62_subsample-2	NextSeq 500 sequencing: Barcode sequencing of E. coli evolving in antibiotics	Microbe sample from Escherichia coli
SRR10554719	exp-1_well-B5_passage-58_subsample-2	exp-1_well-B5_passage-58_subsample-2	exp-1_well-B5_passage-58_subsample-2	NextSeq 500 sequencing: Barcode sequencing of E. coli evolving in antibiotics	Microbe sample from Escherichia coli
SRR10554735	exp-1_well-B5_passage-44_subsample-3	exp-1_well-B5_passage-44_subsample-3	exp-1_well-B5_passage-44_subsample-3	NextSeq 500 sequencing: Barcode sequencing of E. coli evolving in antibiotics	Microbe sample from Escherichia coli
SRR10554736	exp-1_well-B5_passage-44_subsample-2	exp-1_well-B5_passage-44_subsample-2	exp-1_well-B5_passage-44_subsample-2	NextSeq 500 sequencing: Barcode sequencing of E. coli evolving in antibiotics	Microbe sample from Escherichia coli
SRR10554745	exp-1_well-B5_passage-34_subsample-2	exp-1_well-B5_passage-34_subsample-2	exp-1_well-B5_passage-34_subsample-2	NextSeq 500 sequencing: Barcode sequencing of E. coli evolving in antibiotics	Microbe sample from Escherichia coli
SRR10553811	exp-1_well-C1_passage-38_subsample-2	exp-1_well-C1_passage-38_subsample-2	exp-1_well-C1_passage-38_subsample-2	NextSeq 500 sequencing: Barcode sequencing of E. coli evolving in antibiotics	Microbe sample from Escherichia coli
SRR10553827	exp-1_well-C1_passage-12_subsample-4	exp-1_well-C1_passage-12_subsample-4	exp-1_well-C1_passage-12_subsample-4	NextSeq 500 sequencing: Barcode sequencing of E. coli evolving in antibiotics	Microbe sample from Escherichia coli
SRR10553839	exp-1_well-C1_passage-08_subsample-1	exp-1_well-C1_passage-08_subsample-1	exp-1_well-C1_passage-08_subsample-1	NextSeq 500 sequencing: Barcode sequencing of E. coli evolving in antibiotics	Microbe sample from Escherichia coli
SRR10553843	exp-1_well-B1_passage-70_subsample-1	exp-1_well-B1_passage-70_subsample-1	exp-1_well-B1_passage-70_subsample-1	NextSeq 500 sequencing: Barcode sequencing of E. coli evolving in antibiotics	Microbe sample from Escherichia coli
SRR10553845	exp-1_well-B1_passage-68_subsample-3	exp-1_well-B1_passage-68_subsample-3	exp-1_well-B1_passage-68_subsample-3	NextSeq 500 sequencing: Barcode sequencing of E. coli evolving in antibiotics	Microbe sample from Escherichia coli
SRR10553854	exp-1_well-B1_passage-62_subsample-3	exp-1_well-B1_passage-62_subsample-3	exp-1_well-B1_passage-62_subsample-3	NextSeq 500 sequencing: Barcode sequencing of E. coli evolving in antibiotics	Microbe sample from Escherichia coli
SRR10553858	exp-1_well-B1_passage-58_subsample-3	exp-1_well-B1_passage-58_subsample-3	exp-1_well-B1_passage-58_subsample-3	NextSeq 500 sequencing: Barcode sequencing of E. coli evolving in antibiotics	Microbe sample from Escherichia coli
SRR10553865	exp-1_well-B1_passage-54_subsample-1	exp-1_well-B1_passage-54_subsample-1	exp-1_well-B1_passage-54_subsample-1	NextSeq 500 sequencing: Barcode sequencing of E. coli evolving in antibiotics	Microbe sample from Escherichia coli
SRR10553866	exp-1_well-B1_passage-52_subsample-4	exp-1_well-B1_passage-52_subsample-4	exp-1_well-B1_passage-52_subsample-4	NextSeq 500 sequencing: Barcode sequencing of E. coli evolving in antibiotics	Microbe sample from Escherichia coli
SRR10553871	exp-1_well-B1_passage-48_subsample-2	exp-1_well-B1_passage-48_subsample-2	exp-1_well-B1_passage-48_subsample-2	NextSeq 500 sequencing: Barcode sequencing of E. coli evolving in antibiotics	Microbe sample from Escherichia coli
SRR10553873	exp-1_well-B1_passage-44_subsample-4	exp-1_well-B1_passage-44_subsample-4	exp-1_well-B1_passage-44_subsample-4	NextSeq 500 sequencing: Barcode sequencing of E. coli evolving in antibiotics	Microbe sample from Escherichia coli
SRR10553890	exp-1_well-D10_passage-58_subsample-2	exp-1_well-D10_passage-58_subsample-2	exp-1_well-D10_passage-58_subsample-2	NextSeq 500 sequencing: Barcode sequencing of E. coli evolving in antibiotics	Microbe sample from Escherichia coli
SRR10553891	exp-1_well-D10_passage-58_subsample-1	exp-1_well-D10_passage-58_subsample-1	exp-1_well-D10_passage-58_subsample-1	NextSeq 500 sequencing: Barcode sequencing of E. coli evolving in antibiotics	Microbe sample from Escherichia coli
SRR10553895	exp-1_well-D10_passage-54_subsample-1	exp-1_well-D10_passage-54_subsample-1	exp-1_well-D10_passage-54_subsample-1	NextSeq 500 sequencing: Barcode sequencing of E. coli evolving in antibiotics	Microbe sample from Escherichia coli
SRR10553900	exp-1_well-B1_passage-44_subsample-1	exp-1_well-B1_passage-44_subsample-1	exp-1_well-B1_passage-44_subsample-1	NextSeq 500 sequencing: Barcode sequencing of E. coli evolving in antibiotics	Microbe sample from Escherichia coli
SRR10553903	exp-1_well-D10_passage-48_subsample-2	exp-1_well-D10_passage-48_subsample-2	exp-1_well-D10_passage-48_subsample-2	NextSeq 500 sequencing: Barcode sequencing of E. coli evolving in antibiotics	Microbe sample from Escherichia coli
SRR10553906	exp-1_well-D10_passage-44_subsample-3	exp-1_well-D10_passage-44_subsample-3	exp-1_well-D10_passage-44_subsample-3	NextSeq 500 sequencing: Barcode sequencing of E. coli evolving in antibiotics	Microbe sample from Escherichia coli
SRR10553918	exp-1_well-D10_passage-30_subsample-4	exp-1_well-D10_passage-30_subsample-4	exp-1_well-D10_passage-30_subsample-4	NextSeq 500 sequencing: Barcode sequencing of E. coli evolving in antibiotics	Microbe sample from Escherichia coli
SRR10553922	exp-1_well-B1_passage-40_subsample-3	exp-1_well-B1_passage-40_subsample-3	exp-1_well-B1_passage-40_subsample-3	NextSeq 500 sequencing: Barcode sequencing of E. coli evolving in antibiotics	Microbe sample from Escherichia coli
SRR10553930	exp-1_well-D10_passage-20_subsample-2	exp-1_well-D10_passage-20_subsample-2	exp-1_well-D10_passage-20_subsample-2	NextSeq 500 sequencing: Barcode sequencing of E. coli evolving in antibiotics	Microbe sample from Escherichia coli
SRR10553944	exp-1_well-D10_passage-08_subsample-1	exp-1_well-D10_passage-08_subsample-1	exp-1_well-D10_passage-08_subsample-1	NextSeq 500 sequencing: Barcode sequencing of E. coli evolving in antibiotics	Microbe sample from Escherichia coli
SRR10553947	exp-1_well-F9_passage-70_subsample-3	exp-1_well-F9_passage-70_subsample-3	exp-1_well-F9_passage-70_subsample-3	NextSeq 500 sequencing: Barcode sequencing of E. coli evolving in antibiotics	Microbe sample from Escherichia coli
SRR10553958	exp-1_well-F9_passage-64_subsample-1	exp-1_well-F9_passage-64_subsample-1	exp-1_well-F9_passage-64_subsample-1	NextSeq 500 sequencing: Barcode sequencing of E. coli evolving in antibiotics	Microbe sample from Escherichia coli
SRR10553959	exp-1_well-F9_passage-58_subsample-4	exp-1_well-F9_passage-58_subsample-4	exp-1_well-F9_passage-58_subsample-4	NextSeq 500 sequencing: Barcode sequencing of E. coli evolving in antibiotics	Microbe sample from Escherichia coli
SRR10553962	exp-1_well-F9_passage-58_subsample-1	exp-1_well-F9_passage-58_subsample-1	exp-1_well-F9_passage-58_subsample-1	NextSeq 500 sequencing: Barcode sequencing of E. coli evolving in antibiotics	Microbe sample from Escherichia coli
SRR10553968	exp-1_well-F9_passage-52_subsample-4	exp-1_well-F9_passage-52_subsample-4	exp-1_well-F9_passage-52_subsample-4	NextSeq 500 sequencing: Barcode sequencing of E. coli evolving in antibiotics	Microbe sample from Escherichia coli
SRR10553977	exp-1_well-F9_passage-44_subsample-3	exp-1_well-F9_passage-44_subsample-3	exp-1_well-F9_passage-44_subsample-3	NextSeq 500 sequencing: Barcode sequencing of E. coli evolving in antibiotics	Microbe sample from Escherichia coli
SRR10553978	exp-1_well-B1_passage-34_subsample-2	exp-1_well-B1_passage-34_subsample-2	exp-1_well-B1_passage-34_subsample-2	NextSeq 500 sequencing: Barcode sequencing of E. coli evolving in antibiotics	Microbe sample from Escherichia coli
SRR10553990	exp-1_well-F9_passage-30_subsample-4	exp-1_well-F9_passage-30_subsample-4	exp-1_well-F9_passage-30_subsample-4	NextSeq 500 sequencing: Barcode sequencing of E. coli evolving in antibiotics	Microbe sample from Escherichia coli
SRR10553991	exp-1_well-F9_passage-30_subsample-3	exp-1_well-F9_passage-30_subsample-3	exp-1_well-F9_passage-30_subsample-3	NextSeq 500 sequencing: Barcode sequencing of E. coli evolving in antibiotics	Microbe sample from Escherichia coli
SRR10553992	exp-1_well-F9_passage-30_subsample-2	exp-1_well-F9_passage-30_subsample-2	exp-1_well-F9_passage-30_subsample-2	NextSeq 500 sequencing: Barcode sequencing of E. coli evolving in antibiotics	Microbe sample from Escherichia coli
SRR10553993	exp-1_well-F9_passage-30_subsample-1	exp-1_well-F9_passage-30_subsample-1	exp-1_well-F9_passage-30_subsample-1	NextSeq 500 sequencing: Barcode sequencing of E. coli evolving in antibiotics	Microbe sample from Escherichia coli
SRR10553997	exp-1_well-F9_passage-26_subsample-1	exp-1_well-F9_passage-26_subsample-1	exp-1_well-F9_passage-26_subsample-1	NextSeq 500 sequencing: Barcode sequencing of E. coli evolving in antibiotics	Microbe sample from Escherichia coli
SRR10553998	exp-1_well-F9_passage-20_subsample-4	exp-1_well-F9_passage-20_subsample-4	exp-1_well-F9_passage-20_subsample-4	NextSeq 500 sequencing: Barcode sequencing of E. coli evolving in antibiotics	Microbe sample from Escherichia coli
SRR10554002	exp-1_well-F9_passage-20_subsample-1	exp-1_well-F9_passage-20_subsample-1	exp-1_well-F9_passage-20_subsample-1	NextSeq 500 sequencing: Barcode sequencing of E. coli evolving in antibiotics	Microbe sample from Escherichia coli
SRR10554007	exp-1_well-F9_passage-10_subsample-4	exp-1_well-F9_passage-10_subsample-4	exp-1_well-F9_passage-10_subsample-4	NextSeq 500 sequencing: Barcode sequencing of E. coli evolving in antibiotics	Microbe sample from Escherichia coli
SRR10554009	exp-1_well-F9_passage-10_subsample-2	exp-1_well-F9_passage-10_subsample-2	exp-1_well-F9_passage-10_subsample-2	NextSeq 500 sequencing: Barcode sequencing of E. coli evolving in antibiotics	Microbe sample from Escherichia coli
SRR10554012	exp-1_well-F9_passage-08_subsample-4	exp-1_well-F9_passage-08_subsample-4	exp-1_well-F9_passage-08_subsample-4	NextSeq 500 sequencing: Barcode sequencing of E. coli evolving in antibiotics	Microbe sample from Escherichia coli
SRR10554014	exp-1_well-F9_passage-08_subsample-2	exp-1_well-F9_passage-08_subsample-2	exp-1_well-F9_passage-08_subsample-2	NextSeq 500 sequencing: Barcode sequencing of E. coli evolving in antibiotics	Microbe sample from Escherichia coli
SRR10554019	exp-1_well-E9_passage-70_subsample-1	exp-1_well-E9_passage-70_subsample-1	exp-1_well-E9_passage-70_subsample-1	NextSeq 500 sequencing: Barcode sequencing of E. coli evolving in antibiotics	Microbe sample from Escherichia coli
SRR10554023	exp-1_well-E9_passage-66_subsample-2	exp-1_well-E9_passage-66_subsample-2	exp-1_well-E9_passage-66_subsample-2	NextSeq 500 sequencing: Barcode sequencing of E. coli evolving in antibiotics	Microbe sample from Escherichia coli
SRR10554030	exp-1_well-E9_passage-58_subsample-3	exp-1_well-E9_passage-58_subsample-3	exp-1_well-E9_passage-58_subsample-3	NextSeq 500 sequencing: Barcode sequencing of E. coli evolving in antibiotics	Microbe sample from Escherichia coli
SRR10554040	exp-1_well-E9_passage-52_subsample-3	exp-1_well-E9_passage-52_subsample-3	exp-1_well-E9_passage-52_subsample-3	NextSeq 500 sequencing: Barcode sequencing of E. coli evolving in antibiotics	Microbe sample from Escherichia coli
SRR10554051	exp-1_well-E9_passage-44_subsample-1	exp-1_well-E9_passage-44_subsample-1	exp-1_well-E9_passage-44_subsample-1	NextSeq 500 sequencing: Barcode sequencing of E. coli evolving in antibiotics	Microbe sample from Escherichia coli
SRR10554061	exp-1_well-E9_passage-30_subsample-4	exp-1_well-E9_passage-30_subsample-4	exp-1_well-E9_passage-30_subsample-4	NextSeq 500 sequencing: Barcode sequencing of E. coli evolving in antibiotics	Microbe sample from Escherichia coli
SRR10554062	exp-1_well-E9_passage-30_subsample-3	exp-1_well-E9_passage-30_subsample-3	exp-1_well-E9_passage-30_subsample-3	NextSeq 500 sequencing: Barcode sequencing of E. coli evolving in antibiotics	Microbe sample from Escherichia coli
SRR10554063	exp-1_well-E9_passage-30_subsample-2	exp-1_well-E9_passage-30_subsample-2	exp-1_well-E9_passage-30_subsample-2	NextSeq 500 sequencing: Barcode sequencing of E. coli evolving in antibiotics	Microbe sample from Escherichia coli
SRR10554069	exp-1_well-E9_passage-26_subsample-1	exp-1_well-E9_passage-26_subsample-1	exp-1_well-E9_passage-26_subsample-1	NextSeq 500 sequencing: Barcode sequencing of E. coli evolving in antibiotics	Microbe sample from Escherichia coli
SRR10554071	exp-1_well-E9_passage-20_subsample-3	exp-1_well-E9_passage-20_subsample-3	exp-1_well-E9_passage-20_subsample-3	NextSeq 500 sequencing: Barcode sequencing of E. coli evolving in antibiotics	Microbe sample from Escherichia coli
SRR10554072	exp-1_well-E9_passage-20_subsample-2	exp-1_well-E9_passage-20_subsample-2	exp-1_well-E9_passage-20_subsample-2	NextSeq 500 sequencing: Barcode sequencing of E. coli evolving in antibiotics	Microbe sample from Escherichia coli
SRR10554087	exp-1_well-D8_passage-70_subsample-4	exp-1_well-D8_passage-70_subsample-4	exp-1_well-D8_passage-70_subsample-4	NextSeq 500 sequencing: Barcode sequencing of E. coli evolving in antibiotics	Microbe sample from Escherichia coli
SRR10554091	exp-1_well-D8_passage-70_subsample-1	exp-1_well-D8_passage-70_subsample-1	exp-1_well-D8_passage-70_subsample-1	NextSeq 500 sequencing: Barcode sequencing of E. coli evolving in antibiotics	Microbe sample from Escherichia coli
SRR10554098	exp-1_well-D8_passage-64_subsample-2	exp-1_well-D8_passage-64_subsample-2	exp-1_well-D8_passage-64_subsample-2	NextSeq 500 sequencing: Barcode sequencing of E. coli evolving in antibiotics	Microbe sample from Escherichia coli
SRR10554101	exp-1_well-D8_passage-58_subsample-4	exp-1_well-D8_passage-58_subsample-4	exp-1_well-D8_passage-58_subsample-4	NextSeq 500 sequencing: Barcode sequencing of E. coli evolving in antibiotics	Microbe sample from Escherichia coli
SRR10554104	exp-1_well-D8_passage-58_subsample-1	exp-1_well-D8_passage-58_subsample-1	exp-1_well-D8_passage-58_subsample-1	NextSeq 500 sequencing: Barcode sequencing of E. coli evolving in antibiotics	Microbe sample from Escherichia coli
SRR10554106	exp-1_well-D8_passage-54_subsample-3	exp-1_well-D8_passage-54_subsample-3	exp-1_well-D8_passage-54_subsample-3	NextSeq 500 sequencing: Barcode sequencing of E. coli evolving in antibiotics	Microbe sample from Escherichia coli
SRR10554115	exp-1_well-D8_passage-48_subsample-3	exp-1_well-D8_passage-48_subsample-3	exp-1_well-D8_passage-48_subsample-3	NextSeq 500 sequencing: Barcode sequencing of E. coli evolving in antibiotics	Microbe sample from Escherichia coli
SRR10554116	exp-1_well-D8_passage-48_subsample-2	exp-1_well-D8_passage-48_subsample-2	exp-1_well-D8_passage-48_subsample-2	NextSeq 500 sequencing: Barcode sequencing of E. coli evolving in antibiotics	Microbe sample from Escherichia coli
SRR10554120	exp-1_well-D8_passage-44_subsample-2	exp-1_well-D8_passage-44_subsample-2	exp-1_well-D8_passage-44_subsample-2	NextSeq 500 sequencing: Barcode sequencing of E. coli evolving in antibiotics	Microbe sample from Escherichia coli
SRR10554122	exp-1_well-B1_passage-20_subsample-1	exp-1_well-B1_passage-20_subsample-1	exp-1_well-B1_passage-20_subsample-1	NextSeq 500 sequencing: Barcode sequencing of E. coli evolving in antibiotics	Microbe sample from Escherichia coli
SRR10554125	exp-1_well-D8_passage-40_subsample-2	exp-1_well-D8_passage-40_subsample-2	exp-1_well-D8_passage-40_subsample-2	NextSeq 500 sequencing: Barcode sequencing of E. coli evolving in antibiotics	Microbe sample from Escherichia coli
SRR10554127	exp-1_well-D8_passage-38_subsample-4	exp-1_well-D8_passage-38_subsample-4	exp-1_well-D8_passage-38_subsample-4	NextSeq 500 sequencing: Barcode sequencing of E. coli evolving in antibiotics	Microbe sample from Escherichia coli
SRR10554128	exp-1_well-D8_passage-38_subsample-3	exp-1_well-D8_passage-38_subsample-3	exp-1_well-D8_passage-38_subsample-3	NextSeq 500 sequencing: Barcode sequencing of E. coli evolving in antibiotics	Microbe sample from Escherichia coli
SRR10554132	exp-1_well-D8_passage-30_subsample-3	exp-1_well-D8_passage-30_subsample-3	exp-1_well-D8_passage-30_subsample-3	NextSeq 500 sequencing: Barcode sequencing of E. coli evolving in antibiotics	Microbe sample from Escherichia coli
SRR10554138	exp-1_well-A1_passage-20_subsample-3	exp-1_well-A1_passage-20_subsample-3	exp-1_well-A1_passage-20_subsample-3	NextSeq 500 sequencing: Barcode sequencing of E. coli evolving in antibiotics	Microbe sample from Escherichia coli
SRR10554140	exp-1_well-A1_passage-08_subsample-1	exp-1_well-A1_passage-08_subsample-1	exp-1_well-A1_passage-08_subsample-1	NextSeq 500 sequencing: Barcode sequencing of E. coli evolving in antibiotics	Microbe sample from Escherichia coli
SRR10554141	exp-1_well-B5_passage-30_subsample-2	exp-1_well-B5_passage-30_subsample-2	exp-1_well-B5_passage-30_subsample-2	NextSeq 500 sequencing: Barcode sequencing of E. coli evolving in antibiotics	Microbe sample from Escherichia coli
SRR10554145	exp-1_well-B5_passage-26_subsample-3	exp-1_well-B5_passage-26_subsample-3	exp-1_well-B5_passage-26_subsample-3	NextSeq 500 sequencing: Barcode sequencing of E. coli evolving in antibiotics	Microbe sample from Escherichia coli
SRR10554146	exp-1_well-B5_passage-26_subsample-2	exp-1_well-B5_passage-26_subsample-2	exp-1_well-B5_passage-26_subsample-2	NextSeq 500 sequencing: Barcode sequencing of E. coli evolving in antibiotics	Microbe sample from Escherichia coli
SRR10554148	exp-1_well-B5_passage-20_subsample-4	exp-1_well-B5_passage-20_subsample-4	exp-1_well-B5_passage-20_subsample-4	NextSeq 500 sequencing: Barcode sequencing of E. coli evolving in antibiotics	Microbe sample from Escherichia coli
SRR10554152	exp-1_well-B5_passage-12_subsample-4	exp-1_well-B5_passage-12_subsample-4	exp-1_well-B5_passage-12_subsample-4	NextSeq 500 sequencing: Barcode sequencing of E. coli evolving in antibiotics	Microbe sample from Escherichia coli
SRR10554155	exp-1_well-B5_passage-12_subsample-2	exp-1_well-B5_passage-12_subsample-2	exp-1_well-B5_passage-12_subsample-2	NextSeq 500 sequencing: Barcode sequencing of E. coli evolving in antibiotics	Microbe sample from Escherichia coli
SRR10554165	exp-1_well-A1_passage-58_subsample-1	exp-1_well-A1_passage-58_subsample-1	exp-1_well-A1_passage-58_subsample-1	NextSeq 500 sequencing: Barcode sequencing of E. coli evolving in antibiotics	Microbe sample from Escherichia coli
SRR10554169	exp-1_well-A5_passage-68_subsample-1	exp-1_well-A5_passage-68_subsample-1	exp-1_well-A5_passage-68_subsample-1	NextSeq 500 sequencing: Barcode sequencing of E. coli evolving in antibiotics	Microbe sample from Escherichia coli
SRR10554172	exp-1_well-A5_passage-66_subsample-2	exp-1_well-A5_passage-66_subsample-2	exp-1_well-A5_passage-66_subsample-2	NextSeq 500 sequencing: Barcode sequencing of E. coli evolving in antibiotics	Microbe sample from Escherichia coli
SRR10554174	exp-1_well-A5_passage-62_subsample-4	exp-1_well-A5_passage-62_subsample-4	exp-1_well-A5_passage-62_subsample-4	NextSeq 500 sequencing: Barcode sequencing of E. coli evolving in antibiotics	Microbe sample from Escherichia coli
SRR10554184	exp-1_well-A5_passage-54_subsample-3	exp-1_well-A5_passage-54_subsample-3	exp-1_well-A5_passage-54_subsample-3	NextSeq 500 sequencing: Barcode sequencing of E. coli evolving in antibiotics	Microbe sample from Escherichia coli
SRR10554188	exp-1_well-A5_passage-52_subsample-4	exp-1_well-A5_passage-52_subsample-4	exp-1_well-A5_passage-52_subsample-4	NextSeq 500 sequencing: Barcode sequencing of E. coli evolving in antibiotics	Microbe sample from Escherichia coli
SRR10554189	exp-1_well-A5_passage-52_subsample-3	exp-1_well-A5_passage-52_subsample-3	exp-1_well-A5_passage-52_subsample-3	NextSeq 500 sequencing: Barcode sequencing of E. coli evolving in antibiotics	Microbe sample from Escherichia coli
SRR10554190	exp-1_well-A5_passage-52_subsample-2	exp-1_well-A5_passage-52_subsample-2	exp-1_well-A5_passage-52_subsample-2	NextSeq 500 sequencing: Barcode sequencing of E. coli evolving in antibiotics	Microbe sample from Escherichia coli
SRR10554193	exp-1_well-A5_passage-48_subsample-3	exp-1_well-A5_passage-48_subsample-3	exp-1_well-A5_passage-48_subsample-3	NextSeq 500 sequencing: Barcode sequencing of E. coli evolving in antibiotics	Microbe sample from Escherichia coli
SRR10554199	exp-1_well-A5_passage-44_subsample-2	exp-1_well-A5_passage-44_subsample-2	exp-1_well-A5_passage-44_subsample-2	NextSeq 500 sequencing: Barcode sequencing of E. coli evolving in antibiotics	Microbe sample from Escherichia coli
SRR10554201	exp-1_well-A5_passage-40_subsample-4	exp-1_well-A5_passage-40_subsample-4	exp-1_well-A5_passage-40_subsample-4	NextSeq 500 sequencing: Barcode sequencing of E. coli evolving in antibiotics	Microbe sample from Escherichia coli
SRR10554206	exp-1_well-A5_passage-34_subsample-3	exp-1_well-A5_passage-34_subsample-3	exp-1_well-A5_passage-34_subsample-3	NextSeq 500 sequencing: Barcode sequencing of E. coli evolving in antibiotics	Microbe sample from Escherichia coli
SRR10554207	exp-1_well-A5_passage-34_subsample-2	exp-1_well-A5_passage-34_subsample-2	exp-1_well-A5_passage-34_subsample-2	NextSeq 500 sequencing: Barcode sequencing of E. coli evolving in antibiotics	Microbe sample from Escherichia coli
SRR10554208	exp-1_well-A5_passage-34_subsample-1	exp-1_well-A5_passage-34_subsample-1	exp-1_well-A5_passage-34_subsample-1	NextSeq 500 sequencing: Barcode sequencing of E. coli evolving in antibiotics	Microbe sample from Escherichia coli
SRR10554209	exp-1_well-A1_passage-54_subsample-1	exp-1_well-A1_passage-54_subsample-1	exp-1_well-A1_passage-54_subsample-1	NextSeq 500 sequencing: Barcode sequencing of E. coli evolving in antibiotics	Microbe sample from Escherichia coli
SRR10554212	exp-1_well-A5_passage-30_subsample-3	exp-1_well-A5_passage-30_subsample-3	exp-1_well-A5_passage-30_subsample-3	NextSeq 500 sequencing: Barcode sequencing of E. coli evolving in antibiotics	Microbe sample from Escherichia coli
SRR10554214	exp-1_well-A5_passage-30_subsample-1	exp-1_well-A5_passage-30_subsample-1	exp-1_well-A5_passage-30_subsample-1	NextSeq 500 sequencing: Barcode sequencing of E. coli evolving in antibiotics	Microbe sample from Escherichia coli
SRR10554218	exp-1_well-A5_passage-26_subsample-1	exp-1_well-A5_passage-26_subsample-1	exp-1_well-A5_passage-26_subsample-1	NextSeq 500 sequencing: Barcode sequencing of E. coli evolving in antibiotics	Microbe sample from Escherichia coli
SRR10554221	exp-1_well-A1_passage-52_subsample-4	exp-1_well-A1_passage-52_subsample-4	exp-1_well-A1_passage-52_subsample-4	NextSeq 500 sequencing: Barcode sequencing of E. coli evolving in antibiotics	Microbe sample from Escherichia coli
SRR10554222	exp-1_well-A5_passage-20_subsample-2	exp-1_well-A5_passage-20_subsample-2	exp-1_well-A5_passage-20_subsample-2	NextSeq 500 sequencing: Barcode sequencing of E. coli evolving in antibiotics	Microbe sample from Escherichia coli
SRR10554223	exp-1_well-A5_passage-20_subsample-1	exp-1_well-A5_passage-20_subsample-1	exp-1_well-A5_passage-20_subsample-1	NextSeq 500 sequencing: Barcode sequencing of E. coli evolving in antibiotics	Microbe sample from Escherichia coli
SRR10554232	exp-1_well-A1_passage-52_subsample-3	exp-1_well-A1_passage-52_subsample-3	exp-1_well-A1_passage-52_subsample-3	NextSeq 500 sequencing: Barcode sequencing of E. coli evolving in antibiotics	Microbe sample from Escherichia coli
SRR10554233	exp-1_well-C3_passage-70_subsample-4	exp-1_well-C3_passage-70_subsample-4	exp-1_well-C3_passage-70_subsample-4	NextSeq 500 sequencing: Barcode sequencing of E. coli evolving in antibiotics	Microbe sample from Escherichia coli
SRR10554234	exp-1_well-C3_passage-70_subsample-3	exp-1_well-C3_passage-70_subsample-3	exp-1_well-C3_passage-70_subsample-3	NextSeq 500 sequencing: Barcode sequencing of E. coli evolving in antibiotics	Microbe sample from Escherichia coli
SRR10554247	exp-1_well-C3_passage-58_subsample-3	exp-1_well-C3_passage-58_subsample-3	exp-1_well-C3_passage-58_subsample-3	NextSeq 500 sequencing: Barcode sequencing of E. coli evolving in antibiotics	Microbe sample from Escherichia coli
SRR10554250	exp-1_well-C3_passage-54_subsample-4	exp-1_well-C3_passage-54_subsample-4	exp-1_well-C3_passage-54_subsample-4	NextSeq 500 sequencing: Barcode sequencing of E. coli evolving in antibiotics	Microbe sample from Escherichia coli
SRR10554251	exp-1_well-C3_passage-54_subsample-3	exp-1_well-C3_passage-54_subsample-3	exp-1_well-C3_passage-54_subsample-3	NextSeq 500 sequencing: Barcode sequencing of E. coli evolving in antibiotics	Microbe sample from Escherichia coli
SRR10554252	exp-1_well-C3_passage-54_subsample-2	exp-1_well-C3_passage-54_subsample-2	exp-1_well-C3_passage-54_subsample-2	NextSeq 500 sequencing: Barcode sequencing of E. coli evolving in antibiotics	Microbe sample from Escherichia coli
SRR10554253	exp-1_well-C3_passage-54_subsample-1	exp-1_well-C3_passage-54_subsample-1	exp-1_well-C3_passage-54_subsample-1	NextSeq 500 sequencing: Barcode sequencing of E. coli evolving in antibiotics	Microbe sample from Escherichia coli
SRR10554256	exp-1_well-C3_passage-52_subsample-3	exp-1_well-C3_passage-52_subsample-3	exp-1_well-C3_passage-52_subsample-3	NextSeq 500 sequencing: Barcode sequencing of E. coli evolving in antibiotics	Microbe sample from Escherichia coli
SRR10554257	exp-1_well-C3_passage-52_subsample-2	exp-1_well-C3_passage-52_subsample-2	exp-1_well-C3_passage-52_subsample-2	NextSeq 500 sequencing: Barcode sequencing of E. coli evolving in antibiotics	Microbe sample from Escherichia coli
SRR10554260	exp-1_well-C3_passage-48_subsample-3	exp-1_well-C3_passage-48_subsample-3	exp-1_well-C3_passage-48_subsample-3	NextSeq 500 sequencing: Barcode sequencing of E. coli evolving in antibiotics	Microbe sample from Escherichia coli
SRR10554275	exp-1_well-C3_passage-38_subsample-1	exp-1_well-C3_passage-38_subsample-1	exp-1_well-C3_passage-38_subsample-1	NextSeq 500 sequencing: Barcode sequencing of E. coli evolving in antibiotics	Microbe sample from Escherichia coli
SRR10554286	exp-1_well-C3_passage-20_subsample-3	exp-1_well-C3_passage-20_subsample-3	exp-1_well-C3_passage-20_subsample-3	NextSeq 500 sequencing: Barcode sequencing of E. coli evolving in antibiotics	Microbe sample from Escherichia coli
SRR10554297	exp-1_well-C3_passage-10_subsample-1	exp-1_well-C3_passage-10_subsample-1	exp-1_well-C3_passage-10_subsample-1	NextSeq 500 sequencing: Barcode sequencing of E. coli evolving in antibiotics	Microbe sample from Escherichia coli
SRR10554306	exp-1_well-B3_passage-70_subsample-1	exp-1_well-B3_passage-70_subsample-1	exp-1_well-B3_passage-70_subsample-1	NextSeq 500 sequencing: Barcode sequencing of E. coli evolving in antibiotics	Microbe sample from Escherichia coli
SRR10554308	exp-1_well-B3_passage-68_subsample-3	exp-1_well-B3_passage-68_subsample-3	exp-1_well-B3_passage-68_subsample-3	NextSeq 500 sequencing: Barcode sequencing of E. coli evolving in antibiotics	Microbe sample from Escherichia coli
SRR10554311	exp-1_well-B3_passage-68_subsample-1	exp-1_well-B3_passage-68_subsample-1	exp-1_well-B3_passage-68_subsample-1	NextSeq 500 sequencing: Barcode sequencing of E. coli evolving in antibiotics	Microbe sample from Escherichia coli
SRR10554316	exp-1_well-B3_passage-62_subsample-4	exp-1_well-B3_passage-62_subsample-4	exp-1_well-B3_passage-62_subsample-4	NextSeq 500 sequencing: Barcode sequencing of E. coli evolving in antibiotics	Microbe sample from Escherichia coli
SRR10554321	exp-1_well-A1_passage-08_subsample-4	exp-1_well-A1_passage-08_subsample-4	exp-1_well-A1_passage-08_subsample-4	NextSeq 500 sequencing: Barcode sequencing of E. coli evolving in antibiotics	Microbe sample from Escherichia coli
SRR10554328	exp-1_well-B3_passage-54_subsample-2	exp-1_well-B3_passage-54_subsample-2	exp-1_well-B3_passage-54_subsample-2	NextSeq 500 sequencing: Barcode sequencing of E. coli evolving in antibiotics	Microbe sample from Escherichia coli
SRR10554329	exp-1_well-B3_passage-54_subsample-1	exp-1_well-B3_passage-54_subsample-1	exp-1_well-B3_passage-54_subsample-1	NextSeq 500 sequencing: Barcode sequencing of E. coli evolving in antibiotics	Microbe sample from Escherichia coli
SRR10554343	exp-1_well-A1_passage-44_subsample-1	exp-1_well-A1_passage-44_subsample-1	exp-1_well-A1_passage-44_subsample-1	NextSeq 500 sequencing: Barcode sequencing of E. coli evolving in antibiotics	Microbe sample from Escherichia coli
SRR10554345	exp-1_well-B3_passage-40_subsample-3	exp-1_well-B3_passage-40_subsample-3	exp-1_well-B3_passage-40_subsample-3	NextSeq 500 sequencing: Barcode sequencing of E. coli evolving in antibiotics	Microbe sample from Escherichia coli
SRR10554349	exp-1_well-B3_passage-34_subsample-3	exp-1_well-B3_passage-34_subsample-3	exp-1_well-B3_passage-34_subsample-3	NextSeq 500 sequencing: Barcode sequencing of E. coli evolving in antibiotics	Microbe sample from Escherichia coli
SRR10554358	exp-1_well-B3_passage-26_subsample-3	exp-1_well-B3_passage-26_subsample-3	exp-1_well-B3_passage-26_subsample-3	NextSeq 500 sequencing: Barcode sequencing of E. coli evolving in antibiotics	Microbe sample from Escherichia coli
SRR10554364	exp-1_well-B3_passage-20_subsample-1	exp-1_well-B3_passage-20_subsample-1	exp-1_well-B3_passage-20_subsample-1	NextSeq 500 sequencing: Barcode sequencing of E. coli evolving in antibiotics	Microbe sample from Escherichia coli
SRR10554378	exp-1_well-A3_passage-70_subsample-1	exp-1_well-A3_passage-70_subsample-1	exp-1_well-A3_passage-70_subsample-1	NextSeq 500 sequencing: Barcode sequencing of E. coli evolving in antibiotics	Microbe sample from Escherichia coli
SRR10554383	exp-1_well-A3_passage-66_subsample-4	exp-1_well-A3_passage-66_subsample-4	exp-1_well-A3_passage-66_subsample-4	NextSeq 500 sequencing: Barcode sequencing of E. coli evolving in antibiotics	Microbe sample from Escherichia coli
SRR10554387	exp-1_well-A1_passage-40_subsample-1	exp-1_well-A1_passage-40_subsample-1	exp-1_well-A1_passage-40_subsample-1	NextSeq 500 sequencing: Barcode sequencing of E. coli evolving in antibiotics	Microbe sample from Escherichia coli
SRR10554404	exp-1_well-A3_passage-48_subsample-1	exp-1_well-A3_passage-48_subsample-1	exp-1_well-A3_passage-48_subsample-1	NextSeq 500 sequencing: Barcode sequencing of E. coli evolving in antibiotics	Microbe sample from Escherichia coli
SRR10554410	exp-1_well-A3_passage-40_subsample-4	exp-1_well-A3_passage-40_subsample-4	exp-1_well-A3_passage-40_subsample-4	NextSeq 500 sequencing: Barcode sequencing of E. coli evolving in antibiotics	Microbe sample from Escherichia coli
SRR10554420	exp-1_well-A1_passage-34_subsample-2	exp-1_well-A1_passage-34_subsample-2	exp-1_well-A1_passage-34_subsample-2	NextSeq 500 sequencing: Barcode sequencing of E. coli evolving in antibiotics	Microbe sample from Escherichia coli
SRR10554421	exp-1_well-A3_passage-30_subsample-2	exp-1_well-A3_passage-30_subsample-2	exp-1_well-A3_passage-30_subsample-2	NextSeq 500 sequencing: Barcode sequencing of E. coli evolving in antibiotics	Microbe sample from Escherichia coli
SRR10554426	exp-1_well-A3_passage-26_subsample-1	exp-1_well-A3_passage-26_subsample-1	exp-1_well-A3_passage-26_subsample-1	NextSeq 500 sequencing: Barcode sequencing of E. coli evolving in antibiotics	Microbe sample from Escherichia coli
SRR10554433	exp-1_well-A3_passage-12_subsample-4	exp-1_well-A3_passage-12_subsample-4	exp-1_well-A3_passage-12_subsample-4	NextSeq 500 sequencing: Barcode sequencing of E. coli evolving in antibiotics	Microbe sample from Escherichia coli
SRR10554440	exp-1_well-A3_passage-08_subsample-1	exp-1_well-A3_passage-08_subsample-1	exp-1_well-A3_passage-08_subsample-1	NextSeq 500 sequencing: Barcode sequencing of E. coli evolving in antibiotics	Microbe sample from Escherichia coli
SRR10554443	exp-1_well-A1_passage-30_subsample-4	exp-1_well-A1_passage-30_subsample-4	exp-1_well-A1_passage-30_subsample-4	NextSeq 500 sequencing: Barcode sequencing of E. coli evolving in antibiotics	Microbe sample from Escherichia coli
SRR10554453	exp-1_well-C1_passage-64_subsample-1	exp-1_well-C1_passage-64_subsample-1	exp-1_well-C1_passage-64_subsample-1	NextSeq 500 sequencing: Barcode sequencing of E. coli evolving in antibiotics	Microbe sample from Escherichia coli
SRR10554457	exp-1_well-C1_passage-58_subsample-2	exp-1_well-C1_passage-58_subsample-2	exp-1_well-C1_passage-58_subsample-2	NextSeq 500 sequencing: Barcode sequencing of E. coli evolving in antibiotics	Microbe sample from Escherichia coli
SRR10554458	exp-1_well-C1_passage-58_subsample-1	exp-1_well-C1_passage-58_subsample-1	exp-1_well-C1_passage-58_subsample-1	NextSeq 500 sequencing: Barcode sequencing of E. coli evolving in antibiotics	Microbe sample from Escherichia coli
SRR10554462	exp-1_well-C1_passage-54_subsample-1	exp-1_well-C1_passage-54_subsample-1	exp-1_well-C1_passage-54_subsample-1	NextSeq 500 sequencing: Barcode sequencing of E. coli evolving in antibiotics	Microbe sample from Escherichia coli
SRR10554468	exp-1_well-C1_passage-48_subsample-4	exp-1_well-C1_passage-48_subsample-4	exp-1_well-C1_passage-48_subsample-4	NextSeq 500 sequencing: Barcode sequencing of E. coli evolving in antibiotics	Microbe sample from Escherichia coli
SRR10554470	exp-1_well-C1_passage-48_subsample-2	exp-1_well-C1_passage-48_subsample-2	exp-1_well-C1_passage-48_subsample-2	NextSeq 500 sequencing: Barcode sequencing of E. coli evolving in antibiotics	Microbe sample from Escherichia coli
SRR10554471	exp-1_well-C1_passage-48_subsample-1	exp-1_well-C1_passage-48_subsample-1	exp-1_well-C1_passage-48_subsample-1	NextSeq 500 sequencing: Barcode sequencing of E. coli evolving in antibiotics	Microbe sample from Escherichia coli
SRR10554476	exp-1_well-A1_passage-30_subsample-1	exp-1_well-A1_passage-30_subsample-1	exp-1_well-A1_passage-30_subsample-1	NextSeq 500 sequencing: Barcode sequencing of E. coli evolving in antibiotics	Microbe sample from Escherichia coli
SRR10554481	exp-1_well-D8_passage-20_subsample-3	exp-1_well-D8_passage-20_subsample-3	exp-1_well-D8_passage-20_subsample-3	NextSeq 500 sequencing: Barcode sequencing of E. coli evolving in antibiotics	Microbe sample from Escherichia coli
SRR10554482	exp-1_well-D8_passage-20_subsample-2	exp-1_well-D8_passage-20_subsample-2	exp-1_well-D8_passage-20_subsample-2	NextSeq 500 sequencing: Barcode sequencing of E. coli evolving in antibiotics	Microbe sample from Escherichia coli
SRR10554491	exp-1_well-D8_passage-10_subsample-3	exp-1_well-D8_passage-10_subsample-3	exp-1_well-D8_passage-10_subsample-3	NextSeq 500 sequencing: Barcode sequencing of E. coli evolving in antibiotics	Microbe sample from Escherichia coli
SRR10554494	exp-1_well-D8_passage-08_subsample-4	exp-1_well-D8_passage-08_subsample-4	exp-1_well-D8_passage-08_subsample-4	NextSeq 500 sequencing: Barcode sequencing of E. coli evolving in antibiotics	Microbe sample from Escherichia coli
SRR10554522	exp-1_well-H7_passage-52_subsample-3	exp-1_well-H7_passage-52_subsample-3	exp-1_well-H7_passage-52_subsample-3	NextSeq 500 sequencing: Barcode sequencing of E. coli evolving in antibiotics	Microbe sample from Escherichia coli
SRR10554524	exp-1_well-H7_passage-52_subsample-1	exp-1_well-H7_passage-52_subsample-1	exp-1_well-H7_passage-52_subsample-1	NextSeq 500 sequencing: Barcode sequencing of E. coli evolving in antibiotics	Microbe sample from Escherichia coli
SRR10554527	exp-1_well-H7_passage-48_subsample-2	exp-1_well-H7_passage-48_subsample-2	exp-1_well-H7_passage-48_subsample-2	NextSeq 500 sequencing: Barcode sequencing of E. coli evolving in antibiotics	Microbe sample from Escherichia coli
SRR10554531	exp-1_well-H7_passage-44_subsample-3	exp-1_well-H7_passage-44_subsample-3	exp-1_well-H7_passage-44_subsample-3	NextSeq 500 sequencing: Barcode sequencing of E. coli evolving in antibiotics	Microbe sample from Escherichia coli
SRR10554545	exp-1_well-H7_passage-30_subsample-2	exp-1_well-H7_passage-30_subsample-2	exp-1_well-H7_passage-30_subsample-2	NextSeq 500 sequencing: Barcode sequencing of E. coli evolving in antibiotics	Microbe sample from Escherichia coli
SRR10554546	exp-1_well-H7_passage-30_subsample-1	exp-1_well-H7_passage-30_subsample-1	exp-1_well-H7_passage-30_subsample-1	NextSeq 500 sequencing: Barcode sequencing of E. coli evolving in antibiotics	Microbe sample from Escherichia coli
SRR10554556	exp-1_well-H7_passage-12_subsample-4	exp-1_well-H7_passage-12_subsample-4	exp-1_well-H7_passage-12_subsample-4	NextSeq 500 sequencing: Barcode sequencing of E. coli evolving in antibiotics	Microbe sample from Escherichia coli
SRR10554562	exp-1_well-A1_passage-70_subsample-4	exp-1_well-A1_passage-70_subsample-4	exp-1_well-A1_passage-70_subsample-4	NextSeq 500 sequencing: Barcode sequencing of E. coli evolving in antibiotics	Microbe sample from Escherichia coli
SRR10554566	exp-1_well-H7_passage-08_subsample-3	exp-1_well-H7_passage-08_subsample-3	exp-1_well-H7_passage-08_subsample-3	NextSeq 500 sequencing: Barcode sequencing of E. coli evolving in antibiotics	Microbe sample from Escherichia coli
SRR10554572	exp-1_well-G7_passage-70_subsample-1	exp-1_well-G7_passage-70_subsample-1	exp-1_well-G7_passage-70_subsample-1	NextSeq 500 sequencing: Barcode sequencing of E. coli evolving in antibiotics	Microbe sample from Escherichia coli
SRR10554577	exp-1_well-G7_passage-66_subsample-1	exp-1_well-G7_passage-66_subsample-1	exp-1_well-G7_passage-66_subsample-1	NextSeq 500 sequencing: Barcode sequencing of E. coli evolving in antibiotics	Microbe sample from Escherichia coli
SRR10554581	exp-1_well-G7_passage-64_subsample-1	exp-1_well-G7_passage-64_subsample-1	exp-1_well-G7_passage-64_subsample-1	NextSeq 500 sequencing: Barcode sequencing of E. coli evolving in antibiotics	Microbe sample from Escherichia coli
SRR10554582	exp-1_well-G7_passage-58_subsample-4	exp-1_well-G7_passage-58_subsample-4	exp-1_well-G7_passage-58_subsample-4	NextSeq 500 sequencing: Barcode sequencing of E. coli evolving in antibiotics	Microbe sample from Escherichia coli
SRR10554584	exp-1_well-A1_passage-70_subsample-2	exp-1_well-A1_passage-70_subsample-2	exp-1_well-A1_passage-70_subsample-2	NextSeq 500 sequencing: Barcode sequencing of E. coli evolving in antibiotics	Microbe sample from Escherichia coli
SRR10554588	exp-1_well-G7_passage-54_subsample-3	exp-1_well-G7_passage-54_subsample-3	exp-1_well-G7_passage-54_subsample-3	NextSeq 500 sequencing: Barcode sequencing of E. coli evolving in antibiotics	Microbe sample from Escherichia coli
SRR10554596	exp-1_well-A1_passage-12_subsample-3	exp-1_well-A1_passage-12_subsample-3	exp-1_well-A1_passage-12_subsample-3	NextSeq 500 sequencing: Barcode sequencing of E. coli evolving in antibiotics	Microbe sample from Escherichia coli
SRR10554597	exp-1_well-G7_passage-48_subsample-4	exp-1_well-G7_passage-48_subsample-4	exp-1_well-G7_passage-48_subsample-4	NextSeq 500 sequencing: Barcode sequencing of E. coli evolving in antibiotics	Microbe sample from Escherichia coli
SRR10554602	exp-1_well-G7_passage-44_subsample-3	exp-1_well-G7_passage-44_subsample-3	exp-1_well-G7_passage-44_subsample-3	NextSeq 500 sequencing: Barcode sequencing of E. coli evolving in antibiotics	Microbe sample from Escherichia coli
SRR10554605	exp-1_well-G7_passage-40_subsample-4	exp-1_well-G7_passage-40_subsample-4	exp-1_well-G7_passage-40_subsample-4	NextSeq 500 sequencing: Barcode sequencing of E. coli evolving in antibiotics	Microbe sample from Escherichia coli
SRR10554608	exp-1_well-G7_passage-40_subsample-2	exp-1_well-G7_passage-40_subsample-2	exp-1_well-G7_passage-40_subsample-2	NextSeq 500 sequencing: Barcode sequencing of E. coli evolving in antibiotics	Microbe sample from Escherichia coli
SRR10554615	exp-1_well-G7_passage-30_subsample-3	exp-1_well-G7_passage-30_subsample-3	exp-1_well-G7_passage-30_subsample-3	NextSeq 500 sequencing: Barcode sequencing of E. coli evolving in antibiotics	Microbe sample from Escherichia coli
SRR10554619	exp-1_well-G7_passage-26_subsample-4	exp-1_well-G7_passage-26_subsample-4	exp-1_well-G7_passage-26_subsample-4	NextSeq 500 sequencing: Barcode sequencing of E. coli evolving in antibiotics	Microbe sample from Escherichia coli
SRR10554625	exp-1_well-G7_passage-20_subsample-2	exp-1_well-G7_passage-20_subsample-2	exp-1_well-G7_passage-20_subsample-2	NextSeq 500 sequencing: Barcode sequencing of E. coli evolving in antibiotics	Microbe sample from Escherichia coli
SRR10554629	exp-1_well-A1_passage-68_subsample-2	exp-1_well-A1_passage-68_subsample-2	exp-1_well-A1_passage-68_subsample-2	NextSeq 500 sequencing: Barcode sequencing of E. coli evolving in antibiotics	Microbe sample from Escherichia coli
SRR10554630	exp-1_well-G7_passage-12_subsample-2	exp-1_well-G7_passage-12_subsample-2	exp-1_well-G7_passage-12_subsample-2	NextSeq 500 sequencing: Barcode sequencing of E. coli evolving in antibiotics	Microbe sample from Escherichia coli
SRR10554632	exp-1_well-G7_passage-10_subsample-4	exp-1_well-G7_passage-10_subsample-4	exp-1_well-G7_passage-10_subsample-4	NextSeq 500 sequencing: Barcode sequencing of E. coli evolving in antibiotics	Microbe sample from Escherichia coli
SRR10554656	exp-1_well-D6_passage-54_subsample-2	exp-1_well-D6_passage-54_subsample-2	exp-1_well-D6_passage-54_subsample-2	NextSeq 500 sequencing: Barcode sequencing of E. coli evolving in antibiotics	Microbe sample from Escherichia coli
SRR10554673	exp-1_well-A1_passage-66_subsample-2	exp-1_well-A1_passage-66_subsample-2	exp-1_well-A1_passage-66_subsample-2	NextSeq 500 sequencing: Barcode sequencing of E. coli evolving in antibiotics	Microbe sample from Escherichia coli
SRR10554679	exp-1_well-D6_passage-30_subsample-1	exp-1_well-D6_passage-30_subsample-1	exp-1_well-D6_passage-30_subsample-1	NextSeq 500 sequencing: Barcode sequencing of E. coli evolving in antibiotics	Microbe sample from Escherichia coli
SRR10554683	exp-1_well-D6_passage-26_subsample-1	exp-1_well-D6_passage-26_subsample-1	exp-1_well-D6_passage-26_subsample-1	NextSeq 500 sequencing: Barcode sequencing of E. coli evolving in antibiotics	Microbe sample from Escherichia coli
SRR10554692	exp-1_well-D6_passage-12_subsample-1	exp-1_well-D6_passage-12_subsample-1	exp-1_well-D6_passage-12_subsample-1	NextSeq 500 sequencing: Barcode sequencing of E. coli evolving in antibiotics	Microbe sample from Escherichia coli
SRR10554704	exp-1_well-B5_passage-68_subsample-2	exp-1_well-B5_passage-68_subsample-2	exp-1_well-B5_passage-68_subsample-2	NextSeq 500 sequencing: Barcode sequencing of E. coli evolving in antibiotics	Microbe sample from Escherichia coli
SRR10554706	exp-1_well-A1_passage-62_subsample-3	exp-1_well-A1_passage-62_subsample-3	exp-1_well-A1_passage-62_subsample-3	NextSeq 500 sequencing: Barcode sequencing of E. coli evolving in antibiotics	Microbe sample from Escherichia coli
SRR10554712	exp-1_well-B5_passage-62_subsample-4	exp-1_well-B5_passage-62_subsample-4	exp-1_well-B5_passage-62_subsample-4	NextSeq 500 sequencing: Barcode sequencing of E. coli evolving in antibiotics	Microbe sample from Escherichia coli
SRR10554714	exp-1_well-B5_passage-62_subsample-2	exp-1_well-B5_passage-62_subsample-2	exp-1_well-B5_passage-62_subsample-2	NextSeq 500 sequencing: Barcode sequencing of E. coli evolving in antibiotics	Microbe sample from Escherichia coli
SRR10554716	exp-1_well-B5_passage-58_subsample-4	exp-1_well-B5_passage-58_subsample-4	exp-1_well-B5_passage-58_subsample-4	NextSeq 500 sequencing: Barcode sequencing of E. coli evolving in antibiotics	Microbe sample from Escherichia coli
SRR10554717	exp-1_well-B5_passage-58_subsample-3	exp-1_well-B5_passage-58_subsample-3	exp-1_well-B5_passage-58_subsample-3	NextSeq 500 sequencing: Barcode sequencing of E. coli evolving in antibiotics	Microbe sample from Escherichia coli
SRR10554720	exp-1_well-B5_passage-58_subsample-1	exp-1_well-B5_passage-58_subsample-1	exp-1_well-B5_passage-58_subsample-1	NextSeq 500 sequencing: Barcode sequencing of E. coli evolving in antibiotics	Microbe sample from Escherichia coli
SRR10554724	exp-1_well-B5_passage-54_subsample-1	exp-1_well-B5_passage-54_subsample-1	exp-1_well-B5_passage-54_subsample-1	NextSeq 500 sequencing: Barcode sequencing of E. coli evolving in antibiotics	Microbe sample from Escherichia coli
SRR10554729	exp-1_well-A1_passage-62_subsample-1	exp-1_well-A1_passage-62_subsample-1	exp-1_well-A1_passage-62_subsample-1	NextSeq 500 sequencing: Barcode sequencing of E. coli evolving in antibiotics	Microbe sample from Escherichia coli
SRR10554733	exp-1_well-B5_passage-48_subsample-1	exp-1_well-B5_passage-48_subsample-1	exp-1_well-B5_passage-48_subsample-1	NextSeq 500 sequencing: Barcode sequencing of E. coli evolving in antibiotics	Microbe sample from Escherichia coli
SRR10554737	exp-1_well-B5_passage-44_subsample-1	exp-1_well-B5_passage-44_subsample-1	exp-1_well-B5_passage-44_subsample-1	NextSeq 500 sequencing: Barcode sequencing of E. coli evolving in antibiotics	Microbe sample from Escherichia coli
SRR10554738	exp-1_well-B5_passage-40_subsample-4	exp-1_well-B5_passage-40_subsample-4	exp-1_well-B5_passage-40_subsample-4	NextSeq 500 sequencing: Barcode sequencing of E. coli evolving in antibiotics	Microbe sample from Escherichia coli
SRR10553819	exp-1_well-C1_passage-26_subsample-3	exp-1_well-C1_passage-26_subsample-3	exp-1_well-C1_passage-26_subsample-3	NextSeq 500 sequencing: Barcode sequencing of E. coli evolving in antibiotics	Microbe sample from Escherichia coli
SRR10553820	exp-1_well-C1_passage-26_subsample-2	exp-1_well-C1_passage-26_subsample-2	exp-1_well-C1_passage-26_subsample-2	NextSeq 500 sequencing: Barcode sequencing of E. coli evolving in antibiotics	Microbe sample from Escherichia coli
SRR10553821	exp-1_well-C1_passage-26_subsample-1	exp-1_well-C1_passage-26_subsample-1	exp-1_well-C1_passage-26_subsample-1	NextSeq 500 sequencing: Barcode sequencing of E. coli evolving in antibiotics	Microbe sample from Escherichia coli
SRR10553834	exp-1_well-C1_passage-10_subsample-1	exp-1_well-C1_passage-10_subsample-1	exp-1_well-C1_passage-10_subsample-1	NextSeq 500 sequencing: Barcode sequencing of E. coli evolving in antibiotics	Microbe sample from Escherichia coli
SRR10553835	exp-1_well-C1_passage-08_subsample-4	exp-1_well-C1_passage-08_subsample-4	exp-1_well-C1_passage-08_subsample-4	NextSeq 500 sequencing: Barcode sequencing of E. coli evolving in antibiotics	Microbe sample from Escherichia coli
SRR10553842	exp-1_well-B1_passage-70_subsample-2	exp-1_well-B1_passage-70_subsample-2	exp-1_well-B1_passage-70_subsample-2	NextSeq 500 sequencing: Barcode sequencing of E. coli evolving in antibiotics	Microbe sample from Escherichia coli
SRR10553848	exp-1_well-A1_passage-26_subsample-1	exp-1_well-A1_passage-26_subsample-1	exp-1_well-A1_passage-26_subsample-1	NextSeq 500 sequencing: Barcode sequencing of E. coli evolving in antibiotics	Microbe sample from Escherichia coli
SRR10553851	exp-1_well-B1_passage-66_subsample-2	exp-1_well-B1_passage-66_subsample-2	exp-1_well-B1_passage-66_subsample-2	NextSeq 500 sequencing: Barcode sequencing of E. coli evolving in antibiotics	Microbe sample from Escherichia coli
SRR10553852	exp-1_well-B1_passage-66_subsample-1	exp-1_well-B1_passage-66_subsample-1	exp-1_well-B1_passage-66_subsample-1	NextSeq 500 sequencing: Barcode sequencing of E. coli evolving in antibiotics	Microbe sample from Escherichia coli
SRR10553857	exp-1_well-B1_passage-58_subsample-4	exp-1_well-B1_passage-58_subsample-4	exp-1_well-B1_passage-58_subsample-4	NextSeq 500 sequencing: Barcode sequencing of E. coli evolving in antibiotics	Microbe sample from Escherichia coli
SRR10553864	exp-1_well-B1_passage-54_subsample-2	exp-1_well-B1_passage-54_subsample-2	exp-1_well-B1_passage-54_subsample-2	NextSeq 500 sequencing: Barcode sequencing of E. coli evolving in antibiotics	Microbe sample from Escherichia coli
SRR10553867	exp-1_well-B1_passage-52_subsample-3	exp-1_well-B1_passage-52_subsample-3	exp-1_well-B1_passage-52_subsample-3	NextSeq 500 sequencing: Barcode sequencing of E. coli evolving in antibiotics	Microbe sample from Escherichia coli
SRR10553868	exp-1_well-B1_passage-52_subsample-2	exp-1_well-B1_passage-52_subsample-2	exp-1_well-B1_passage-52_subsample-2	NextSeq 500 sequencing: Barcode sequencing of E. coli evolving in antibiotics	Microbe sample from Escherichia coli
SRR10553869	exp-1_well-B1_passage-48_subsample-4	exp-1_well-B1_passage-48_subsample-4	exp-1_well-B1_passage-48_subsample-4	NextSeq 500 sequencing: Barcode sequencing of E. coli evolving in antibiotics	Microbe sample from Escherichia coli
SRR10553875	exp-1_well-D10_passage-70_subsample-3	exp-1_well-D10_passage-70_subsample-3	exp-1_well-D10_passage-70_subsample-3	NextSeq 500 sequencing: Barcode sequencing of E. coli evolving in antibiotics	Microbe sample from Escherichia coli
SRR10553877	exp-1_well-D10_passage-70_subsample-1	exp-1_well-D10_passage-70_subsample-1	exp-1_well-D10_passage-70_subsample-1	NextSeq 500 sequencing: Barcode sequencing of E. coli evolving in antibiotics	Microbe sample from Escherichia coli
SRR10553880	exp-1_well-D10_passage-66_subsample-3	exp-1_well-D10_passage-66_subsample-3	exp-1_well-D10_passage-66_subsample-3	NextSeq 500 sequencing: Barcode sequencing of E. coli evolving in antibiotics	Microbe sample from Escherichia coli
SRR10553883	exp-1_well-D10_passage-64_subsample-4	exp-1_well-D10_passage-64_subsample-4	exp-1_well-D10_passage-64_subsample-4	NextSeq 500 sequencing: Barcode sequencing of E. coli evolving in antibiotics	Microbe sample from Escherichia coli
SRR10553894	exp-1_well-D10_passage-54_subsample-2	exp-1_well-D10_passage-54_subsample-2	exp-1_well-D10_passage-54_subsample-2	NextSeq 500 sequencing: Barcode sequencing of E. coli evolving in antibiotics	Microbe sample from Escherichia coli
SRR10553904	exp-1_well-D10_passage-48_subsample-1	exp-1_well-D10_passage-48_subsample-1	exp-1_well-D10_passage-48_subsample-1	NextSeq 500 sequencing: Barcode sequencing of E. coli evolving in antibiotics	Microbe sample from Escherichia coli
SRR10553907	exp-1_well-D10_passage-44_subsample-2	exp-1_well-D10_passage-44_subsample-2	exp-1_well-D10_passage-44_subsample-2	NextSeq 500 sequencing: Barcode sequencing of E. coli evolving in antibiotics	Microbe sample from Escherichia coli
SRR10553908	exp-1_well-D10_passage-44_subsample-1	exp-1_well-D10_passage-44_subsample-1	exp-1_well-D10_passage-44_subsample-1	NextSeq 500 sequencing: Barcode sequencing of E. coli evolving in antibiotics	Microbe sample from Escherichia coli
SRR10553911	exp-1_well-B1_passage-40_subsample-4	exp-1_well-B1_passage-40_subsample-4	exp-1_well-B1_passage-40_subsample-4	NextSeq 500 sequencing: Barcode sequencing of E. coli evolving in antibiotics	Microbe sample from Escherichia coli
SRR10553917	exp-1_well-D10_passage-38_subsample-1	exp-1_well-D10_passage-38_subsample-1	exp-1_well-D10_passage-38_subsample-1	NextSeq 500 sequencing: Barcode sequencing of E. coli evolving in antibiotics	Microbe sample from Escherichia coli
SRR10553920	exp-1_well-D10_passage-30_subsample-2	exp-1_well-D10_passage-30_subsample-2	exp-1_well-D10_passage-30_subsample-2	NextSeq 500 sequencing: Barcode sequencing of E. coli evolving in antibiotics	Microbe sample from Escherichia coli
SRR10553925	exp-1_well-D10_passage-26_subsample-3	exp-1_well-D10_passage-26_subsample-3	exp-1_well-D10_passage-26_subsample-3	NextSeq 500 sequencing: Barcode sequencing of E. coli evolving in antibiotics	Microbe sample from Escherichia coli
SRR10553927	exp-1_well-D10_passage-26_subsample-1	exp-1_well-D10_passage-26_subsample-1	exp-1_well-D10_passage-26_subsample-1	NextSeq 500 sequencing: Barcode sequencing of E. coli evolving in antibiotics	Microbe sample from Escherichia coli
SRR10553935	exp-1_well-D10_passage-12_subsample-2	exp-1_well-D10_passage-12_subsample-2	exp-1_well-D10_passage-12_subsample-2	NextSeq 500 sequencing: Barcode sequencing of E. coli evolving in antibiotics	Microbe sample from Escherichia coli
SRR10553943	exp-1_well-D10_passage-08_subsample-2	exp-1_well-D10_passage-08_subsample-2	exp-1_well-D10_passage-08_subsample-2	NextSeq 500 sequencing: Barcode sequencing of E. coli evolving in antibiotics	Microbe sample from Escherichia coli
SRR10553945	exp-1_well-B1_passage-40_subsample-1	exp-1_well-B1_passage-40_subsample-1	exp-1_well-B1_passage-40_subsample-1	NextSeq 500 sequencing: Barcode sequencing of E. coli evolving in antibiotics	Microbe sample from Escherichia coli
SRR10553964	exp-1_well-F9_passage-54_subsample-3	exp-1_well-F9_passage-54_subsample-3	exp-1_well-F9_passage-54_subsample-3	NextSeq 500 sequencing: Barcode sequencing of E. coli evolving in antibiotics	Microbe sample from Escherichia coli
SRR10553966	exp-1_well-F9_passage-54_subsample-1	exp-1_well-F9_passage-54_subsample-1	exp-1_well-F9_passage-54_subsample-1	NextSeq 500 sequencing: Barcode sequencing of E. coli evolving in antibiotics	Microbe sample from Escherichia coli
SRR10553971	exp-1_well-F9_passage-52_subsample-1	exp-1_well-F9_passage-52_subsample-1	exp-1_well-F9_passage-52_subsample-1	NextSeq 500 sequencing: Barcode sequencing of E. coli evolving in antibiotics	Microbe sample from Escherichia coli
SRR10553975	exp-1_well-F9_passage-48_subsample-1	exp-1_well-F9_passage-48_subsample-1	exp-1_well-F9_passage-48_subsample-1	NextSeq 500 sequencing: Barcode sequencing of E. coli evolving in antibiotics	Microbe sample from Escherichia coli
SRR10553976	exp-1_well-F9_passage-44_subsample-4	exp-1_well-F9_passage-44_subsample-4	exp-1_well-F9_passage-44_subsample-4	NextSeq 500 sequencing: Barcode sequencing of E. coli evolving in antibiotics	Microbe sample from Escherichia coli
SRR10553988	exp-1_well-F9_passage-38_subsample-1	exp-1_well-F9_passage-38_subsample-1	exp-1_well-F9_passage-38_subsample-1	NextSeq 500 sequencing: Barcode sequencing of E. coli evolving in antibiotics	Microbe sample from Escherichia coli
SRR10553994	exp-1_well-F9_passage-26_subsample-4	exp-1_well-F9_passage-26_subsample-4	exp-1_well-F9_passage-26_subsample-4	NextSeq 500 sequencing: Barcode sequencing of E. coli evolving in antibiotics	Microbe sample from Escherichia coli
SRR10554000	exp-1_well-B1_passage-30_subsample-4	exp-1_well-B1_passage-30_subsample-4	exp-1_well-B1_passage-30_subsample-4	NextSeq 500 sequencing: Barcode sequencing of E. coli evolving in antibiotics	Microbe sample from Escherichia coli
SRR10554010	exp-1_well-F9_passage-10_subsample-1	exp-1_well-F9_passage-10_subsample-1	exp-1_well-F9_passage-10_subsample-1	NextSeq 500 sequencing: Barcode sequencing of E. coli evolving in antibiotics	Microbe sample from Escherichia coli
SRR10554013	exp-1_well-F9_passage-08_subsample-3	exp-1_well-F9_passage-08_subsample-3	exp-1_well-F9_passage-08_subsample-3	NextSeq 500 sequencing: Barcode sequencing of E. coli evolving in antibiotics	Microbe sample from Escherichia coli
SRR10554015	exp-1_well-F9_passage-08_subsample-1	exp-1_well-F9_passage-08_subsample-1	exp-1_well-F9_passage-08_subsample-1	NextSeq 500 sequencing: Barcode sequencing of E. coli evolving in antibiotics	Microbe sample from Escherichia coli
SRR10554016	exp-1_well-E9_passage-70_subsample-4	exp-1_well-E9_passage-70_subsample-4	exp-1_well-E9_passage-70_subsample-4	NextSeq 500 sequencing: Barcode sequencing of E. coli evolving in antibiotics	Microbe sample from Escherichia coli
SRR10554017	exp-1_well-E9_passage-70_subsample-3	exp-1_well-E9_passage-70_subsample-3	exp-1_well-E9_passage-70_subsample-3	NextSeq 500 sequencing: Barcode sequencing of E. coli evolving in antibiotics	Microbe sample from Escherichia coli
SRR10554029	exp-1_well-E9_passage-58_subsample-4	exp-1_well-E9_passage-58_subsample-4	exp-1_well-E9_passage-58_subsample-4	NextSeq 500 sequencing: Barcode sequencing of E. coli evolving in antibiotics	Microbe sample from Escherichia coli
SRR10554031	exp-1_well-E9_passage-58_subsample-2	exp-1_well-E9_passage-58_subsample-2	exp-1_well-E9_passage-58_subsample-2	NextSeq 500 sequencing: Barcode sequencing of E. coli evolving in antibiotics	Microbe sample from Escherichia coli
SRR10554038	exp-1_well-E9_passage-54_subsample-1	exp-1_well-E9_passage-54_subsample-1	exp-1_well-E9_passage-54_subsample-1	NextSeq 500 sequencing: Barcode sequencing of E. coli evolving in antibiotics	Microbe sample from Escherichia coli
SRR10554041	exp-1_well-E9_passage-52_subsample-2	exp-1_well-E9_passage-52_subsample-2	exp-1_well-E9_passage-52_subsample-2	NextSeq 500 sequencing: Barcode sequencing of E. coli evolving in antibiotics	Microbe sample from Escherichia coli
SRR10554046	exp-1_well-E9_passage-48_subsample-2	exp-1_well-E9_passage-48_subsample-2	exp-1_well-E9_passage-48_subsample-2	NextSeq 500 sequencing: Barcode sequencing of E. coli evolving in antibiotics	Microbe sample from Escherichia coli
SRR10554052	exp-1_well-E9_passage-40_subsample-4	exp-1_well-E9_passage-40_subsample-4	exp-1_well-E9_passage-40_subsample-4	NextSeq 500 sequencing: Barcode sequencing of E. coli evolving in antibiotics	Microbe sample from Escherichia coli
SRR10554053	exp-1_well-E9_passage-40_subsample-3	exp-1_well-E9_passage-40_subsample-3	exp-1_well-E9_passage-40_subsample-3	NextSeq 500 sequencing: Barcode sequencing of E. coli evolving in antibiotics	Microbe sample from Escherichia coli
SRR10554057	exp-1_well-E9_passage-38_subsample-4	exp-1_well-E9_passage-38_subsample-4	exp-1_well-E9_passage-38_subsample-4	NextSeq 500 sequencing: Barcode sequencing of E. coli evolving in antibiotics	Microbe sample from Escherichia coli
SRR10554064	exp-1_well-E9_passage-30_subsample-1	exp-1_well-E9_passage-30_subsample-1	exp-1_well-E9_passage-30_subsample-1	NextSeq 500 sequencing: Barcode sequencing of E. coli evolving in antibiotics	Microbe sample from Escherichia coli
SRR10554067	exp-1_well-B1_passage-26_subsample-2	exp-1_well-B1_passage-26_subsample-2	exp-1_well-B1_passage-26_subsample-2	NextSeq 500 sequencing: Barcode sequencing of E. coli evolving in antibiotics	Microbe sample from Escherichia coli
SRR10554070	exp-1_well-E9_passage-20_subsample-4	exp-1_well-E9_passage-20_subsample-4	exp-1_well-E9_passage-20_subsample-4	NextSeq 500 sequencing: Barcode sequencing of E. coli evolving in antibiotics	Microbe sample from Escherichia coli
SRR10554076	exp-1_well-E9_passage-12_subsample-2	exp-1_well-E9_passage-12_subsample-2	exp-1_well-E9_passage-12_subsample-2	NextSeq 500 sequencing: Barcode sequencing of E. coli evolving in antibiotics	Microbe sample from Escherichia coli
SRR10554084	exp-1_well-E9_passage-08_subsample-3	exp-1_well-E9_passage-08_subsample-3	exp-1_well-E9_passage-08_subsample-3	NextSeq 500 sequencing: Barcode sequencing of E. coli evolving in antibiotics	Microbe sample from Escherichia coli
SRR10554090	exp-1_well-D8_passage-70_subsample-2	exp-1_well-D8_passage-70_subsample-2	exp-1_well-D8_passage-70_subsample-2	NextSeq 500 sequencing: Barcode sequencing of E. coli evolving in antibiotics	Microbe sample from Escherichia coli
SRR10554093	exp-1_well-D8_passage-66_subsample-3	exp-1_well-D8_passage-66_subsample-3	exp-1_well-D8_passage-66_subsample-3	NextSeq 500 sequencing: Barcode sequencing of E. coli evolving in antibiotics	Microbe sample from Escherichia coli
SRR10554095	exp-1_well-D8_passage-66_subsample-1	exp-1_well-D8_passage-66_subsample-1	exp-1_well-D8_passage-66_subsample-1	NextSeq 500 sequencing: Barcode sequencing of E. coli evolving in antibiotics	Microbe sample from Escherichia coli
SRR10554096	exp-1_well-D8_passage-64_subsample-4	exp-1_well-D8_passage-64_subsample-4	exp-1_well-D8_passage-64_subsample-4	NextSeq 500 sequencing: Barcode sequencing of E. coli evolving in antibiotics	Microbe sample from Escherichia coli
SRR10554097	exp-1_well-D8_passage-64_subsample-3	exp-1_well-D8_passage-64_subsample-3	exp-1_well-D8_passage-64_subsample-3	NextSeq 500 sequencing: Barcode sequencing of E. coli evolving in antibiotics	Microbe sample from Escherichia coli
SRR10554102	exp-1_well-D8_passage-58_subsample-3	exp-1_well-D8_passage-58_subsample-3	exp-1_well-D8_passage-58_subsample-3	NextSeq 500 sequencing: Barcode sequencing of E. coli evolving in antibiotics	Microbe sample from Escherichia coli
SRR10554103	exp-1_well-D8_passage-58_subsample-2	exp-1_well-D8_passage-58_subsample-2	exp-1_well-D8_passage-58_subsample-2	NextSeq 500 sequencing: Barcode sequencing of E. coli evolving in antibiotics	Microbe sample from Escherichia coli
SRR10554131	exp-1_well-D8_passage-30_subsample-4	exp-1_well-D8_passage-30_subsample-4	exp-1_well-D8_passage-30_subsample-4	NextSeq 500 sequencing: Barcode sequencing of E. coli evolving in antibiotics	Microbe sample from Escherichia coli
SRR10554144	exp-1_well-B5_passage-26_subsample-4	exp-1_well-B5_passage-26_subsample-4	exp-1_well-B5_passage-26_subsample-4	NextSeq 500 sequencing: Barcode sequencing of E. coli evolving in antibiotics	Microbe sample from Escherichia coli
SRR10554150	exp-1_well-B5_passage-20_subsample-2	exp-1_well-B5_passage-20_subsample-2	exp-1_well-B5_passage-20_subsample-2	NextSeq 500 sequencing: Barcode sequencing of E. coli evolving in antibiotics	Microbe sample from Escherichia coli
SRR10554158	exp-1_well-B5_passage-08_subsample-3	exp-1_well-B5_passage-08_subsample-3	exp-1_well-B5_passage-08_subsample-3	NextSeq 500 sequencing: Barcode sequencing of E. coli evolving in antibiotics	Microbe sample from Escherichia coli
SRR10554159	exp-1_well-B5_passage-08_subsample-2	exp-1_well-B5_passage-08_subsample-2	exp-1_well-B5_passage-08_subsample-2	NextSeq 500 sequencing: Barcode sequencing of E. coli evolving in antibiotics	Microbe sample from Escherichia coli
SRR10554164	exp-1_well-A5_passage-70_subsample-1	exp-1_well-A5_passage-70_subsample-1	exp-1_well-A5_passage-70_subsample-1	NextSeq 500 sequencing: Barcode sequencing of E. coli evolving in antibiotics	Microbe sample from Escherichia coli
SRR10554175	exp-1_well-A5_passage-62_subsample-3	exp-1_well-A5_passage-62_subsample-3	exp-1_well-A5_passage-62_subsample-3	NextSeq 500 sequencing: Barcode sequencing of E. coli evolving in antibiotics	Microbe sample from Escherichia coli
SRR10554181	exp-1_well-A5_passage-58_subsample-2	exp-1_well-A5_passage-58_subsample-2	exp-1_well-A5_passage-58_subsample-2	NextSeq 500 sequencing: Barcode sequencing of E. coli evolving in antibiotics	Microbe sample from Escherichia coli
SRR10554186	exp-1_well-A5_passage-54_subsample-1	exp-1_well-A5_passage-54_subsample-1	exp-1_well-A5_passage-54_subsample-1	NextSeq 500 sequencing: Barcode sequencing of E. coli evolving in antibiotics	Microbe sample from Escherichia coli
SRR10554194	exp-1_well-A5_passage-48_subsample-2	exp-1_well-A5_passage-48_subsample-2	exp-1_well-A5_passage-48_subsample-2	NextSeq 500 sequencing: Barcode sequencing of E. coli evolving in antibiotics	Microbe sample from Escherichia coli
SRR10554195	exp-1_well-A5_passage-48_subsample-1	exp-1_well-A5_passage-48_subsample-1	exp-1_well-A5_passage-48_subsample-1	NextSeq 500 sequencing: Barcode sequencing of E. coli evolving in antibiotics	Microbe sample from Escherichia coli
SRR10554197	exp-1_well-A5_passage-44_subsample-3	exp-1_well-A5_passage-44_subsample-3	exp-1_well-A5_passage-44_subsample-3	NextSeq 500 sequencing: Barcode sequencing of E. coli evolving in antibiotics	Microbe sample from Escherichia coli
SRR10554203	exp-1_well-A5_passage-40_subsample-2	exp-1_well-A5_passage-40_subsample-2	exp-1_well-A5_passage-40_subsample-2	NextSeq 500 sequencing: Barcode sequencing of E. coli evolving in antibiotics	Microbe sample from Escherichia coli
SRR10554220	exp-1_well-A5_passage-20_subsample-3	exp-1_well-A5_passage-20_subsample-3	exp-1_well-A5_passage-20_subsample-3	NextSeq 500 sequencing: Barcode sequencing of E. coli evolving in antibiotics	Microbe sample from Escherichia coli
SRR10554225	exp-1_well-A5_passage-12_subsample-3	exp-1_well-A5_passage-12_subsample-3	exp-1_well-A5_passage-12_subsample-3	NextSeq 500 sequencing: Barcode sequencing of E. coli evolving in antibiotics	Microbe sample from Escherichia coli
SRR10554241	exp-1_well-C3_passage-64_subsample-4	exp-1_well-C3_passage-64_subsample-4	exp-1_well-C3_passage-64_subsample-4	NextSeq 500 sequencing: Barcode sequencing of E. coli evolving in antibiotics	Microbe sample from Escherichia coli
SRR10554242	exp-1_well-C3_passage-64_subsample-3	exp-1_well-C3_passage-64_subsample-3	exp-1_well-C3_passage-64_subsample-3	NextSeq 500 sequencing: Barcode sequencing of E. coli evolving in antibiotics	Microbe sample from Escherichia coli
SRR10554254	exp-1_well-A1_passage-52_subsample-1	exp-1_well-A1_passage-52_subsample-1	exp-1_well-A1_passage-52_subsample-1	NextSeq 500 sequencing: Barcode sequencing of E. coli evolving in antibiotics	Microbe sample from Escherichia coli
SRR10554255	exp-1_well-C3_passage-52_subsample-4	exp-1_well-C3_passage-52_subsample-4	exp-1_well-C3_passage-52_subsample-4	NextSeq 500 sequencing: Barcode sequencing of E. coli evolving in antibiotics	Microbe sample from Escherichia coli
SRR10554262	exp-1_well-C3_passage-48_subsample-1	exp-1_well-C3_passage-48_subsample-1	exp-1_well-C3_passage-48_subsample-1	NextSeq 500 sequencing: Barcode sequencing of E. coli evolving in antibiotics	Microbe sample from Escherichia coli
SRR10554269	exp-1_well-C3_passage-40_subsample-3	exp-1_well-C3_passage-40_subsample-3	exp-1_well-C3_passage-40_subsample-3	NextSeq 500 sequencing: Barcode sequencing of E. coli evolving in antibiotics	Microbe sample from Escherichia coli
SRR10554270	exp-1_well-C3_passage-40_subsample-2	exp-1_well-C3_passage-40_subsample-2	exp-1_well-C3_passage-40_subsample-2	NextSeq 500 sequencing: Barcode sequencing of E. coli evolving in antibiotics	Microbe sample from Escherichia coli
SRR10554273	exp-1_well-C3_passage-38_subsample-3	exp-1_well-C3_passage-38_subsample-3	exp-1_well-C3_passage-38_subsample-3	NextSeq 500 sequencing: Barcode sequencing of E. coli evolving in antibiotics	Microbe sample from Escherichia coli
SRR10554276	exp-1_well-A1_passage-48_subsample-3	exp-1_well-A1_passage-48_subsample-3	exp-1_well-A1_passage-48_subsample-3	NextSeq 500 sequencing: Barcode sequencing of E. coli evolving in antibiotics	Microbe sample from Escherichia coli
SRR10554277	exp-1_well-C3_passage-30_subsample-4	exp-1_well-C3_passage-30_subsample-4	exp-1_well-C3_passage-30_subsample-4	NextSeq 500 sequencing: Barcode sequencing of E. coli evolving in antibiotics	Microbe sample from Escherichia coli
SRR10554280	exp-1_well-C3_passage-30_subsample-1	exp-1_well-C3_passage-30_subsample-1	exp-1_well-C3_passage-30_subsample-1	NextSeq 500 sequencing: Barcode sequencing of E. coli evolving in antibiotics	Microbe sample from Escherichia coli
SRR10554282	exp-1_well-C3_passage-26_subsample-3	exp-1_well-C3_passage-26_subsample-3	exp-1_well-C3_passage-26_subsample-3	NextSeq 500 sequencing: Barcode sequencing of E. coli evolving in antibiotics	Microbe sample from Escherichia coli
SRR10554290	exp-1_well-C3_passage-12_subsample-4	exp-1_well-C3_passage-12_subsample-4	exp-1_well-C3_passage-12_subsample-4	NextSeq 500 sequencing: Barcode sequencing of E. coli evolving in antibiotics	Microbe sample from Escherichia coli
SRR10554312	exp-1_well-B3_passage-66_subsample-4	exp-1_well-B3_passage-66_subsample-4	exp-1_well-B3_passage-66_subsample-4	NextSeq 500 sequencing: Barcode sequencing of E. coli evolving in antibiotics	Microbe sample from Escherichia coli
SRR10554317	exp-1_well-B3_passage-62_subsample-3	exp-1_well-B3_passage-62_subsample-3	exp-1_well-B3_passage-62_subsample-3	NextSeq 500 sequencing: Barcode sequencing of E. coli evolving in antibiotics	Microbe sample from Escherichia coli
SRR10554322	exp-1_well-B3_passage-58_subsample-4	exp-1_well-B3_passage-58_subsample-4	exp-1_well-B3_passage-58_subsample-4	NextSeq 500 sequencing: Barcode sequencing of E. coli evolving in antibiotics	Microbe sample from Escherichia coli
SRR10554324	exp-1_well-B3_passage-58_subsample-2	exp-1_well-B3_passage-58_subsample-2	exp-1_well-B3_passage-58_subsample-2	NextSeq 500 sequencing: Barcode sequencing of E. coli evolving in antibiotics	Microbe sample from Escherichia coli
SRR10554325	exp-1_well-B3_passage-58_subsample-1	exp-1_well-B3_passage-58_subsample-1	exp-1_well-B3_passage-58_subsample-1	NextSeq 500 sequencing: Barcode sequencing of E. coli evolving in antibiotics	Microbe sample from Escherichia coli
SRR10554327	exp-1_well-B3_passage-54_subsample-3	exp-1_well-B3_passage-54_subsample-3	exp-1_well-B3_passage-54_subsample-3	NextSeq 500 sequencing: Barcode sequencing of E. coli evolving in antibiotics	Microbe sample from Escherichia coli
SRR10554334	exp-1_well-B3_passage-52_subsample-1	exp-1_well-B3_passage-52_subsample-1	exp-1_well-B3_passage-52_subsample-1	NextSeq 500 sequencing: Barcode sequencing of E. coli evolving in antibiotics	Microbe sample from Escherichia coli
SRR10554335	exp-1_well-B3_passage-48_subsample-4	exp-1_well-B3_passage-48_subsample-4	exp-1_well-B3_passage-48_subsample-4	NextSeq 500 sequencing: Barcode sequencing of E. coli evolving in antibiotics	Microbe sample from Escherichia coli
SRR10554346	exp-1_well-B3_passage-40_subsample-2	exp-1_well-B3_passage-40_subsample-2	exp-1_well-B3_passage-40_subsample-2	NextSeq 500 sequencing: Barcode sequencing of E. coli evolving in antibiotics	Microbe sample from Escherichia coli
SRR10554347	exp-1_well-B3_passage-40_subsample-1	exp-1_well-B3_passage-40_subsample-1	exp-1_well-B3_passage-40_subsample-1	NextSeq 500 sequencing: Barcode sequencing of E. coli evolving in antibiotics	Microbe sample from Escherichia coli
SRR10554353	exp-1_well-B3_passage-30_subsample-3	exp-1_well-B3_passage-30_subsample-3	exp-1_well-B3_passage-30_subsample-3	NextSeq 500 sequencing: Barcode sequencing of E. coli evolving in antibiotics	Microbe sample from Escherichia coli
SRR10554361	exp-1_well-B3_passage-20_subsample-4	exp-1_well-B3_passage-20_subsample-4	exp-1_well-B3_passage-20_subsample-4	NextSeq 500 sequencing: Barcode sequencing of E. coli evolving in antibiotics	Microbe sample from Escherichia coli
SRR10554362	exp-1_well-B3_passage-20_subsample-3	exp-1_well-B3_passage-20_subsample-3	exp-1_well-B3_passage-20_subsample-3	NextSeq 500 sequencing: Barcode sequencing of E. coli evolving in antibiotics	Microbe sample from Escherichia coli
SRR10554363	exp-1_well-B3_passage-20_subsample-2	exp-1_well-B3_passage-20_subsample-2	exp-1_well-B3_passage-20_subsample-2	NextSeq 500 sequencing: Barcode sequencing of E. coli evolving in antibiotics	Microbe sample from Escherichia coli
SRR10554366	exp-1_well-B3_passage-12_subsample-4	exp-1_well-B3_passage-12_subsample-4	exp-1_well-B3_passage-12_subsample-4	NextSeq 500 sequencing: Barcode sequencing of E. coli evolving in antibiotics	Microbe sample from Escherichia coli
SRR10554369	exp-1_well-B3_passage-12_subsample-1	exp-1_well-B3_passage-12_subsample-1	exp-1_well-B3_passage-12_subsample-1	NextSeq 500 sequencing: Barcode sequencing of E. coli evolving in antibiotics	Microbe sample from Escherichia coli
SRR10554379	exp-1_well-A3_passage-68_subsample-4	exp-1_well-A3_passage-68_subsample-4	exp-1_well-A3_passage-68_subsample-4	NextSeq 500 sequencing: Barcode sequencing of E. coli evolving in antibiotics	Microbe sample from Escherichia coli
SRR10554382	exp-1_well-A3_passage-68_subsample-1	exp-1_well-A3_passage-68_subsample-1	exp-1_well-A3_passage-68_subsample-1	NextSeq 500 sequencing: Barcode sequencing of E. coli evolving in antibiotics	Microbe sample from Escherichia coli
SRR10554386	exp-1_well-A3_passage-66_subsample-1	exp-1_well-A3_passage-66_subsample-1	exp-1_well-A3_passage-66_subsample-1	NextSeq 500 sequencing: Barcode sequencing of E. coli evolving in antibiotics	Microbe sample from Escherichia coli
SRR10554388	exp-1_well-A3_passage-62_subsample-4	exp-1_well-A3_passage-62_subsample-4	exp-1_well-A3_passage-62_subsample-4	NextSeq 500 sequencing: Barcode sequencing of E. coli evolving in antibiotics	Microbe sample from Escherichia coli
SRR10554397	exp-1_well-A3_passage-52_subsample-3	exp-1_well-A3_passage-52_subsample-3	exp-1_well-A3_passage-52_subsample-3	NextSeq 500 sequencing: Barcode sequencing of E. coli evolving in antibiotics	Microbe sample from Escherichia coli
SRR10554399	exp-1_well-A3_passage-52_subsample-2	exp-1_well-A3_passage-52_subsample-2	exp-1_well-A3_passage-52_subsample-2	NextSeq 500 sequencing: Barcode sequencing of E. coli evolving in antibiotics	Microbe sample from Escherichia coli
SRR10554401	exp-1_well-A3_passage-48_subsample-4	exp-1_well-A3_passage-48_subsample-4	exp-1_well-A3_passage-48_subsample-4	NextSeq 500 sequencing: Barcode sequencing of E. coli evolving in antibiotics	Microbe sample from Escherichia coli
SRR10554411	exp-1_well-A3_passage-40_subsample-3	exp-1_well-A3_passage-40_subsample-3	exp-1_well-A3_passage-40_subsample-3	NextSeq 500 sequencing: Barcode sequencing of E. coli evolving in antibiotics	Microbe sample from Escherichia coli
SRR10554412	exp-1_well-A3_passage-40_subsample-2	exp-1_well-A3_passage-40_subsample-2	exp-1_well-A3_passage-40_subsample-2	NextSeq 500 sequencing: Barcode sequencing of E. coli evolving in antibiotics	Microbe sample from Escherichia coli
SRR10554416	exp-1_well-A3_passage-34_subsample-2	exp-1_well-A3_passage-34_subsample-2	exp-1_well-A3_passage-34_subsample-2	NextSeq 500 sequencing: Barcode sequencing of E. coli evolving in antibiotics	Microbe sample from Escherichia coli
SRR10554422	exp-1_well-A3_passage-30_subsample-1	exp-1_well-A3_passage-30_subsample-1	exp-1_well-A3_passage-30_subsample-1	NextSeq 500 sequencing: Barcode sequencing of E. coli evolving in antibiotics	Microbe sample from Escherichia coli
SRR10554429	exp-1_well-A3_passage-20_subsample-2	exp-1_well-A3_passage-20_subsample-2	exp-1_well-A3_passage-20_subsample-2	NextSeq 500 sequencing: Barcode sequencing of E. coli evolving in antibiotics	Microbe sample from Escherichia coli
SRR10554430	exp-1_well-A3_passage-20_subsample-1	exp-1_well-A3_passage-20_subsample-1	exp-1_well-A3_passage-20_subsample-1	NextSeq 500 sequencing: Barcode sequencing of E. coli evolving in antibiotics	Microbe sample from Escherichia coli
SRR10554444	exp-1_well-C1_passage-70_subsample-2	exp-1_well-C1_passage-70_subsample-2	exp-1_well-C1_passage-70_subsample-2	NextSeq 500 sequencing: Barcode sequencing of E. coli evolving in antibiotics	Microbe sample from Escherichia coli
SRR10554446	exp-1_well-C1_passage-66_subsample-4	exp-1_well-C1_passage-66_subsample-4	exp-1_well-C1_passage-66_subsample-4	NextSeq 500 sequencing: Barcode sequencing of E. coli evolving in antibiotics	Microbe sample from Escherichia coli
SRR10554447	exp-1_well-C1_passage-66_subsample-3	exp-1_well-C1_passage-66_subsample-3	exp-1_well-C1_passage-66_subsample-3	NextSeq 500 sequencing: Barcode sequencing of E. coli evolving in antibiotics	Microbe sample from Escherichia coli
SRR10554454	exp-1_well-A1_passage-30_subsample-3	exp-1_well-A1_passage-30_subsample-3	exp-1_well-A1_passage-30_subsample-3	NextSeq 500 sequencing: Barcode sequencing of E. coli evolving in antibiotics	Microbe sample from Escherichia coli
SRR10554455	exp-1_well-C1_passage-58_subsample-4	exp-1_well-C1_passage-58_subsample-4	exp-1_well-C1_passage-58_subsample-4	NextSeq 500 sequencing: Barcode sequencing of E. coli evolving in antibiotics	Microbe sample from Escherichia coli
SRR10554460	exp-1_well-C1_passage-54_subsample-3	exp-1_well-C1_passage-54_subsample-3	exp-1_well-C1_passage-54_subsample-3	NextSeq 500 sequencing: Barcode sequencing of E. coli evolving in antibiotics	Microbe sample from Escherichia coli
SRR10554461	exp-1_well-C1_passage-54_subsample-2	exp-1_well-C1_passage-54_subsample-2	exp-1_well-C1_passage-54_subsample-2	NextSeq 500 sequencing: Barcode sequencing of E. coli evolving in antibiotics	Microbe sample from Escherichia coli
SRR10554474	exp-1_well-C1_passage-44_subsample-2	exp-1_well-C1_passage-44_subsample-2	exp-1_well-C1_passage-44_subsample-2	NextSeq 500 sequencing: Barcode sequencing of E. coli evolving in antibiotics	Microbe sample from Escherichia coli
SRR10554478	exp-1_well-D8_passage-26_subsample-2	exp-1_well-D8_passage-26_subsample-2	exp-1_well-D8_passage-26_subsample-2	NextSeq 500 sequencing: Barcode sequencing of E. coli evolving in antibiotics	Microbe sample from Escherichia coli
SRR10554479	exp-1_well-D8_passage-26_subsample-1	exp-1_well-D8_passage-26_subsample-1	exp-1_well-D8_passage-26_subsample-1	NextSeq 500 sequencing: Barcode sequencing of E. coli evolving in antibiotics	Microbe sample from Escherichia coli
SRR10554480	exp-1_well-D8_passage-20_subsample-4	exp-1_well-D8_passage-20_subsample-4	exp-1_well-D8_passage-20_subsample-4	NextSeq 500 sequencing: Barcode sequencing of E. coli evolving in antibiotics	Microbe sample from Escherichia coli
SRR10554487	exp-1_well-D8_passage-12_subsample-3	exp-1_well-D8_passage-12_subsample-3	exp-1_well-D8_passage-12_subsample-3	NextSeq 500 sequencing: Barcode sequencing of E. coli evolving in antibiotics	Microbe sample from Escherichia coli
SRR10554504	exp-1_well-H7_passage-66_subsample-3	exp-1_well-H7_passage-66_subsample-3	exp-1_well-H7_passage-66_subsample-3	NextSeq 500 sequencing: Barcode sequencing of E. coli evolving in antibiotics	Microbe sample from Escherichia coli
SRR10554507	exp-1_well-B1_passage-12_subsample-1	exp-1_well-B1_passage-12_subsample-1	exp-1_well-B1_passage-12_subsample-1	NextSeq 500 sequencing: Barcode sequencing of E. coli evolving in antibiotics	Microbe sample from Escherichia coli
SRR10554508	exp-1_well-H7_passage-64_subsample-4	exp-1_well-H7_passage-64_subsample-4	exp-1_well-H7_passage-64_subsample-4	NextSeq 500 sequencing: Barcode sequencing of E. coli evolving in antibiotics	Microbe sample from Escherichia coli
SRR10554510	exp-1_well-H7_passage-64_subsample-2	exp-1_well-H7_passage-64_subsample-2	exp-1_well-H7_passage-64_subsample-2	NextSeq 500 sequencing: Barcode sequencing of E. coli evolving in antibiotics	Microbe sample from Escherichia coli
SRR10554517	exp-1_well-H7_passage-54_subsample-3	exp-1_well-H7_passage-54_subsample-3	exp-1_well-H7_passage-54_subsample-3	NextSeq 500 sequencing: Barcode sequencing of E. coli evolving in antibiotics	Microbe sample from Escherichia coli
SRR10554519	exp-1_well-H7_passage-54_subsample-2	exp-1_well-H7_passage-54_subsample-2	exp-1_well-H7_passage-54_subsample-2	NextSeq 500 sequencing: Barcode sequencing of E. coli evolving in antibiotics	Microbe sample from Escherichia coli
SRR10554520	exp-1_well-H7_passage-54_subsample-1	exp-1_well-H7_passage-54_subsample-1	exp-1_well-H7_passage-54_subsample-1	NextSeq 500 sequencing: Barcode sequencing of E. coli evolving in antibiotics	Microbe sample from Escherichia coli
SRR10554525	exp-1_well-H7_passage-48_subsample-4	exp-1_well-H7_passage-48_subsample-4	exp-1_well-H7_passage-48_subsample-4	NextSeq 500 sequencing: Barcode sequencing of E. coli evolving in antibiotics	Microbe sample from Escherichia coli
SRR10554533	exp-1_well-H7_passage-44_subsample-1	exp-1_well-H7_passage-44_subsample-1	exp-1_well-H7_passage-44_subsample-1	NextSeq 500 sequencing: Barcode sequencing of E. coli evolving in antibiotics	Microbe sample from Escherichia coli
SRR10554548	exp-1_well-H7_passage-26_subsample-3	exp-1_well-H7_passage-26_subsample-3	exp-1_well-H7_passage-26_subsample-3	NextSeq 500 sequencing: Barcode sequencing of E. coli evolving in antibiotics	Microbe sample from Escherichia coli
SRR10554550	exp-1_well-H7_passage-26_subsample-1	exp-1_well-H7_passage-26_subsample-1	exp-1_well-H7_passage-26_subsample-1	NextSeq 500 sequencing: Barcode sequencing of E. coli evolving in antibiotics	Microbe sample from Escherichia coli
SRR10554554	exp-1_well-H7_passage-20_subsample-2	exp-1_well-H7_passage-20_subsample-2	exp-1_well-H7_passage-20_subsample-2	NextSeq 500 sequencing: Barcode sequencing of E. coli evolving in antibiotics	Microbe sample from Escherichia coli
SRR10554559	exp-1_well-H7_passage-12_subsample-1	exp-1_well-H7_passage-12_subsample-1	exp-1_well-H7_passage-12_subsample-1	NextSeq 500 sequencing: Barcode sequencing of E. coli evolving in antibiotics	Microbe sample from Escherichia coli
SRR10554568	exp-1_well-H7_passage-08_subsample-1	exp-1_well-H7_passage-08_subsample-1	exp-1_well-H7_passage-08_subsample-1	NextSeq 500 sequencing: Barcode sequencing of E. coli evolving in antibiotics	Microbe sample from Escherichia coli
SRR10554569	exp-1_well-G7_passage-70_subsample-4	exp-1_well-G7_passage-70_subsample-4	exp-1_well-G7_passage-70_subsample-4	NextSeq 500 sequencing: Barcode sequencing of E. coli evolving in antibiotics	Microbe sample from Escherichia coli
SRR10554578	exp-1_well-G7_passage-64_subsample-4	exp-1_well-G7_passage-64_subsample-4	exp-1_well-G7_passage-64_subsample-4	NextSeq 500 sequencing: Barcode sequencing of E. coli evolving in antibiotics	Microbe sample from Escherichia coli
SRR10554580	exp-1_well-G7_passage-64_subsample-2	exp-1_well-G7_passage-64_subsample-2	exp-1_well-G7_passage-64_subsample-2	NextSeq 500 sequencing: Barcode sequencing of E. coli evolving in antibiotics	Microbe sample from Escherichia coli
SRR10554585	exp-1_well-G7_passage-58_subsample-2	exp-1_well-G7_passage-58_subsample-2	exp-1_well-G7_passage-58_subsample-2	NextSeq 500 sequencing: Barcode sequencing of E. coli evolving in antibiotics	Microbe sample from Escherichia coli
SRR10554589	exp-1_well-G7_passage-54_subsample-2	exp-1_well-G7_passage-54_subsample-2	exp-1_well-G7_passage-54_subsample-2	NextSeq 500 sequencing: Barcode sequencing of E. coli evolving in antibiotics	Microbe sample from Escherichia coli
SRR10554590	exp-1_well-G7_passage-54_subsample-1	exp-1_well-G7_passage-54_subsample-1	exp-1_well-G7_passage-54_subsample-1	NextSeq 500 sequencing: Barcode sequencing of E. coli evolving in antibiotics	Microbe sample from Escherichia coli
SRR10554592	exp-1_well-G7_passage-52_subsample-3	exp-1_well-G7_passage-52_subsample-3	exp-1_well-G7_passage-52_subsample-3	NextSeq 500 sequencing: Barcode sequencing of E. coli evolving in antibiotics	Microbe sample from Escherichia coli
SRR10554594	exp-1_well-G7_passage-52_subsample-1	exp-1_well-G7_passage-52_subsample-1	exp-1_well-G7_passage-52_subsample-1	NextSeq 500 sequencing: Barcode sequencing of E. coli evolving in antibiotics	Microbe sample from Escherichia coli
SRR10554598	exp-1_well-G7_passage-48_subsample-3	exp-1_well-G7_passage-48_subsample-3	exp-1_well-G7_passage-48_subsample-3	NextSeq 500 sequencing: Barcode sequencing of E. coli evolving in antibiotics	Microbe sample from Escherichia coli
SRR10554603	exp-1_well-G7_passage-44_subsample-2	exp-1_well-G7_passage-44_subsample-2	exp-1_well-G7_passage-44_subsample-2	NextSeq 500 sequencing: Barcode sequencing of E. coli evolving in antibiotics	Microbe sample from Escherichia coli
SRR10554609	exp-1_well-G7_passage-40_subsample-1	exp-1_well-G7_passage-40_subsample-1	exp-1_well-G7_passage-40_subsample-1	NextSeq 500 sequencing: Barcode sequencing of E. coli evolving in antibiotics	Microbe sample from Escherichia coli
SRR10554612	exp-1_well-G7_passage-38_subsample-2	exp-1_well-G7_passage-38_subsample-2	exp-1_well-G7_passage-38_subsample-2	NextSeq 500 sequencing: Barcode sequencing of E. coli evolving in antibiotics	Microbe sample from Escherichia coli
SRR10554622	exp-1_well-G7_passage-26_subsample-1	exp-1_well-G7_passage-26_subsample-1	exp-1_well-G7_passage-26_subsample-1	NextSeq 500 sequencing: Barcode sequencing of E. coli evolving in antibiotics	Microbe sample from Escherichia coli
SRR10554624	exp-1_well-G7_passage-20_subsample-3	exp-1_well-G7_passage-20_subsample-3	exp-1_well-G7_passage-20_subsample-3	NextSeq 500 sequencing: Barcode sequencing of E. coli evolving in antibiotics	Microbe sample from Escherichia coli
SRR10554628	exp-1_well-G7_passage-12_subsample-3	exp-1_well-G7_passage-12_subsample-3	exp-1_well-G7_passage-12_subsample-3	NextSeq 500 sequencing: Barcode sequencing of E. coli evolving in antibiotics	Microbe sample from Escherichia coli
SRR10554633	exp-1_well-G7_passage-10_subsample-3	exp-1_well-G7_passage-10_subsample-3	exp-1_well-G7_passage-10_subsample-3	NextSeq 500 sequencing: Barcode sequencing of E. coli evolving in antibiotics	Microbe sample from Escherichia coli
SRR10554639	exp-1_well-G7_passage-08_subsample-1	exp-1_well-G7_passage-08_subsample-1	exp-1_well-G7_passage-08_subsample-1	NextSeq 500 sequencing: Barcode sequencing of E. coli evolving in antibiotics	Microbe sample from Escherichia coli
SRR10554654	exp-1_well-D6_passage-54_subsample-4	exp-1_well-D6_passage-54_subsample-4	exp-1_well-D6_passage-54_subsample-4	NextSeq 500 sequencing: Barcode sequencing of E. coli evolving in antibiotics	Microbe sample from Escherichia coli
SRR10554660	exp-1_well-D6_passage-52_subsample-2	exp-1_well-D6_passage-52_subsample-2	exp-1_well-D6_passage-52_subsample-2	NextSeq 500 sequencing: Barcode sequencing of E. coli evolving in antibiotics	Microbe sample from Escherichia coli
SRR10554663	exp-1_well-D6_passage-48_subsample-4	exp-1_well-D6_passage-48_subsample-4	exp-1_well-D6_passage-48_subsample-4	NextSeq 500 sequencing: Barcode sequencing of E. coli evolving in antibiotics	Microbe sample from Escherichia coli
SRR10554666	exp-1_well-D6_passage-48_subsample-1	exp-1_well-D6_passage-48_subsample-1	exp-1_well-D6_passage-48_subsample-1	NextSeq 500 sequencing: Barcode sequencing of E. coli evolving in antibiotics	Microbe sample from Escherichia coli
SRR10554668	exp-1_well-D6_passage-44_subsample-3	exp-1_well-D6_passage-44_subsample-3	exp-1_well-D6_passage-44_subsample-3	NextSeq 500 sequencing: Barcode sequencing of E. coli evolving in antibiotics	Microbe sample from Escherichia coli
SRR10554671	exp-1_well-D6_passage-40_subsample-4	exp-1_well-D6_passage-40_subsample-4	exp-1_well-D6_passage-40_subsample-4	NextSeq 500 sequencing: Barcode sequencing of E. coli evolving in antibiotics	Microbe sample from Escherichia coli
SRR10554675	exp-1_well-D6_passage-40_subsample-1	exp-1_well-D6_passage-40_subsample-1	exp-1_well-D6_passage-40_subsample-1	NextSeq 500 sequencing: Barcode sequencing of E. coli evolving in antibiotics	Microbe sample from Escherichia coli
SRR10554681	exp-1_well-D6_passage-26_subsample-3	exp-1_well-D6_passage-26_subsample-3	exp-1_well-D6_passage-26_subsample-3	NextSeq 500 sequencing: Barcode sequencing of E. coli evolving in antibiotics	Microbe sample from Escherichia coli
SRR10554684	exp-1_well-A1_passage-66_subsample-1	exp-1_well-A1_passage-66_subsample-1	exp-1_well-A1_passage-66_subsample-1	NextSeq 500 sequencing: Barcode sequencing of E. coli evolving in antibiotics	Microbe sample from Escherichia coli
SRR10554688	exp-1_well-D6_passage-20_subsample-1	exp-1_well-D6_passage-20_subsample-1	exp-1_well-D6_passage-20_subsample-1	NextSeq 500 sequencing: Barcode sequencing of E. coli evolving in antibiotics	Microbe sample from Escherichia coli
SRR10554703	exp-1_well-B5_passage-68_subsample-3	exp-1_well-B5_passage-68_subsample-3	exp-1_well-B5_passage-68_subsample-3	NextSeq 500 sequencing: Barcode sequencing of E. coli evolving in antibiotics	Microbe sample from Escherichia coli
SRR10554709	exp-1_well-B5_passage-66_subsample-3	exp-1_well-B5_passage-66_subsample-3	exp-1_well-B5_passage-66_subsample-3	NextSeq 500 sequencing: Barcode sequencing of E. coli evolving in antibiotics	Microbe sample from Escherichia coli
SRR10554710	exp-1_well-B5_passage-66_subsample-2	exp-1_well-B5_passage-66_subsample-2	exp-1_well-B5_passage-66_subsample-2	NextSeq 500 sequencing: Barcode sequencing of E. coli evolving in antibiotics	Microbe sample from Escherichia coli
SRR10554715	exp-1_well-B5_passage-62_subsample-1	exp-1_well-B5_passage-62_subsample-1	exp-1_well-B5_passage-62_subsample-1	NextSeq 500 sequencing: Barcode sequencing of E. coli evolving in antibiotics	Microbe sample from Escherichia coli
SRR10554726	exp-1_well-B5_passage-52_subsample-3	exp-1_well-B5_passage-52_subsample-3	exp-1_well-B5_passage-52_subsample-3	NextSeq 500 sequencing: Barcode sequencing of E. coli evolving in antibiotics	Microbe sample from Escherichia coli
SRR10554731	exp-1_well-B5_passage-48_subsample-3	exp-1_well-B5_passage-48_subsample-3	exp-1_well-B5_passage-48_subsample-3	NextSeq 500 sequencing: Barcode sequencing of E. coli evolving in antibiotics	Microbe sample from Escherichia coli
SRR10554739	exp-1_well-B5_passage-40_subsample-3	exp-1_well-B5_passage-40_subsample-3	exp-1_well-B5_passage-40_subsample-3	NextSeq 500 sequencing: Barcode sequencing of E. coli evolving in antibiotics	Microbe sample from Escherichia coli
SRR10554741	exp-1_well-B5_passage-40_subsample-2	exp-1_well-B5_passage-40_subsample-2	exp-1_well-B5_passage-40_subsample-2	NextSeq 500 sequencing: Barcode sequencing of E. coli evolving in antibiotics	Microbe sample from Escherichia coli
SRR10554748	exp-1_well-B5_passage-30_subsample-3	exp-1_well-B5_passage-30_subsample-3	exp-1_well-B5_passage-30_subsample-3	NextSeq 500 sequencing: Barcode sequencing of E. coli evolving in antibiotics	Microbe sample from Escherichia coli
