run_accession	sample_accession	experiment_accession	sample_title	experiment_title	read_count	base_count	fastq_ftp	fastq_md5	fastq_bytes	library_layout
SRR10556877	SAMN13428332	SRX7238946	Microbe sample from Escherichia coli	NextSeq 500 sequencing: Barcode sequencing of E. coli evolving in antibiotics	1964115	98205750	ftp.sra.ebi.ac.uk/vol1/fastq/SRR105/077/SRR10556877/SRR10556877.fastq.gz	5fb30b80626fb9ccc631a0dafb9a2090	41619807	SINGLE
SRR10556881	SAMN13428328	SRX7238942	Microbe sample from Escherichia coli	NextSeq 500 sequencing: Barcode sequencing of E. coli evolving in antibiotics	1411244	70562200	ftp.sra.ebi.ac.uk/vol1/fastq/SRR105/081/SRR10556881/SRR10556881.fastq.gz	d621199336603d653e953a4f7e6c2ac9	31275938	SINGLE
SRR10556893	SAMN13427805	SRX7238930	Microbe sample from Escherichia coli	NextSeq 500 sequencing: Barcode sequencing of E. coli evolving in antibiotics	1011437	50571850	ftp.sra.ebi.ac.uk/vol1/fastq/SRR105/093/SRR10556893/SRR10556893.fastq.gz	f998681c5058fc1c53972ff37ac3b04f	19382834	SINGLE
SRR10556900	SAMN13428311	SRX7238923	Microbe sample from Escherichia coli	NextSeq 500 sequencing: Barcode sequencing of E. coli evolving in antibiotics	1351721	67586050	ftp.sra.ebi.ac.uk/vol1/fastq/SRR105/000/SRR10556900/SRR10556900.fastq.gz	bee287206af27d0018673978da098c7b	35478772	SINGLE
SRR10556905	SAMN13428220	SRX7238918	Microbe sample from Escherichia coli	NextSeq 500 sequencing: Barcode sequencing of E. coli evolving in antibiotics	632080	31604000	ftp.sra.ebi.ac.uk/vol1/fastq/SRR105/005/SRR10556905/SRR10556905.fastq.gz	6a634fc6d7f657237bd6ecea6ed6a277	15253092	SINGLE
SRR10556911	SAMN13428215	SRX7238912	Microbe sample from Escherichia coli	NextSeq 500 sequencing: Barcode sequencing of E. coli evolving in antibiotics	1180199	59009950	ftp.sra.ebi.ac.uk/vol1/fastq/SRR105/011/SRR10556911/SRR10556911.fastq.gz	f523166b591c076b986820d3c2541a3d	30731469	SINGLE
SRR10556917	SAMN13428209	SRX7238906	Microbe sample from Escherichia coli	NextSeq 500 sequencing: Barcode sequencing of E. coli evolving in antibiotics	1355979	67798950	ftp.sra.ebi.ac.uk/vol1/fastq/SRR105/017/SRR10556917/SRR10556917.fastq.gz	3914982e94092dd03be2ff6525a7706e	33529484	SINGLE
SRR10556919	SAMN13427794	SRX7238904	Microbe sample from Escherichia coli	NextSeq 500 sequencing: Barcode sequencing of E. coli evolving in antibiotics	1276799	63839950	ftp.sra.ebi.ac.uk/vol1/fastq/SRR105/019/SRR10556919/SRR10556919.fastq.gz	bd99d460c1455e5c93710a75c7dc1db4	28805180	SINGLE
SRR10556924	SAMN13428203	SRX7238899	Microbe sample from Escherichia coli	NextSeq 500 sequencing: Barcode sequencing of E. coli evolving in antibiotics	824872	41243600	ftp.sra.ebi.ac.uk/vol1/fastq/SRR105/024/SRR10556924/SRR10556924.fastq.gz	50e2241ade56c72f6bc304ed0dfbe855	21701049	SINGLE
SRR10556932	SAMN13428196	SRX7238891	Microbe sample from Escherichia coli	NextSeq 500 sequencing: Barcode sequencing of E. coli evolving in antibiotics	916034	45801700	ftp.sra.ebi.ac.uk/vol1/fastq/SRR105/032/SRR10556932/SRR10556932.fastq.gz	9adad6854a00471d28aaf41b3ede8576	22209868	SINGLE
SRR10556940	SAMN13427769	SRX7238883	Microbe sample from Escherichia coli	NextSeq 500 sequencing: Barcode sequencing of E. coli evolving in antibiotics	966773	48338650	ftp.sra.ebi.ac.uk/vol1/fastq/SRR105/040/SRR10556940/SRR10556940.fastq.gz	b93a4d3d42d8e386f627f501bb0cd5f9	23622033	SINGLE
SRR10556941	SAMN13427957	SRX7238882	Microbe sample from Escherichia coli	NextSeq 500 sequencing: Barcode sequencing of E. coli evolving in antibiotics	888707	44435350	ftp.sra.ebi.ac.uk/vol1/fastq/SRR105/041/SRR10556941/SRR10556941.fastq.gz	ddd5183bc3998e282de13d6cf5b6156d	21822456	SINGLE
SRR10556943	SAMN13427955	SRX7238880	Microbe sample from Escherichia coli	NextSeq 500 sequencing: Barcode sequencing of E. coli evolving in antibiotics	883290	44164500	ftp.sra.ebi.ac.uk/vol1/fastq/SRR105/043/SRR10556943/SRR10556943.fastq.gz	6245d454debcc0c6a5aa1251d321eb89	22995569	SINGLE
SRR10556945	SAMN13427953	SRX7238878	Microbe sample from Escherichia coli	NextSeq 500 sequencing: Barcode sequencing of E. coli evolving in antibiotics	908552	45427600	ftp.sra.ebi.ac.uk/vol1/fastq/SRR105/045/SRR10556945/SRR10556945.fastq.gz	7ea4509f3efe170dd680b12db7854947	22625818	SINGLE
SRR10556946	SAMN13427952	SRX7238877	Microbe sample from Escherichia coli	NextSeq 500 sequencing: Barcode sequencing of E. coli evolving in antibiotics	954410	47720500	ftp.sra.ebi.ac.uk/vol1/fastq/SRR105/046/SRR10556946/SRR10556946.fastq.gz	8aa9fd0c7c51352b248b3304d3807c9d	23430495	SINGLE
SRR10556948	SAMN13427950	SRX7238875	Microbe sample from Escherichia coli	NextSeq 500 sequencing: Barcode sequencing of E. coli evolving in antibiotics	1333317	66665850	ftp.sra.ebi.ac.uk/vol1/fastq/SRR105/048/SRR10556948/SRR10556948.fastq.gz	ab75dbe0a27f6c002a4283eae91b57fc	28954573	SINGLE
SRR10556954	SAMN13427946	SRX7238869	Microbe sample from Escherichia coli	NextSeq 500 sequencing: Barcode sequencing of E. coli evolving in antibiotics	1040555	52027750	ftp.sra.ebi.ac.uk/vol1/fastq/SRR105/054/SRR10556954/SRR10556954.fastq.gz	cfbe5acd8d19727e5a47cba669549a32	23744354	SINGLE
SRR10556955	SAMN13427945	SRX7238868	Microbe sample from Escherichia coli	NextSeq 500 sequencing: Barcode sequencing of E. coli evolving in antibiotics	1005521	50276050	ftp.sra.ebi.ac.uk/vol1/fastq/SRR105/055/SRR10556955/SRR10556955.fastq.gz	7edb790f5d3887246f7b77fd3ccb098b	21572813	SINGLE
SRR10556958	SAMN13427942	SRX7238865	Microbe sample from Escherichia coli	NextSeq 500 sequencing: Barcode sequencing of E. coli evolving in antibiotics	1577666	78883300	ftp.sra.ebi.ac.uk/vol1/fastq/SRR105/058/SRR10556958/SRR10556958.fastq.gz	f540b3492d46468c9106a837d7f87409	37459167	SINGLE
SRR10556968	SAMN13428192	SRX7238855	Microbe sample from Escherichia coli	NextSeq 500 sequencing: Barcode sequencing of E. coli evolving in antibiotics	814759	40737950	ftp.sra.ebi.ac.uk/vol1/fastq/SRR105/068/SRR10556968/SRR10556968.fastq.gz	4d02a101761f2a6439e4de8a7f32629d	19939816	SINGLE
SRR10556971	SAMN13428189	SRX7238852	Microbe sample from Escherichia coli	NextSeq 500 sequencing: Barcode sequencing of E. coli evolving in antibiotics	1245908	62295400	ftp.sra.ebi.ac.uk/vol1/fastq/SRR105/071/SRR10556971/SRR10556971.fastq.gz	19adc71c072b2ba728ee289c7311b7d4	24957294	SINGLE
SRR10556977	SAMN13428184	SRX7238846	Microbe sample from Escherichia coli	NextSeq 500 sequencing: Barcode sequencing of E. coli evolving in antibiotics	1160880	58044000	ftp.sra.ebi.ac.uk/vol1/fastq/SRR105/077/SRR10556977/SRR10556977.fastq.gz	170184ec72251ab0ca9294065381423d	27168459	SINGLE
SRR10556983	SAMN13428178	SRX7238840	Microbe sample from Escherichia coli	NextSeq 500 sequencing: Barcode sequencing of E. coli evolving in antibiotics	1211880	60594000	ftp.sra.ebi.ac.uk/vol1/fastq/SRR105/083/SRR10556983/SRR10556983.fastq.gz	7bc78849f8ac5c538d798a45332a0606	31746263	SINGLE
SRR10556985	SAMN13428177	SRX7238838	Microbe sample from Escherichia coli	NextSeq 500 sequencing: Barcode sequencing of E. coli evolving in antibiotics	1152512	57625600	ftp.sra.ebi.ac.uk/vol1/fastq/SRR105/085/SRR10556985/SRR10556985.fastq.gz	f401bfbf693525ecfa6f0d6c18813237	29040134	SINGLE
SRR10556986	SAMN13428176	SRX7238837	Microbe sample from Escherichia coli	NextSeq 500 sequencing: Barcode sequencing of E. coli evolving in antibiotics	1202722	60136100	ftp.sra.ebi.ac.uk/vol1/fastq/SRR105/086/SRR10556986/SRR10556986.fastq.gz	c34fa8d61ba4c5938c58d627a0635f15	30692851	SINGLE
SRR10556994	SAMN13428168	SRX7238829	Microbe sample from Escherichia coli	NextSeq 500 sequencing: Barcode sequencing of E. coli evolving in antibiotics	1141651	57082550	ftp.sra.ebi.ac.uk/vol1/fastq/SRR105/094/SRR10556994/SRR10556994.fastq.gz	ee58457a82540e0e92fe3e3e66f426b4	27590978	SINGLE
SRR10557009	SAMN13428011	SRX7238814	Microbe sample from Escherichia coli	NextSeq 500 sequencing: Barcode sequencing of E. coli evolving in antibiotics	1028679	51433950	ftp.sra.ebi.ac.uk/vol1/fastq/SRR105/009/SRR10557009/SRR10557009.fastq.gz	2bd184cc552faf2a9efa2538f0b365a0	27376246	SINGLE
SRR10557013	SAMN13427774	SRX7238810	Microbe sample from Escherichia coli	NextSeq 500 sequencing: Barcode sequencing of E. coli evolving in antibiotics	1090354	54517700	ftp.sra.ebi.ac.uk/vol1/fastq/SRR105/013/SRR10557013/SRR10557013.fastq.gz	ea4a2a57545e1928fffcc5eddecf723d	28592892	SINGLE
SRR10557015	SAMN13428006	SRX7238808	Microbe sample from Escherichia coli	NextSeq 500 sequencing: Barcode sequencing of E. coli evolving in antibiotics	1089646	54482300	ftp.sra.ebi.ac.uk/vol1/fastq/SRR105/015/SRR10557015/SRR10557015.fastq.gz	80238e8f2db6d2bd5e6a9a03b6809f6e	28600945	SINGLE
SRR10557031	SAMN13427934	SRX7238792	Microbe sample from Escherichia coli	NextSeq 500 sequencing: Barcode sequencing of E. coli evolving in antibiotics	1242457	62122850	ftp.sra.ebi.ac.uk/vol1/fastq/SRR105/031/SRR10557031/SRR10557031.fastq.gz	1caf87bc9281ab31bc1edacf0bad7620	30839865	SINGLE
SRR10557033	SAMN13427932	SRX7238790	Microbe sample from Escherichia coli	NextSeq 500 sequencing: Barcode sequencing of E. coli evolving in antibiotics	1239292	61964600	ftp.sra.ebi.ac.uk/vol1/fastq/SRR105/033/SRR10557033/SRR10557033.fastq.gz	91aaab3d972ad46f95fb08e834d89dc9	29652791	SINGLE
SRR10557037	SAMN13427928	SRX7238786	Microbe sample from Escherichia coli	NextSeq 500 sequencing: Barcode sequencing of E. coli evolving in antibiotics	1001151	50057550	ftp.sra.ebi.ac.uk/vol1/fastq/SRR105/037/SRR10557037/SRR10557037.fastq.gz	ff7b39468f951dcd54ce976fd2e0aa7d	24380210	SINGLE
SRR10557040	SAMN13427926	SRX7238783	Microbe sample from Escherichia coli	NextSeq 500 sequencing: Barcode sequencing of E. coli evolving in antibiotics	1045958	52297900	ftp.sra.ebi.ac.uk/vol1/fastq/SRR105/040/SRR10557040/SRR10557040.fastq.gz	2bfa49b4eca1b04830225fe35f589c95	27207460	SINGLE
SRR10557047	SAMN13427919	SRX7238776	Microbe sample from Escherichia coli	NextSeq 500 sequencing: Barcode sequencing of E. coli evolving in antibiotics	1058553	52927650	ftp.sra.ebi.ac.uk/vol1/fastq/SRR105/047/SRR10557047/SRR10557047.fastq.gz	4c916cde91ee2c7b9b3c3eeca1021c05	28165925	SINGLE
SRR10557048	SAMN13427918	SRX7238775	Microbe sample from Escherichia coli	NextSeq 500 sequencing: Barcode sequencing of E. coli evolving in antibiotics	1042913	52145650	ftp.sra.ebi.ac.uk/vol1/fastq/SRR105/048/SRR10557048/SRR10557048.fastq.gz	f3a24faceef622847eee5f1e4b3f8c29	27867298	SINGLE
SRR10557066	SAMN13428133	SRX7238757	Microbe sample from Escherichia coli	NextSeq 500 sequencing: Barcode sequencing of E. coli evolving in antibiotics	1408363	70418150	ftp.sra.ebi.ac.uk/vol1/fastq/SRR105/066/SRR10557066/SRR10557066.fastq.gz	352d716f38862d38cb4aa1e79d444acf	32261976	SINGLE
SRR10557072	SAMN13427786	SRX7238751	Microbe sample from Escherichia coli	NextSeq 500 sequencing: Barcode sequencing of E. coli evolving in antibiotics	1145818	57290900	ftp.sra.ebi.ac.uk/vol1/fastq/SRR105/072/SRR10557072/SRR10557072.fastq.gz	87384236655aeec124e780ed5fdd66d7	27447021	SINGLE
SRR10557074	SAMN13428126	SRX7238749	Microbe sample from Escherichia coli	NextSeq 500 sequencing: Barcode sequencing of E. coli evolving in antibiotics	1471695	73584750	ftp.sra.ebi.ac.uk/vol1/fastq/SRR105/074/SRR10557074/SRR10557074.fastq.gz	15da0a968fe545315df5cf74bc560632	36959295	SINGLE
SRR10557078	SAMN13428122	SRX7238745	Microbe sample from Escherichia coli	NextSeq 500 sequencing: Barcode sequencing of E. coli evolving in antibiotics	1123621	56181050	ftp.sra.ebi.ac.uk/vol1/fastq/SRR105/078/SRR10557078/SRR10557078.fastq.gz	994da11f36f3115ec8200d59a52d956c	28414235	SINGLE
SRR10557079	SAMN13428121	SRX7238744	Microbe sample from Escherichia coli	NextSeq 500 sequencing: Barcode sequencing of E. coli evolving in antibiotics	1088546	54427300	ftp.sra.ebi.ac.uk/vol1/fastq/SRR105/079/SRR10557079/SRR10557079.fastq.gz	4830efa0e4aabc886dc2387f1b15f790	26098150	SINGLE
SRR10557084	SAMN13428117	SRX7238739	Microbe sample from Escherichia coli	NextSeq 500 sequencing: Barcode sequencing of E. coli evolving in antibiotics	1228796	61439800	ftp.sra.ebi.ac.uk/vol1/fastq/SRR105/084/SRR10557084/SRR10557084.fastq.gz	c513385a686043b3ed5baac534cb08b1	30306096	SINGLE
SRR10557087	SAMN13428114	SRX7238736	Microbe sample from Escherichia coli	NextSeq 500 sequencing: Barcode sequencing of E. coli evolving in antibiotics	962821	48141050	ftp.sra.ebi.ac.uk/vol1/fastq/SRR105/087/SRR10557087/SRR10557087.fastq.gz	3533c2ea819aee4704c9d15ea56e0d9c	24823094	SINGLE
SRR10557088	SAMN13428113	SRX7238735	Microbe sample from Escherichia coli	NextSeq 500 sequencing: Barcode sequencing of E. coli evolving in antibiotics	1019674	50983700	ftp.sra.ebi.ac.uk/vol1/fastq/SRR105/088/SRR10557088/SRR10557088.fastq.gz	aeb06ad73b2a3420975d54eae58c930a	24813715	SINGLE
SRR10557094	SAMN13428049	SRX7238729	Microbe sample from Escherichia coli	NextSeq 500 sequencing: Barcode sequencing of E. coli evolving in antibiotics	953658	47682900	ftp.sra.ebi.ac.uk/vol1/fastq/SRR105/094/SRR10557094/SRR10557094.fastq.gz	78e289db842bcb39e5b1a71ae7ff6c0a	23788282	SINGLE
SRR10557097	SAMN13427751	SRX7238726	Microbe sample from Escherichia coli	NextSeq 500 sequencing: Barcode sequencing of E. coli evolving in antibiotics	1131665	56583250	ftp.sra.ebi.ac.uk/vol1/fastq/SRR105/097/SRR10557097/SRR10557097.fastq.gz	701198c2706fabbc221c2b7ca22e57ac	29333214	SINGLE
SRR10557098	SAMN13428047	SRX7238725	Microbe sample from Escherichia coli	NextSeq 500 sequencing: Barcode sequencing of E. coli evolving in antibiotics	1241912	62095600	ftp.sra.ebi.ac.uk/vol1/fastq/SRR105/098/SRR10557098/SRR10557098.fastq.gz	6666eeac952bbab387a8ed27e2178fdc	27935765	SINGLE
SRR10557102	SAMN13428043	SRX7238721	Microbe sample from Escherichia coli	NextSeq 500 sequencing: Barcode sequencing of E. coli evolving in antibiotics	1338972	66948600	ftp.sra.ebi.ac.uk/vol1/fastq/SRR105/002/SRR10557102/SRR10557102.fastq.gz	c29fb39176297e0a3c3f0265b0a00a89	31588047	SINGLE
SRR10557103	SAMN13428042	SRX7238720	Microbe sample from Escherichia coli	NextSeq 500 sequencing: Barcode sequencing of E. coli evolving in antibiotics	1449975	72498750	ftp.sra.ebi.ac.uk/vol1/fastq/SRR105/003/SRR10557103/SRR10557103.fastq.gz	c2d52794ab027dba058e1a8524ae968a	32535516	SINGLE
SRR10557108	SAMN13427777	SRX7238715	Microbe sample from Escherichia coli	NextSeq 500 sequencing: Barcode sequencing of E. coli evolving in antibiotics	1374645	68732250	ftp.sra.ebi.ac.uk/vol1/fastq/SRR105/008/SRR10557108/SRR10557108.fastq.gz	280082e64f89edcfe4c238837d06b867	32974736	SINGLE
SRR10557119	SAMN13427776	SRX7238704	Microbe sample from Escherichia coli	NextSeq 500 sequencing: Barcode sequencing of E. coli evolving in antibiotics	1435127	71756350	ftp.sra.ebi.ac.uk/vol1/fastq/SRR105/019/SRR10557119/SRR10557119.fastq.gz	ae495b23c0dc0b82f49103c95f4a5065	33899032	SINGLE
SRR10557120	SAMN13428027	SRX7238703	Microbe sample from Escherichia coli	NextSeq 500 sequencing: Barcode sequencing of E. coli evolving in antibiotics	2002312	100115600	ftp.sra.ebi.ac.uk/vol1/fastq/SRR105/020/SRR10557120/SRR10557120.fastq.gz	93ede7eceac71cda04e1404b0a9a1800	49479523	SINGLE
SRR10557127	SAMN13428107	SRX7238696	Microbe sample from Escherichia coli	NextSeq 500 sequencing: Barcode sequencing of E. coli evolving in antibiotics	688781	34439050	ftp.sra.ebi.ac.uk/vol1/fastq/SRR105/027/SRR10557127/SRR10557127.fastq.gz	4cad9ee7b0f0ab60a241017d27a279a0	18056823	SINGLE
SRR10557130	SAMN13428104	SRX7238693	Microbe sample from Escherichia coli	NextSeq 500 sequencing: Barcode sequencing of E. coli evolving in antibiotics	777405	38870250	ftp.sra.ebi.ac.uk/vol1/fastq/SRR105/030/SRR10557130/SRR10557130.fastq.gz	da9e4711cd343b3a26597310a9b8dd85	19404578	SINGLE
SRR10557132	SAMN13428102	SRX7238691	Microbe sample from Escherichia coli	NextSeq 500 sequencing: Barcode sequencing of E. coli evolving in antibiotics	1029548	51477400	ftp.sra.ebi.ac.uk/vol1/fastq/SRR105/032/SRR10557132/SRR10557132.fastq.gz	de9784495c76059b44ffcadefefbeb19	26948286	SINGLE
SRR10557134	SAMN13428100	SRX7238689	Microbe sample from Escherichia coli	NextSeq 500 sequencing: Barcode sequencing of E. coli evolving in antibiotics	1152754	57637700	ftp.sra.ebi.ac.uk/vol1/fastq/SRR105/034/SRR10557134/SRR10557134.fastq.gz	b930c1ded5a5214ff22d6665cc47650d	27957726	SINGLE
SRR10557137	SAMN13427783	SRX7238686	Microbe sample from Escherichia coli	NextSeq 500 sequencing: Barcode sequencing of E. coli evolving in antibiotics	988700	49435000	ftp.sra.ebi.ac.uk/vol1/fastq/SRR105/037/SRR10557137/SRR10557137.fastq.gz	df764d06622689b5290fededddae01fb	24116792	SINGLE
SRR10557141	SAMN13428094	SRX7238682	Microbe sample from Escherichia coli	NextSeq 500 sequencing: Barcode sequencing of E. coli evolving in antibiotics	1248747	62437350	ftp.sra.ebi.ac.uk/vol1/fastq/SRR105/041/SRR10557141/SRR10557141.fastq.gz	ff15c13d201293d52c1d36290f23e5ee	29113422	SINGLE
SRR10557145	SAMN13428090	SRX7238678	Microbe sample from Escherichia coli	NextSeq 500 sequencing: Barcode sequencing of E. coli evolving in antibiotics	1244921	62246050	ftp.sra.ebi.ac.uk/vol1/fastq/SRR105/045/SRR10557145/SRR10557145.fastq.gz	c2e377d5b5dd3d445e3f313e7f65c5d6	30748004	SINGLE
SRR10557147	SAMN13428088	SRX7238676	Microbe sample from Escherichia coli	NextSeq 500 sequencing: Barcode sequencing of E. coli evolving in antibiotics	1248156	62407800	ftp.sra.ebi.ac.uk/vol1/fastq/SRR105/047/SRR10557147/SRR10557147.fastq.gz	0d3dbc3d628fa9934fe1d13bf1b2a603	29691725	SINGLE
SRR10557148	SAMN13427782	SRX7238675	Microbe sample from Escherichia coli	NextSeq 500 sequencing: Barcode sequencing of E. coli evolving in antibiotics	950977	47548850	ftp.sra.ebi.ac.uk/vol1/fastq/SRR105/048/SRR10557148/SRR10557148.fastq.gz	f19dfb436475185c75d11a5abeb50eab	23550389	SINGLE
SRR10557150	SAMN13428086	SRX7238673	Microbe sample from Escherichia coli	NextSeq 500 sequencing: Barcode sequencing of E. coli evolving in antibiotics	1044221	52211050	ftp.sra.ebi.ac.uk/vol1/fastq/SRR105/050/SRR10557150/SRR10557150.fastq.gz	23d06777e0acfd4df13c40783ae113f7	26308594	SINGLE
SRR10557154	SAMN13428082	SRX7238669	Microbe sample from Escherichia coli	NextSeq 500 sequencing: Barcode sequencing of E. coli evolving in antibiotics	1217014	60850700	ftp.sra.ebi.ac.uk/vol1/fastq/SRR105/054/SRR10557154/SRR10557154.fastq.gz	00b22049cfaa24d4e271c230a00d2000	31636494	SINGLE
SRR10557156	SAMN13428080	SRX7238667	Microbe sample from Escherichia coli	NextSeq 500 sequencing: Barcode sequencing of E. coli evolving in antibiotics	1208765	60438250	ftp.sra.ebi.ac.uk/vol1/fastq/SRR105/056/SRR10557156/SRR10557156.fastq.gz	2232de658f55ac29ed043aea55823fc8	30575101	SINGLE
SRR10557157	SAMN13427907	SRX7238666	Microbe sample from Escherichia coli	NextSeq 500 sequencing: Barcode sequencing of E. coli evolving in antibiotics	789953	39497650	ftp.sra.ebi.ac.uk/vol1/fastq/SRR105/057/SRR10557157/SRR10557157.fastq.gz	0d52879d05d7ead6ef941ca3473a2fde	20529688	SINGLE
SRR10557164	SAMN13427900	SRX7238659	Microbe sample from Escherichia coli	NextSeq 500 sequencing: Barcode sequencing of E. coli evolving in antibiotics	1600655	80032750	ftp.sra.ebi.ac.uk/vol1/fastq/SRR105/064/SRR10557164/SRR10557164.fastq.gz	6e87894b6785ce5f81dd0892f09bdb2b	31339656	SINGLE
SRR10557168	SAMN13427897	SRX7238655	Microbe sample from Escherichia coli	NextSeq 500 sequencing: Barcode sequencing of E. coli evolving in antibiotics	1053563	52678150	ftp.sra.ebi.ac.uk/vol1/fastq/SRR105/068/SRR10557168/SRR10557168.fastq.gz	5cb529ca2d33869b273f6c870d2b51b0	21521486	SINGLE
SRR10557170	SAMN13427895	SRX7238653	Microbe sample from Escherichia coli	NextSeq 500 sequencing: Barcode sequencing of E. coli evolving in antibiotics	1125231	56261550	ftp.sra.ebi.ac.uk/vol1/fastq/SRR105/070/SRR10557170/SRR10557170.fastq.gz	f4f394360e6f0248fe56f3599184d6d1	26382979	SINGLE
SRR10557174	SAMN13427891	SRX7238649	Microbe sample from Escherichia coli	NextSeq 500 sequencing: Barcode sequencing of E. coli evolving in antibiotics	1411514	70575700	ftp.sra.ebi.ac.uk/vol1/fastq/SRR105/074/SRR10557174/SRR10557174.fastq.gz	4e97c91f0c3bf6383dbf943f743f33de	33041714	SINGLE
SRR10557178	SAMN13427762	SRX7238645	Microbe sample from Escherichia coli	NextSeq 500 sequencing: Barcode sequencing of E. coli evolving in antibiotics	779155	38957750	ftp.sra.ebi.ac.uk/vol1/fastq/SRR105/078/SRR10557178/SRR10557178.fastq.gz	1cfdc4f570ba9826425d47b142a8366a	20724078	SINGLE
SRR10557180	SAMN13427886	SRX7238643	Microbe sample from Escherichia coli	NextSeq 500 sequencing: Barcode sequencing of E. coli evolving in antibiotics	1454206	72710300	ftp.sra.ebi.ac.uk/vol1/fastq/SRR105/080/SRR10557180/SRR10557180.fastq.gz	88adddca3838f7c02721fb22f9daabb4	33162694	SINGLE
SRR10557183	SAMN13427883	SRX7238640	Microbe sample from Escherichia coli	NextSeq 500 sequencing: Barcode sequencing of E. coli evolving in antibiotics	980954	49047700	ftp.sra.ebi.ac.uk/vol1/fastq/SRR105/083/SRR10557183/SRR10557183.fastq.gz	7cd6f25b617a1704136fce7c82ff6fff	24494225	SINGLE
SRR10557187	SAMN13427879	SRX7238636	Microbe sample from Escherichia coli	NextSeq 500 sequencing: Barcode sequencing of E. coli evolving in antibiotics	1527931	76396550	ftp.sra.ebi.ac.uk/vol1/fastq/SRR105/087/SRR10557187/SRR10557187.fastq.gz	f8e08d9fe38f1c790dd0462fdc5f3697	37938477	SINGLE
SRR10557194	SAMN13428453	SRX7238629	Microbe sample from Escherichia coli	NextSeq 500 sequencing: Barcode sequencing of E. coli evolving in antibiotics	1217295	60864750	ftp.sra.ebi.ac.uk/vol1/fastq/SRR105/094/SRR10557194/SRR10557194.fastq.gz	a58af0bd84a516d840d2f7c900db867f	29592539	SINGLE
SRR10557201	SAMN13427755	SRX7238622	Microbe sample from Escherichia coli	NextSeq 500 sequencing: Barcode sequencing of E. coli evolving in antibiotics	1006590	50329500	ftp.sra.ebi.ac.uk/vol1/fastq/SRR105/001/SRR10557201/SRR10557201.fastq.gz	5e3814fe8fa94cf84030eeb782727848	25721795	SINGLE
SRR10557212	SAMN13427817	SRX7238611	Microbe sample from Escherichia coli	NextSeq 500 sequencing: Barcode sequencing of E. coli evolving in antibiotics	856322	42816100	ftp.sra.ebi.ac.uk/vol1/fastq/SRR105/012/SRR10557212/SRR10557212.fastq.gz	92f20051203f8082a6fab6cda303961d	21094706	SINGLE
SRR10557215	SAMN13428435	SRX7239280	Microbe sample from Escherichia coli	NextSeq 500 sequencing: Barcode sequencing of E. coli evolving in antibiotics	1112221	55611050	ftp.sra.ebi.ac.uk/vol1/fastq/SRR105/015/SRR10557215/SRR10557215.fastq.gz	d6420a338c01c94c987e6656cc4a1460	26287720	SINGLE
SRR10557220	SAMN13428430	SRX7239275	Microbe sample from Escherichia coli	NextSeq 500 sequencing: Barcode sequencing of E. coli evolving in antibiotics	1252730	62636500	ftp.sra.ebi.ac.uk/vol1/fastq/SRR105/020/SRR10557220/SRR10557220.fastq.gz	9e01c3a027b665653a239df9f1726b61	30180666	SINGLE
SRR10557225	SAMN13428426	SRX7239270	Microbe sample from Escherichia coli	NextSeq 500 sequencing: Barcode sequencing of E. coli evolving in antibiotics	1360055	68002750	ftp.sra.ebi.ac.uk/vol1/fastq/SRR105/025/SRR10557225/SRR10557225.fastq.gz	208abc47a77a1b02ecbc485a5dd02928	32945074	SINGLE
SRR10557233	SAMN13428418	SRX7239262	Microbe sample from Escherichia coli	NextSeq 500 sequencing: Barcode sequencing of E. coli evolving in antibiotics	1696810	84840500	ftp.sra.ebi.ac.uk/vol1/fastq/SRR105/033/SRR10557233/SRR10557233.fastq.gz	538f8cba3142c9e568ad9be2a2ebe322	41896970	SINGLE
SRR10557235	SAMN13428417	SRX7239260	Microbe sample from Escherichia coli	NextSeq 500 sequencing: Barcode sequencing of E. coli evolving in antibiotics	1648536	82426800	ftp.sra.ebi.ac.uk/vol1/fastq/SRR105/035/SRR10557235/SRR10557235.fastq.gz	f6c03ff7e1694866ce1e7537034b14c6	38564177	SINGLE
SRR10557237	SAMN13428415	SRX7239258	Microbe sample from Escherichia coli	NextSeq 500 sequencing: Barcode sequencing of E. coli evolving in antibiotics	1108924	55446200	ftp.sra.ebi.ac.uk/vol1/fastq/SRR105/037/SRR10557237/SRR10557237.fastq.gz	85f26c1f6c277fb270baa5800dd25c8f	28804585	SINGLE
SRR10557254	SAMN13428399	SRX7239241	Microbe sample from Escherichia coli	NextSeq 500 sequencing: Barcode sequencing of E. coli evolving in antibiotics	1301302	65065100	ftp.sra.ebi.ac.uk/vol1/fastq/SRR105/054/SRR10557254/SRR10557254.fastq.gz	55dee0121f01d02fa1ec6042bb9b13c5	30205546	SINGLE
SRR10557262	SAMN13427838	SRX7239233	Microbe sample from Escherichia coli	NextSeq 500 sequencing: Barcode sequencing of E. coli evolving in antibiotics	1335782	66789100	ftp.sra.ebi.ac.uk/vol1/fastq/SRR105/062/SRR10557262/SRR10557262.fastq.gz	cb797ebd793cdb462bf61914a35e00eb	30812507	SINGLE
SRR10557274	SAMN13427756	SRX7239221	Microbe sample from Escherichia coli	NextSeq 500 sequencing: Barcode sequencing of E. coli evolving in antibiotics	1233214	61660700	ftp.sra.ebi.ac.uk/vol1/fastq/SRR105/074/SRR10557274/SRR10557274.fastq.gz	9f492ca58d7e23d5f3fac3f227c3eb4d	28598325	SINGLE
SRR10557288	SAMN13428484	SRX7239207	Microbe sample from Escherichia coli	NextSeq 500 sequencing: Barcode sequencing of E. coli evolving in antibiotics	1204764	60238200	ftp.sra.ebi.ac.uk/vol1/fastq/SRR105/088/SRR10557288/SRR10557288.fastq.gz	95cc0777b937a974011dd4e23fa3854f	26506294	SINGLE
SRR10557300	SAMN13428387	SRX7239195	Microbe sample from Escherichia coli	NextSeq 500 sequencing: Barcode sequencing of E. coli evolving in antibiotics	867980	43399000	ftp.sra.ebi.ac.uk/vol1/fastq/SRR105/000/SRR10557300/SRR10557300.fastq.gz	4a41ae73736e007979cb9d328cd68380	22333081	SINGLE
SRR10557301	SAMN13428386	SRX7239194	Microbe sample from Escherichia coli	NextSeq 500 sequencing: Barcode sequencing of E. coli evolving in antibiotics	1169334	58466700	ftp.sra.ebi.ac.uk/vol1/fastq/SRR105/001/SRR10557301/SRR10557301.fastq.gz	28eb174b50819027f76b0497f991e779	28436954	SINGLE
SRR10557302	SAMN13428385	SRX7239193	Microbe sample from Escherichia coli	NextSeq 500 sequencing: Barcode sequencing of E. coli evolving in antibiotics	1034083	51704150	ftp.sra.ebi.ac.uk/vol1/fastq/SRR105/002/SRR10557302/SRR10557302.fastq.gz	f0bc477aa93589ae0bc80444b7e0950b	24217673	SINGLE
SRR10557308	SAMN13428379	SRX7239187	Microbe sample from Escherichia coli	NextSeq 500 sequencing: Barcode sequencing of E. coli evolving in antibiotics	980895	49044750	ftp.sra.ebi.ac.uk/vol1/fastq/SRR105/008/SRR10557308/SRR10557308.fastq.gz	4aa4de85ff64487a91cbb351672eff14	24881514	SINGLE
SRR10557309	SAMN13428378	SRX7239186	Microbe sample from Escherichia coli	NextSeq 500 sequencing: Barcode sequencing of E. coli evolving in antibiotics	1084537	54226850	ftp.sra.ebi.ac.uk/vol1/fastq/SRR105/009/SRR10557309/SRR10557309.fastq.gz	66029ff0fa6e380100f97df94d8e389c	26152119	SINGLE
SRR10557311	SAMN13428377	SRX7239184	Microbe sample from Escherichia coli	NextSeq 500 sequencing: Barcode sequencing of E. coli evolving in antibiotics	1027707	51385350	ftp.sra.ebi.ac.uk/vol1/fastq/SRR105/011/SRR10557311/SRR10557311.fastq.gz	00048af41ee1995d3b09d77c5b3cd55b	23693876	SINGLE
SRR10557318	SAMN13428370	SRX7239177	Microbe sample from Escherichia coli	NextSeq 500 sequencing: Barcode sequencing of E. coli evolving in antibiotics	1269800	63490000	ftp.sra.ebi.ac.uk/vol1/fastq/SRR105/018/SRR10557318/SRR10557318.fastq.gz	3b18f1335fac993ac03085d5d81e579c	31803283	SINGLE
SRR10557330	SAMN13428359	SRX7239165	Microbe sample from Escherichia coli	NextSeq 500 sequencing: Barcode sequencing of E. coli evolving in antibiotics	1197016	59850800	ftp.sra.ebi.ac.uk/vol1/fastq/SRR105/030/SRR10557330/SRR10557330.fastq.gz	32e02f6a4ac02d47560cb5f31f8da3dc	30860139	SINGLE
SRR10557338	SAMN13428352	SRX7239157	Microbe sample from Escherichia coli	NextSeq 500 sequencing: Barcode sequencing of E. coli evolving in antibiotics	1316015	65800750	ftp.sra.ebi.ac.uk/vol1/fastq/SRR105/038/SRR10557338/SRR10557338.fastq.gz	84dc182be11c84d9d8d387b402c8bae9	31973990	SINGLE
SRR10557342	SAMN13428348	SRX7239153	Microbe sample from Escherichia coli	NextSeq 500 sequencing: Barcode sequencing of E. coli evolving in antibiotics	814745	40737250	ftp.sra.ebi.ac.uk/vol1/fastq/SRR105/042/SRR10557342/SRR10557342.fastq.gz	781ebdc8dff5d11d78244437838d9657	19625730	SINGLE
SRR10557345	SAMN13428347	SRX7239150	Microbe sample from Escherichia coli	NextSeq 500 sequencing: Barcode sequencing of E. coli evolving in antibiotics	899028	44951400	ftp.sra.ebi.ac.uk/vol1/fastq/SRR105/045/SRR10557345/SRR10557345.fastq.gz	d085c58d72a9c9b9943c93877749cb07	23367670	SINGLE
SRR10557356	SAMN13428278	SRX7239139	Microbe sample from Escherichia coli	NextSeq 500 sequencing: Barcode sequencing of E. coli evolving in antibiotics	1159583	57979150	ftp.sra.ebi.ac.uk/vol1/fastq/SRR105/056/SRR10557356/SRR10557356.fastq.gz	095dc285c419448d580b6f2150fcff51	27209729	SINGLE
SRR10557370	SAMN13428266	SRX7239125	Microbe sample from Escherichia coli	NextSeq 500 sequencing: Barcode sequencing of E. coli evolving in antibiotics	1533027	76651350	ftp.sra.ebi.ac.uk/vol1/fastq/SRR105/070/SRR10557370/SRR10557370.fastq.gz	52a939e3a3d6bc25a59a95d5e26b76f4	37196160	SINGLE
SRR10557371	SAMN13428265	SRX7239124	Microbe sample from Escherichia coli	NextSeq 500 sequencing: Barcode sequencing of E. coli evolving in antibiotics	1479310	73965500	ftp.sra.ebi.ac.uk/vol1/fastq/SRR105/071/SRR10557371/SRR10557371.fastq.gz	67e1eae8dea54dc310998c3661ac8686	33936222	SINGLE
SRR10557375	SAMN13428261	SRX7239120	Microbe sample from Escherichia coli	NextSeq 500 sequencing: Barcode sequencing of E. coli evolving in antibiotics	1348043	67402150	ftp.sra.ebi.ac.uk/vol1/fastq/SRR105/075/SRR10557375/SRR10557375.fastq.gz	0265e80db6b6aa92e1e0f716216cc57c	33198666	SINGLE
SRR10557379	SAMN13427799	SRX7239116	Microbe sample from Escherichia coli	NextSeq 500 sequencing: Barcode sequencing of E. coli evolving in antibiotics	1202349	60117450	ftp.sra.ebi.ac.uk/vol1/fastq/SRR105/079/SRR10557379/SRR10557379.fastq.gz	655635cf547d56fb99d0d88d56607c22	28025476	SINGLE
SRR10557380	SAMN13428257	SRX7239115	Microbe sample from Escherichia coli	NextSeq 500 sequencing: Barcode sequencing of E. coli evolving in antibiotics	1029151	51457550	ftp.sra.ebi.ac.uk/vol1/fastq/SRR105/080/SRR10557380/SRR10557380.fastq.gz	413e4f428c77e872c480c9e19d29d9ad	24676620	SINGLE
SRR10557383	SAMN13428254	SRX7239112	Microbe sample from Escherichia coli	NextSeq 500 sequencing: Barcode sequencing of E. coli evolving in antibiotics	1256324	62816200	ftp.sra.ebi.ac.uk/vol1/fastq/SRR105/083/SRR10557383/SRR10557383.fastq.gz	cd20f30dfc638df6078a599bfe000ba9	33440801	SINGLE
SRR10557403	SAMN13428149	SRX7239092	Microbe sample from Escherichia coli	NextSeq 500 sequencing: Barcode sequencing of E. coli evolving in antibiotics	855867	42793350	ftp.sra.ebi.ac.uk/vol1/fastq/SRR105/003/SRR10557403/SRR10557403.fastq.gz	e761986c02cab65dd35ba7c41a416b9a	21276665	SINGLE
SRR10557410	SAMN13428144	SRX7239085	Microbe sample from Escherichia coli	NextSeq 500 sequencing: Barcode sequencing of E. coli evolving in antibiotics	914133	45706650	ftp.sra.ebi.ac.uk/vol1/fastq/SRR105/010/SRR10557410/SRR10557410.fastq.gz	4981caa5580b488b3303c992ee7c670a	22355462	SINGLE
SRR10557416	SAMN13428138	SRX7239079	Microbe sample from Escherichia coli	NextSeq 500 sequencing: Barcode sequencing of E. coli evolving in antibiotics	1150862	57543100	ftp.sra.ebi.ac.uk/vol1/fastq/SRR105/016/SRR10557416/SRR10557416.fastq.gz	28047fba03ad3d547a3928476f0600d2	28480064	SINGLE
SRR10557418	SAMN13428251	SRX7239077	Microbe sample from Escherichia coli	NextSeq 500 sequencing: Barcode sequencing of E. coli evolving in antibiotics	746491	37324550	ftp.sra.ebi.ac.uk/vol1/fastq/SRR105/018/SRR10557418/SRR10557418.fastq.gz	42f02005f9744bbf54b878662a5c665a	19446648	SINGLE
SRR10557420	SAMN13428249	SRX7239075	Microbe sample from Escherichia coli	NextSeq 500 sequencing: Barcode sequencing of E. coli evolving in antibiotics	757783	37889150	ftp.sra.ebi.ac.uk/vol1/fastq/SRR105/020/SRR10557420/SRR10557420.fastq.gz	bdbf89c072a8abf6fa1b036a9266e539	19065396	SINGLE
SRR10557425	SAMN13428246	SRX7239070	Microbe sample from Escherichia coli	NextSeq 500 sequencing: Barcode sequencing of E. coli evolving in antibiotics	867750	43387500	ftp.sra.ebi.ac.uk/vol1/fastq/SRR105/025/SRR10557425/SRR10557425.fastq.gz	3cb2bc58cc569c47afdedf4da5853028	22707844	SINGLE
SRR10557429	SAMN13428242	SRX7239066	Microbe sample from Escherichia coli	NextSeq 500 sequencing: Barcode sequencing of E. coli evolving in antibiotics	872095	43604750	ftp.sra.ebi.ac.uk/vol1/fastq/SRR105/029/SRR10557429/SRR10557429.fastq.gz	2df65f9363c982c9ea0daea729130184	22888825	SINGLE
SRR10557432	SAMN13428239	SRX7239063	Microbe sample from Escherichia coli	NextSeq 500 sequencing: Barcode sequencing of E. coli evolving in antibiotics	1194740	59737000	ftp.sra.ebi.ac.uk/vol1/fastq/SRR105/032/SRR10557432/SRR10557432.fastq.gz	95ad95f0aafcca57e9562a1f2ad414fb	28283681	SINGLE
SRR10557434	SAMN13427797	SRX7239061	Microbe sample from Escherichia coli	NextSeq 500 sequencing: Barcode sequencing of E. coli evolving in antibiotics	1250106	62505300	ftp.sra.ebi.ac.uk/vol1/fastq/SRR105/034/SRR10557434/SRR10557434.fastq.gz	8f2df846326f30cbfc63140fbca653b5	26008618	SINGLE
SRR10557438	SAMN13428234	SRX7239057	Microbe sample from Escherichia coli	NextSeq 500 sequencing: Barcode sequencing of E. coli evolving in antibiotics	1276937	63846850	ftp.sra.ebi.ac.uk/vol1/fastq/SRR105/038/SRR10557438/SRR10557438.fastq.gz	15687722da3ba9c0de107236d0b12125	29340866	SINGLE
SRR10557440	SAMN13428232	SRX7239055	Microbe sample from Escherichia coli	NextSeq 500 sequencing: Barcode sequencing of E. coli evolving in antibiotics	1283672	64183600	ftp.sra.ebi.ac.uk/vol1/fastq/SRR105/040/SRR10557440/SRR10557440.fastq.gz	451b14648c2eab20dc9ca7a07a081add	28311511	SINGLE
SRR10557445	SAMN13427796	SRX7239050	Microbe sample from Escherichia coli	NextSeq 500 sequencing: Barcode sequencing of E. coli evolving in antibiotics	1303924	65196200	ftp.sra.ebi.ac.uk/vol1/fastq/SRR105/045/SRR10557445/SRR10557445.fastq.gz	50682bd6fe8e5d097e990c86e317cb64	27653185	SINGLE
SRR10557447	SAMN13428226	SRX7239048	Microbe sample from Escherichia coli	NextSeq 500 sequencing: Barcode sequencing of E. coli evolving in antibiotics	1480134	74006700	ftp.sra.ebi.ac.uk/vol1/fastq/SRR105/047/SRR10557447/SRR10557447.fastq.gz	a2b813ab78e9a64cf2dab86094a86ea6	36884915	SINGLE
SRR10557452	SAMN13428077	SRX7239043	Microbe sample from Escherichia coli	NextSeq 500 sequencing: Barcode sequencing of E. coli evolving in antibiotics	1355358	67767900	ftp.sra.ebi.ac.uk/vol1/fastq/SRR105/052/SRR10557452/SRR10557452.fastq.gz	131ccdb22399c573adab0864d52196b2	32247843	SINGLE
SRR10557454	SAMN13428075	SRX7239041	Microbe sample from Escherichia coli	NextSeq 500 sequencing: Barcode sequencing of E. coli evolving in antibiotics	1341188	67059400	ftp.sra.ebi.ac.uk/vol1/fastq/SRR105/054/SRR10557454/SRR10557454.fastq.gz	862f5e33747c58eb5f1c57aa3f1439e3	34501584	SINGLE
SRR10557474	SAMN13428057	SRX7239021	Microbe sample from Escherichia coli	NextSeq 500 sequencing: Barcode sequencing of E. coli evolving in antibiotics	999084	49954200	ftp.sra.ebi.ac.uk/vol1/fastq/SRR105/074/SRR10557474/SRR10557474.fastq.gz	3651099bbe7398243b51d5503f882849	25646506	SINGLE
SRR10557479	SAMN13428052	SRX7239016	Microbe sample from Escherichia coli	NextSeq 500 sequencing: Barcode sequencing of E. coli evolving in antibiotics	924577	46228850	ftp.sra.ebi.ac.uk/vol1/fastq/SRR105/079/SRR10557479/SRR10557479.fastq.gz	3ac14e48ccbd4f3870c1bfa7c83628b4	22556043	SINGLE
SRR10557483	SAMN13427876	SRX7239012	Microbe sample from Escherichia coli	NextSeq 500 sequencing: Barcode sequencing of E. coli evolving in antibiotics	1628765	81438250	ftp.sra.ebi.ac.uk/vol1/fastq/SRR105/083/SRR10557483/SRR10557483.fastq.gz	4f4d1cb260347b29b05710a434673d1b	37927949	SINGLE
SRR10557486	SAMN13427873	SRX7239009	Microbe sample from Escherichia coli	NextSeq 500 sequencing: Barcode sequencing of E. coli evolving in antibiotics	1108713	55435650	ftp.sra.ebi.ac.uk/vol1/fastq/SRR105/086/SRR10557486/SRR10557486.fastq.gz	09210ac67badb8ceb9d43457ac8c1fed	27085712	SINGLE
SRR10557487	SAMN13427872	SRX7239008	Microbe sample from Escherichia coli	NextSeq 500 sequencing: Barcode sequencing of E. coli evolving in antibiotics	1159025	57951250	ftp.sra.ebi.ac.uk/vol1/fastq/SRR105/087/SRR10557487/SRR10557487.fastq.gz	fe3a59f4690fca7f9e2c6ec1ea3894df	27883549	SINGLE
SRR10557488	SAMN13427871	SRX7239007	Microbe sample from Escherichia coli	NextSeq 500 sequencing: Barcode sequencing of E. coli evolving in antibiotics	1051473	52573650	ftp.sra.ebi.ac.uk/vol1/fastq/SRR105/088/SRR10557488/SRR10557488.fastq.gz	60d8118798303d50e7a80a11388c36af	27539180	SINGLE
SRR10557496	SAMN13427864	SRX7238999	Microbe sample from Escherichia coli	NextSeq 500 sequencing: Barcode sequencing of E. coli evolving in antibiotics	1092213	54610650	ftp.sra.ebi.ac.uk/vol1/fastq/SRR105/096/SRR10557496/SRR10557496.fastq.gz	d8549d1ad45a541c20dea992627f241e	26234701	SINGLE
SRR10557500	SAMN13427860	SRX7238995	Microbe sample from Escherichia coli	NextSeq 500 sequencing: Barcode sequencing of E. coli evolving in antibiotics	1427325	71366250	ftp.sra.ebi.ac.uk/vol1/fastq/SRR105/000/SRR10557500/SRR10557500.fastq.gz	eef333b6a1df7a6f9644abe0b82cd568	34759491	SINGLE
SRR10557507	SAMN13427854	SRX7238988	Microbe sample from Escherichia coli	NextSeq 500 sequencing: Barcode sequencing of E. coli evolving in antibiotics	1326255	66312750	ftp.sra.ebi.ac.uk/vol1/fastq/SRR105/007/SRR10557507/SRR10557507.fastq.gz	565358f997b1a063f5f36df3d5e0a68f	28934976	SINGLE
SRR10557512	SAMN13427849	SRX7238983	Microbe sample from Escherichia coli	NextSeq 500 sequencing: Barcode sequencing of E. coli evolving in antibiotics	1321882	66094100	ftp.sra.ebi.ac.uk/vol1/fastq/SRR105/012/SRR10557512/SRR10557512.fastq.gz	e5f128d5a9d7a8fd79696a07589d359b	26591004	SINGLE
SRR10557517	SAMN13428307	SRX7238978	Microbe sample from Escherichia coli	NextSeq 500 sequencing: Barcode sequencing of E. coli evolving in antibiotics	1071082	53554100	ftp.sra.ebi.ac.uk/vol1/fastq/SRR105/017/SRR10557517/SRR10557517.fastq.gz	0793c1fa02ea18b8c5561effcb72a4ce	27371421	SINGLE
SRR10557521	SAMN13428303	SRX7238974	Microbe sample from Escherichia coli	NextSeq 500 sequencing: Barcode sequencing of E. coli evolving in antibiotics	979428	48971400	ftp.sra.ebi.ac.uk/vol1/fastq/SRR105/021/SRR10557521/SRR10557521.fastq.gz	fe4094698ba9812ab218be35ba60be6f	25308763	SINGLE
SRR10557527	SAMN13427803	SRX7238968	Microbe sample from Escherichia coli	NextSeq 500 sequencing: Barcode sequencing of E. coli evolving in antibiotics	953026	47651300	ftp.sra.ebi.ac.uk/vol1/fastq/SRR105/027/SRR10557527/SRR10557527.fastq.gz	f919e280b541de71fbd399087cfe5b3a	21708323	SINGLE
SRR10557529	SAMN13428296	SRX7238966	Microbe sample from Escherichia coli	NextSeq 500 sequencing: Barcode sequencing of E. coli evolving in antibiotics	1103256	55162800	ftp.sra.ebi.ac.uk/vol1/fastq/SRR105/029/SRR10557529/SRR10557529.fastq.gz	978de4acf0967177747fdf3d0795099a	26098952	SINGLE
SRR10557536	SAMN13428289	SRX7238959	Microbe sample from Escherichia coli	NextSeq 500 sequencing: Barcode sequencing of E. coli evolving in antibiotics	997268	49863400	ftp.sra.ebi.ac.uk/vol1/fastq/SRR105/036/SRR10557536/SRR10557536.fastq.gz	5d3cd9633d2856bfda28517046a88f97	24839654	SINGLE
SRR10557538	SAMN13427802	SRX7238957	Microbe sample from Escherichia coli	NextSeq 500 sequencing: Barcode sequencing of E. coli evolving in antibiotics	1027989	51399450	ftp.sra.ebi.ac.uk/vol1/fastq/SRR105/038/SRR10557538/SRR10557538.fastq.gz	cd8631aea460c286cde165fc3a5fde25	22120577	SINGLE
SRR10557545	SAMN13427848	SRX7238950	Microbe sample from Escherichia coli	NextSeq 500 sequencing: Barcode sequencing of E. coli evolving in antibiotics	1379790	68989500	ftp.sra.ebi.ac.uk/vol1/fastq/SRR105/045/SRR10557545/SRR10557545.fastq.gz	6b5923a1695d177f6ed0b26533e1eca3	28302658	SINGLE
SRR10557549	SAMN13427993	SRX7239354	Microbe sample from Escherichia coli	NextSeq 500 sequencing: Barcode sequencing of E. coli evolving in antibiotics	1120411	56020550	ftp.sra.ebi.ac.uk/vol1/fastq/SRR105/049/SRR10557549/SRR10557549.fastq.gz	6ffbaddef81283371483df6ac5fbe594	23937457	SINGLE
SRR10557559	SAMN13427984	SRX7239344	Microbe sample from Escherichia coli	NextSeq 500 sequencing: Barcode sequencing of E. coli evolving in antibiotics	1265541	63277050	ftp.sra.ebi.ac.uk/vol1/fastq/SRR105/059/SRR10557559/SRR10557559.fastq.gz	59f5cfc2f4ebb5aa96a272e7381d8085	30529462	SINGLE
SRR10557560	SAMN13427983	SRX7239343	Microbe sample from Escherichia coli	NextSeq 500 sequencing: Barcode sequencing of E. coli evolving in antibiotics	1187800	59390000	ftp.sra.ebi.ac.uk/vol1/fastq/SRR105/060/SRR10557560/SRR10557560.fastq.gz	962d3fe325afd09151f5468dcb019126	30773233	SINGLE
SRR10557561	SAMN13427982	SRX7239342	Microbe sample from Escherichia coli	NextSeq 500 sequencing: Barcode sequencing of E. coli evolving in antibiotics	1280965	64048250	ftp.sra.ebi.ac.uk/vol1/fastq/SRR105/061/SRR10557561/SRR10557561.fastq.gz	68459d73fb494dfc951c507138df5fef	31969353	SINGLE
SRR10557571	SAMN13427973	SRX7239332	Microbe sample from Escherichia coli	NextSeq 500 sequencing: Barcode sequencing of E. coli evolving in antibiotics	1052086	52604300	ftp.sra.ebi.ac.uk/vol1/fastq/SRR105/071/SRR10557571/SRR10557571.fastq.gz	d581e432f266312e12eaced2719822c8	26080139	SINGLE
SRR10557572	SAMN13427972	SRX7239331	Microbe sample from Escherichia coli	NextSeq 500 sequencing: Barcode sequencing of E. coli evolving in antibiotics	1095043	54752150	ftp.sra.ebi.ac.uk/vol1/fastq/SRR105/072/SRR10557572/SRR10557572.fastq.gz	1eb09067d3ec7c1d2134edfb70d054a7	26764300	SINGLE
SRR10557575	SAMN13427969	SRX7239328	Microbe sample from Escherichia coli	NextSeq 500 sequencing: Barcode sequencing of E. coli evolving in antibiotics	1006571	50328550	ftp.sra.ebi.ac.uk/vol1/fastq/SRR105/075/SRR10557575/SRR10557575.fastq.gz	ae41e7e5824527a0d769f2688e12ef51	24482134	SINGLE
SRR10557577	SAMN13427770	SRX7239326	Microbe sample from Escherichia coli	NextSeq 500 sequencing: Barcode sequencing of E. coli evolving in antibiotics	887872	44393600	ftp.sra.ebi.ac.uk/vol1/fastq/SRR105/077/SRR10557577/SRR10557577.fastq.gz	cde0d2f760a23ddb8b3f73109d57959f	23127006	SINGLE
SRR10557585	SAMN13428479	SRX7239318	Microbe sample from Escherichia coli	NextSeq 500 sequencing: Barcode sequencing of E. coli evolving in antibiotics	1661753	83087650	ftp.sra.ebi.ac.uk/vol1/fastq/SRR105/085/SRR10557585/SRR10557585.fastq.gz	1c191dde7cbba074aedeacbc0086104d	42165172	SINGLE
SRR10557593	SAMN13428472	SRX7239310	Microbe sample from Escherichia coli	NextSeq 500 sequencing: Barcode sequencing of E. coli evolving in antibiotics	1349922	67496100	ftp.sra.ebi.ac.uk/vol1/fastq/SRR105/093/SRR10557593/SRR10557593.fastq.gz	e30806fa58c968ba7fd234268a2bced9	32772034	SINGLE
SRR10557606	SAMN13428460	SRX7239297	Microbe sample from Escherichia coli	NextSeq 500 sequencing: Barcode sequencing of E. coli evolving in antibiotics	1323835	66191750	ftp.sra.ebi.ac.uk/vol1/fastq/SRR105/006/SRR10557606/SRR10557606.fastq.gz	2e2cd3f649eb1b96f03ced0a34dcbc23	31711140	SINGLE
SRR10557611	SAMN13428456	SRX7239292	Microbe sample from Escherichia coli	NextSeq 500 sequencing: Barcode sequencing of E. coli evolving in antibiotics	1031378	51568900	ftp.sra.ebi.ac.uk/vol1/fastq/SRR105/011/SRR10557611/SRR10557611.fastq.gz	5ba5925a7dca0ef0bc8e10f67eb17536	26108745	SINGLE
SRR10556878	SAMN13428331	SRX7238945	Microbe sample from Escherichia coli	NextSeq 500 sequencing: Barcode sequencing of E. coli evolving in antibiotics	1297328	64866400	ftp.sra.ebi.ac.uk/vol1/fastq/SRR105/078/SRR10556878/SRR10556878.fastq.gz	b1a3c776e76bfbafe706a9b4c3e57ffc	31384840	SINGLE
SRR10556879	SAMN13428330	SRX7238944	Microbe sample from Escherichia coli	NextSeq 500 sequencing: Barcode sequencing of E. coli evolving in antibiotics	1402209	70110450	ftp.sra.ebi.ac.uk/vol1/fastq/SRR105/079/SRR10556879/SRR10556879.fastq.gz	3033682682bcec1966d45cc7ed91d590	32393218	SINGLE
SRR10556884	SAMN13428326	SRX7238939	Microbe sample from Escherichia coli	NextSeq 500 sequencing: Barcode sequencing of E. coli evolving in antibiotics	1116591	55829550	ftp.sra.ebi.ac.uk/vol1/fastq/SRR105/084/SRR10556884/SRR10556884.fastq.gz	b25f9882a6df541643b014d470f4d5df	26308607	SINGLE
SRR10556888	SAMN13428322	SRX7238935	Microbe sample from Escherichia coli	NextSeq 500 sequencing: Barcode sequencing of E. coli evolving in antibiotics	1473556	73677800	ftp.sra.ebi.ac.uk/vol1/fastq/SRR105/088/SRR10556888/SRR10556888.fastq.gz	8dd8e74dc48a8734c9e6a9ac4a631ac0	37077341	SINGLE
SRR10556897	SAMN13428314	SRX7238926	Microbe sample from Escherichia coli	NextSeq 500 sequencing: Barcode sequencing of E. coli evolving in antibiotics	1449555	72477750	ftp.sra.ebi.ac.uk/vol1/fastq/SRR105/097/SRR10556897/SRR10556897.fastq.gz	3eeb3397d9b67509a5072ad441c2d14d	36105587	SINGLE
SRR10556899	SAMN13428312	SRX7238924	Microbe sample from Escherichia coli	NextSeq 500 sequencing: Barcode sequencing of E. coli evolving in antibiotics	1471989	73599450	ftp.sra.ebi.ac.uk/vol1/fastq/SRR105/099/SRR10556899/SRR10556899.fastq.gz	db70c193cd85635d50da6d25c7123708	35169726	SINGLE
SRR10556901	SAMN13428224	SRX7238922	Microbe sample from Escherichia coli	NextSeq 500 sequencing: Barcode sequencing of E. coli evolving in antibiotics	1524644	76232200	ftp.sra.ebi.ac.uk/vol1/fastq/SRR105/001/SRR10556901/SRR10556901.fastq.gz	012f2bc55756635950f508d36d52ee0d	36431100	SINGLE
SRR10556907	SAMN13428218	SRX7238916	Microbe sample from Escherichia coli	NextSeq 500 sequencing: Barcode sequencing of E. coli evolving in antibiotics	2208815	110440750	ftp.sra.ebi.ac.uk/vol1/fastq/SRR105/007/SRR10556907/SRR10556907.fastq.gz	715b5310c981f38b407b4c0ed7e72b43	54499800	SINGLE
SRR10556914	SAMN13428212	SRX7238909	Microbe sample from Escherichia coli	NextSeq 500 sequencing: Barcode sequencing of E. coli evolving in antibiotics	1261353	63067650	ftp.sra.ebi.ac.uk/vol1/fastq/SRR105/014/SRR10556914/SRR10556914.fastq.gz	243f5d23ea3762a4f087a1b797c3a601	30906920	SINGLE
SRR10556915	SAMN13428211	SRX7238908	Microbe sample from Escherichia coli	NextSeq 500 sequencing: Barcode sequencing of E. coli evolving in antibiotics	1315478	65773900	ftp.sra.ebi.ac.uk/vol1/fastq/SRR105/015/SRR10556915/SRR10556915.fastq.gz	24f4268b9a973c34086e6d21d1a0b3f4	34092402	SINGLE
SRR10556918	SAMN13428208	SRX7238905	Microbe sample from Escherichia coli	NextSeq 500 sequencing: Barcode sequencing of E. coli evolving in antibiotics	1407704	70385200	ftp.sra.ebi.ac.uk/vol1/fastq/SRR105/018/SRR10556918/SRR10556918.fastq.gz	111387c0d897839f2e13c134c668ea2c	34323815	SINGLE
SRR10556920	SAMN13428207	SRX7238903	Microbe sample from Escherichia coli	NextSeq 500 sequencing: Barcode sequencing of E. coli evolving in antibiotics	964869	48243450	ftp.sra.ebi.ac.uk/vol1/fastq/SRR105/020/SRR10556920/SRR10556920.fastq.gz	f8c71be838e11e4e9a6c43fa48e0af28	24966205	SINGLE
SRR10556923	SAMN13428204	SRX7238900	Microbe sample from Escherichia coli	NextSeq 500 sequencing: Barcode sequencing of E. coli evolving in antibiotics	1027990	51399500	ftp.sra.ebi.ac.uk/vol1/fastq/SRR105/023/SRR10556923/SRR10556923.fastq.gz	60e0fc60f39db98ecd5c5a551b43f247	25065167	SINGLE
SRR10556930	SAMN13427793	SRX7238893	Microbe sample from Escherichia coli	NextSeq 500 sequencing: Barcode sequencing of E. coli evolving in antibiotics	1230420	61521000	ftp.sra.ebi.ac.uk/vol1/fastq/SRR105/030/SRR10556930/SRR10556930.fastq.gz	7a8955ad6ba33938025206d16b35fd03	26118511	SINGLE
SRR10556937	SAMN13427960	SRX7238886	Microbe sample from Escherichia coli	NextSeq 500 sequencing: Barcode sequencing of E. coli evolving in antibiotics	2276022	113801100	ftp.sra.ebi.ac.uk/vol1/fastq/SRR105/037/SRR10556937/SRR10556937.fastq.gz	a69958bb37f33875538e1450e52bf526	49918412	SINGLE
SRR10556961	SAMN13427939	SRX7238862	Microbe sample from Escherichia coli	NextSeq 500 sequencing: Barcode sequencing of E. coli evolving in antibiotics	1246646	62332300	ftp.sra.ebi.ac.uk/vol1/fastq/SRR105/061/SRR10556961/SRR10556961.fastq.gz	6389cc6e829aec216af94e215a26f665	32504665	SINGLE
SRR10556965	SAMN13428195	SRX7238858	Microbe sample from Escherichia coli	NextSeq 500 sequencing: Barcode sequencing of E. coli evolving in antibiotics	761237	38061850	ftp.sra.ebi.ac.uk/vol1/fastq/SRR105/065/SRR10556965/SRR10556965.fastq.gz	3921b2dd6270755b1e62d53f6ad49c98	19784044	SINGLE
SRR10556969	SAMN13428191	SRX7238854	Microbe sample from Escherichia coli	NextSeq 500 sequencing: Barcode sequencing of E. coli evolving in antibiotics	1194361	59718050	ftp.sra.ebi.ac.uk/vol1/fastq/SRR105/069/SRR10556969/SRR10556969.fastq.gz	678986e5801e606808ea51ec8b390ddb	26870584	SINGLE
SRR10556972	SAMN13428188	SRX7238851	Microbe sample from Escherichia coli	NextSeq 500 sequencing: Barcode sequencing of E. coli evolving in antibiotics	1301732	65086600	ftp.sra.ebi.ac.uk/vol1/fastq/SRR105/072/SRR10556972/SRR10556972.fastq.gz	940e8eb161c5678391642b31c1d85bcc	26536791	SINGLE
SRR10556978	SAMN13428183	SRX7238845	Microbe sample from Escherichia coli	NextSeq 500 sequencing: Barcode sequencing of E. coli evolving in antibiotics	1579399	78969950	ftp.sra.ebi.ac.uk/vol1/fastq/SRR105/078/SRR10556978/SRR10556978.fastq.gz	035f2d0aad7240d900408f272cad0c17	41156519	SINGLE
SRR10556982	SAMN13428179	SRX7238841	Microbe sample from Escherichia coli	NextSeq 500 sequencing: Barcode sequencing of E. coli evolving in antibiotics	1095166	54758300	ftp.sra.ebi.ac.uk/vol1/fastq/SRR105/082/SRR10556982/SRR10556982.fastq.gz	4d4f103166c89a9cd7bd4a1151043dfd	29997674	SINGLE
SRR10556996	SAMN13428167	SRX7238827	Microbe sample from Escherichia coli	NextSeq 500 sequencing: Barcode sequencing of E. coli evolving in antibiotics	1170128	58506400	ftp.sra.ebi.ac.uk/vol1/fastq/SRR105/096/SRR10556996/SRR10556996.fastq.gz	6aa3cfedeb25e839d879c8e95ee4b5a2	30541026	SINGLE
SRR10556998	SAMN13428021	SRX7238825	Microbe sample from Escherichia coli	NextSeq 500 sequencing: Barcode sequencing of E. coli evolving in antibiotics	1150359	57517950	ftp.sra.ebi.ac.uk/vol1/fastq/SRR105/098/SRR10556998/SRR10556998.fastq.gz	fdfcbf485a047c2a401bec2abf0df28e	28337382	SINGLE
SRR10557000	SAMN13428019	SRX7238823	Microbe sample from Escherichia coli	NextSeq 500 sequencing: Barcode sequencing of E. coli evolving in antibiotics	1283325	64166250	ftp.sra.ebi.ac.uk/vol1/fastq/SRR105/000/SRR10557000/SRR10557000.fastq.gz	d80051e408396890278ffef96befa495	32788444	SINGLE
SRR10557003	SAMN13428017	SRX7238820	Microbe sample from Escherichia coli	NextSeq 500 sequencing: Barcode sequencing of E. coli evolving in antibiotics	1311228	65561400	ftp.sra.ebi.ac.uk/vol1/fastq/SRR105/003/SRR10557003/SRR10557003.fastq.gz	3e696ae98efe90b95320bac101e0f210	31979077	SINGLE
SRR10557011	SAMN13428009	SRX7238812	Microbe sample from Escherichia coli	NextSeq 500 sequencing: Barcode sequencing of E. coli evolving in antibiotics	1052270	52613500	ftp.sra.ebi.ac.uk/vol1/fastq/SRR105/011/SRR10557011/SRR10557011.fastq.gz	71654bdefc02505f2431f5a3bda4f8e9	27154153	SINGLE
SRR10557014	SAMN13428007	SRX7238809	Microbe sample from Escherichia coli	NextSeq 500 sequencing: Barcode sequencing of E. coli evolving in antibiotics	1144551	57227550	ftp.sra.ebi.ac.uk/vol1/fastq/SRR105/014/SRR10557014/SRR10557014.fastq.gz	9da6649582328e849f93c5ce100f4721	29605926	SINGLE
SRR10557032	SAMN13427933	SRX7238791	Microbe sample from Escherichia coli	NextSeq 500 sequencing: Barcode sequencing of E. coli evolving in antibiotics	1194162	59708100	ftp.sra.ebi.ac.uk/vol1/fastq/SRR105/032/SRR10557032/SRR10557032.fastq.gz	80eb06bf0e93f6a4011028fc4ae469d4	28092148	SINGLE
SRR10557041	SAMN13427925	SRX7238782	Microbe sample from Escherichia coli	NextSeq 500 sequencing: Barcode sequencing of E. coli evolving in antibiotics	1135307	56765350	ftp.sra.ebi.ac.uk/vol1/fastq/SRR105/041/SRR10557041/SRR10557041.fastq.gz	f5e0f98ef7c5409480afc5b9c9104058	27791708	SINGLE
SRR10557042	SAMN13427924	SRX7238781	Microbe sample from Escherichia coli	NextSeq 500 sequencing: Barcode sequencing of E. coli evolving in antibiotics	1172198	58609900	ftp.sra.ebi.ac.uk/vol1/fastq/SRR105/042/SRR10557042/SRR10557042.fastq.gz	d8bc59616df72398e8b66f7dd1de3dc7	28339571	SINGLE
SRR10557050	SAMN13427917	SRX7238773	Microbe sample from Escherichia coli	NextSeq 500 sequencing: Barcode sequencing of E. coli evolving in antibiotics	1121180	56059000	ftp.sra.ebi.ac.uk/vol1/fastq/SRR105/050/SRR10557050/SRR10557050.fastq.gz	34cc0eacb2f0b82ebe3f497d5f71e7b7	28497627	SINGLE
SRR10557052	SAMN13427915	SRX7238771	Microbe sample from Escherichia coli	NextSeq 500 sequencing: Barcode sequencing of E. coli evolving in antibiotics	1059210	52960500	ftp.sra.ebi.ac.uk/vol1/fastq/SRR105/052/SRR10557052/SRR10557052.fastq.gz	e9e42ecb8e5904130c760a0f019d0497	27467633	SINGLE
SRR10557054	SAMN13427913	SRX7238769	Microbe sample from Escherichia coli	NextSeq 500 sequencing: Barcode sequencing of E. coli evolving in antibiotics	1078016	53900800	ftp.sra.ebi.ac.uk/vol1/fastq/SRR105/054/SRR10557054/SRR10557054.fastq.gz	643a958bfb212d593846a30c438d84f5	26992554	SINGLE
SRR10557056	SAMN13427911	SRX7238767	Microbe sample from Escherichia coli	NextSeq 500 sequencing: Barcode sequencing of E. coli evolving in antibiotics	877678	43883900	ftp.sra.ebi.ac.uk/vol1/fastq/SRR105/056/SRR10557056/SRR10557056.fastq.gz	c4922a2b93e99a54397995af8bf0ccf5	22783753	SINGLE
SRR10557058	SAMN13427909	SRX7238765	Microbe sample from Escherichia coli	NextSeq 500 sequencing: Barcode sequencing of E. coli evolving in antibiotics	905096	45254800	ftp.sra.ebi.ac.uk/vol1/fastq/SRR105/058/SRR10557058/SRR10557058.fastq.gz	b7b57bf49dc3183ef5ed9d4890d055bf	22402525	SINGLE
SRR10557059	SAMN13427908	SRX7238764	Microbe sample from Escherichia coli	NextSeq 500 sequencing: Barcode sequencing of E. coli evolving in antibiotics	934690	46734500	ftp.sra.ebi.ac.uk/vol1/fastq/SRR105/059/SRR10557059/SRR10557059.fastq.gz	096aab1bf72fa620c0dabc7424ec9bee	22846031	SINGLE
SRR10557065	SAMN13428134	SRX7238758	Microbe sample from Escherichia coli	NextSeq 500 sequencing: Barcode sequencing of E. coli evolving in antibiotics	1445925	72296250	ftp.sra.ebi.ac.uk/vol1/fastq/SRR105/065/SRR10557065/SRR10557065.fastq.gz	30f40ed079cf79154fef457aa37b024e	35037963	SINGLE
SRR10557068	SAMN13428131	SRX7238755	Microbe sample from Escherichia coli	NextSeq 500 sequencing: Barcode sequencing of E. coli evolving in antibiotics	1677393	83869650	ftp.sra.ebi.ac.uk/vol1/fastq/SRR105/068/SRR10557068/SRR10557068.fastq.gz	c9bf6c4f42349729965c3deedf385211	41936641	SINGLE
SRR10557073	SAMN13428127	SRX7238750	Microbe sample from Escherichia coli	NextSeq 500 sequencing: Barcode sequencing of E. coli evolving in antibiotics	1353616	67680800	ftp.sra.ebi.ac.uk/vol1/fastq/SRR105/073/SRR10557073/SRR10557073.fastq.gz	70c1e9884fcf9baf0a813245c503555b	35529523	SINGLE
SRR10557075	SAMN13428125	SRX7238748	Microbe sample from Escherichia coli	NextSeq 500 sequencing: Barcode sequencing of E. coli evolving in antibiotics	1407020	70351000	ftp.sra.ebi.ac.uk/vol1/fastq/SRR105/075/SRR10557075/SRR10557075.fastq.gz	26173d0f766782b0596ec486a3adf2cf	33475923	SINGLE
SRR10557091	SAMN13428110	SRX7238732	Microbe sample from Escherichia coli	NextSeq 500 sequencing: Barcode sequencing of E. coli evolving in antibiotics	1078724	53936200	ftp.sra.ebi.ac.uk/vol1/fastq/SRR105/091/SRR10557091/SRR10557091.fastq.gz	bef954d67f35ff55948c0844fb3c2ee1	28298409	SINGLE
SRR10557095	SAMN13428048	SRX7238728	Microbe sample from Escherichia coli	NextSeq 500 sequencing: Barcode sequencing of E. coli evolving in antibiotics	998976	49948800	ftp.sra.ebi.ac.uk/vol1/fastq/SRR105/095/SRR10557095/SRR10557095.fastq.gz	d8cc7fd423ce428c1399c6a16bdd140b	24581314	SINGLE
SRR10557100	SAMN13428045	SRX7238723	Microbe sample from Escherichia coli	NextSeq 500 sequencing: Barcode sequencing of E. coli evolving in antibiotics	1289502	64475100	ftp.sra.ebi.ac.uk/vol1/fastq/SRR105/000/SRR10557100/SRR10557100.fastq.gz	c60d485b71e65870e6617ec7020297ac	25927019	SINGLE
SRR10557106	SAMN13428039	SRX7238717	Microbe sample from Escherichia coli	NextSeq 500 sequencing: Barcode sequencing of E. coli evolving in antibiotics	1140463	57023150	ftp.sra.ebi.ac.uk/vol1/fastq/SRR105/006/SRR10557106/SRR10557106.fastq.gz	e4cf8176b9a659cb203977931ec3c7e4	27874307	SINGLE
SRR10557112	SAMN13428034	SRX7238711	Microbe sample from Escherichia coli	NextSeq 500 sequencing: Barcode sequencing of E. coli evolving in antibiotics	1386907	69345350	ftp.sra.ebi.ac.uk/vol1/fastq/SRR105/012/SRR10557112/SRR10557112.fastq.gz	1fa02ab5c8e741007cd3816394773171	34333473	SINGLE
SRR10557114	SAMN13428032	SRX7238709	Microbe sample from Escherichia coli	NextSeq 500 sequencing: Barcode sequencing of E. coli evolving in antibiotics	1400509	70025450	ftp.sra.ebi.ac.uk/vol1/fastq/SRR105/014/SRR10557114/SRR10557114.fastq.gz	7a5ce779f7b930957d33c574fe20f595	33527439	SINGLE
SRR10557115	SAMN13428031	SRX7238708	Microbe sample from Escherichia coli	NextSeq 500 sequencing: Barcode sequencing of E. coli evolving in antibiotics	1025904	51295200	ftp.sra.ebi.ac.uk/vol1/fastq/SRR105/015/SRR10557115/SRR10557115.fastq.gz	5956b81161d9abb992f92c74dfa4c995	26553489	SINGLE
SRR10557116	SAMN13428030	SRX7238707	Microbe sample from Escherichia coli	NextSeq 500 sequencing: Barcode sequencing of E. coli evolving in antibiotics	1109559	55477950	ftp.sra.ebi.ac.uk/vol1/fastq/SRR105/016/SRR10557116/SRR10557116.fastq.gz	3a87bb4dc3f76733b7319c4114ae9267	27526840	SINGLE
SRR10557118	SAMN13428028	SRX7238705	Microbe sample from Escherichia coli	NextSeq 500 sequencing: Barcode sequencing of E. coli evolving in antibiotics	1113227	55661350	ftp.sra.ebi.ac.uk/vol1/fastq/SRR105/018/SRR10557118/SRR10557118.fastq.gz	2b73772308ca696d2d6f167c14e345df	26545532	SINGLE
SRR10557123	SAMN13428024	SRX7238700	Microbe sample from Escherichia coli	NextSeq 500 sequencing: Barcode sequencing of E. coli evolving in antibiotics	2231329	111566450	ftp.sra.ebi.ac.uk/vol1/fastq/SRR105/023/SRR10557123/SRR10557123.fastq.gz	6316410135ddd9746361e166e161ffa6	51283911	SINGLE
SRR10557125	SAMN13428108	SRX7238698	Microbe sample from Escherichia coli	NextSeq 500 sequencing: Barcode sequencing of E. coli evolving in antibiotics	1204194	60209700	ftp.sra.ebi.ac.uk/vol1/fastq/SRR105/025/SRR10557125/SRR10557125.fastq.gz	99a6b1e30f36d6daee48801d8b02d202	29384132	SINGLE
SRR10557136	SAMN13428098	SRX7238687	Microbe sample from Escherichia coli	NextSeq 500 sequencing: Barcode sequencing of E. coli evolving in antibiotics	842509	42125450	ftp.sra.ebi.ac.uk/vol1/fastq/SRR105/036/SRR10557136/SRR10557136.fastq.gz	4d9b44a7364d8356d36b1e53b0f3c42a	21756353	SINGLE
SRR10557144	SAMN13428091	SRX7238679	Microbe sample from Escherichia coli	NextSeq 500 sequencing: Barcode sequencing of E. coli evolving in antibiotics	1153268	57663400	ftp.sra.ebi.ac.uk/vol1/fastq/SRR105/044/SRR10557144/SRR10557144.fastq.gz	b8aa769a2f07fb3b3cdef9216427263c	29769713	SINGLE
SRR10557162	SAMN13427902	SRX7238661	Microbe sample from Escherichia coli	NextSeq 500 sequencing: Barcode sequencing of E. coli evolving in antibiotics	1587953	79397650	ftp.sra.ebi.ac.uk/vol1/fastq/SRR105/062/SRR10557162/SRR10557162.fastq.gz	66330d49aa88f42701d544df05bcbfe1	32703075	SINGLE
SRR10557163	SAMN13427901	SRX7238660	Microbe sample from Escherichia coli	NextSeq 500 sequencing: Barcode sequencing of E. coli evolving in antibiotics	1523059	76152950	ftp.sra.ebi.ac.uk/vol1/fastq/SRR105/063/SRR10557163/SRR10557163.fastq.gz	408b7daa7fe42bc2f407cbf712af9628	29189104	SINGLE
SRR10557167	SAMN13427763	SRX7238656	Microbe sample from Escherichia coli	NextSeq 500 sequencing: Barcode sequencing of E. coli evolving in antibiotics	815935	40796750	ftp.sra.ebi.ac.uk/vol1/fastq/SRR105/067/SRR10557167/SRR10557167.fastq.gz	7d85eb2563e7da540c94347cb2578ddd	21379232	SINGLE
SRR10557169	SAMN13427896	SRX7238654	Microbe sample from Escherichia coli	NextSeq 500 sequencing: Barcode sequencing of E. coli evolving in antibiotics	1092951	54647550	ftp.sra.ebi.ac.uk/vol1/fastq/SRR105/069/SRR10557169/SRR10557169.fastq.gz	7fb1be0d8380b917f18e6f75e9637b47	22712696	SINGLE
SRR10557171	SAMN13427894	SRX7238652	Microbe sample from Escherichia coli	NextSeq 500 sequencing: Barcode sequencing of E. coli evolving in antibiotics	1219987	60999350	ftp.sra.ebi.ac.uk/vol1/fastq/SRR105/071/SRR10557171/SRR10557171.fastq.gz	344d01c049caa08a1b20cb96e4d029d1	27286397	SINGLE
SRR10557176	SAMN13427889	SRX7238647	Microbe sample from Escherichia coli	NextSeq 500 sequencing: Barcode sequencing of E. coli evolving in antibiotics	1473359	73667950	ftp.sra.ebi.ac.uk/vol1/fastq/SRR105/076/SRR10557176/SRR10557176.fastq.gz	4494c86ff15aafff715ff65a675a8669	30893080	SINGLE
SRR10557186	SAMN13427880	SRX7238637	Microbe sample from Escherichia coli	NextSeq 500 sequencing: Barcode sequencing of E. coli evolving in antibiotics	1070943	53547150	ftp.sra.ebi.ac.uk/vol1/fastq/SRR105/086/SRR10557186/SRR10557186.fastq.gz	263e1b4ab0e7c28711c2304e71b3fa2c	24581504	SINGLE
SRR10557203	SAMN13428446	SRX7238620	Microbe sample from Escherichia coli	NextSeq 500 sequencing: Barcode sequencing of E. coli evolving in antibiotics	863960	43198000	ftp.sra.ebi.ac.uk/vol1/fastq/SRR105/003/SRR10557203/SRR10557203.fastq.gz	4f4671566f81620dd84dbb97619e9f2b	22690658	SINGLE
SRR10557204	SAMN13428445	SRX7238619	Microbe sample from Escherichia coli	NextSeq 500 sequencing: Barcode sequencing of E. coli evolving in antibiotics	924653	46232650	ftp.sra.ebi.ac.uk/vol1/fastq/SRR105/004/SRR10557204/SRR10557204.fastq.gz	3b940b6d3b37fd47e1e7411c54d0dc08	22950608	SINGLE
SRR10557208	SAMN13428441	SRX7238615	Microbe sample from Escherichia coli	NextSeq 500 sequencing: Barcode sequencing of E. coli evolving in antibiotics	1530265	76513250	ftp.sra.ebi.ac.uk/vol1/fastq/SRR105/008/SRR10557208/SRR10557208.fastq.gz	f7f77850c9fd503b1ec3e227df65085c	37044626	SINGLE
SRR10557213	SAMN13428437	SRX7239282	Microbe sample from Escherichia coli	NextSeq 500 sequencing: Barcode sequencing of E. coli evolving in antibiotics	899083	44954150	ftp.sra.ebi.ac.uk/vol1/fastq/SRR105/013/SRR10557213/SRR10557213.fastq.gz	70b27b62b7a9c5271080aadd16786620	17887905	SINGLE
SRR10557218	SAMN13428432	SRX7239277	Microbe sample from Escherichia coli	NextSeq 500 sequencing: Barcode sequencing of E. coli evolving in antibiotics	1198660	59933000	ftp.sra.ebi.ac.uk/vol1/fastq/SRR105/018/SRR10557218/SRR10557218.fastq.gz	168fa3b7ccde24e71c3235bdf156ba38	25788911	SINGLE
SRR10557219	SAMN13428431	SRX7239276	Microbe sample from Escherichia coli	NextSeq 500 sequencing: Barcode sequencing of E. coli evolving in antibiotics	1131011	56550550	ftp.sra.ebi.ac.uk/vol1/fastq/SRR105/019/SRR10557219/SRR10557219.fastq.gz	843aa8539f7fcd9bd996441f021c8f30	28650271	SINGLE
SRR10557221	SAMN13428429	SRX7239274	Microbe sample from Escherichia coli	NextSeq 500 sequencing: Barcode sequencing of E. coli evolving in antibiotics	1183845	59192250	ftp.sra.ebi.ac.uk/vol1/fastq/SRR105/021/SRR10557221/SRR10557221.fastq.gz	6c22943fd41aad1c18476cf4d5ee67e8	27298392	SINGLE
SRR10557223	SAMN13427816	SRX7239272	Microbe sample from Escherichia coli	NextSeq 500 sequencing: Barcode sequencing of E. coli evolving in antibiotics	892672	44633600	ftp.sra.ebi.ac.uk/vol1/fastq/SRR105/023/SRR10557223/SRR10557223.fastq.gz	965fa438c1dd1d54a81fa6e2e1515c23	21680184	SINGLE
SRR10557227	SAMN13428424	SRX7239268	Microbe sample from Escherichia coli	NextSeq 500 sequencing: Barcode sequencing of E. coli evolving in antibiotics	1367078	68353900	ftp.sra.ebi.ac.uk/vol1/fastq/SRR105/027/SRR10557227/SRR10557227.fastq.gz	5757f9fc76268dd9042eaafda5f53eb6	31826402	SINGLE
SRR10557229	SAMN13428422	SRX7239266	Microbe sample from Escherichia coli	NextSeq 500 sequencing: Barcode sequencing of E. coli evolving in antibiotics	1263653	63182650	ftp.sra.ebi.ac.uk/vol1/fastq/SRR105/029/SRR10557229/SRR10557229.fastq.gz	da8ef306c0f2544e56112ef4e0709315	31281320	SINGLE
SRR10557232	SAMN13428419	SRX7239263	Microbe sample from Escherichia coli	NextSeq 500 sequencing: Barcode sequencing of E. coli evolving in antibiotics	1577086	78854300	ftp.sra.ebi.ac.uk/vol1/fastq/SRR105/032/SRR10557232/SRR10557232.fastq.gz	c03866415c5ba241911fe0e310bc0600	40394081	SINGLE
SRR10557248	SAMN13428405	SRX7239247	Microbe sample from Escherichia coli	NextSeq 500 sequencing: Barcode sequencing of E. coli evolving in antibiotics	1423271	71163550	ftp.sra.ebi.ac.uk/vol1/fastq/SRR105/048/SRR10557248/SRR10557248.fastq.gz	f08a503e68aff188915f785b91e714a5	33741152	SINGLE
SRR10557252	SAMN13428401	SRX7239243	Microbe sample from Escherichia coli	NextSeq 500 sequencing: Barcode sequencing of E. coli evolving in antibiotics	1158837	57941850	ftp.sra.ebi.ac.uk/vol1/fastq/SRR105/052/SRR10557252/SRR10557252.fastq.gz	d73c325697593ad0de72f67c32c12eb3	28189249	SINGLE
SRR10557255	SAMN13428398	SRX7239240	Microbe sample from Escherichia coli	NextSeq 500 sequencing: Barcode sequencing of E. coli evolving in antibiotics	1250460	62523000	ftp.sra.ebi.ac.uk/vol1/fastq/SRR105/055/SRR10557255/SRR10557255.fastq.gz	9e0bc9e4aae7ae57908884f6fc15b18c	29568849	SINGLE
SRR10557258	SAMN13427842	SRX7239237	Microbe sample from Escherichia coli	NextSeq 500 sequencing: Barcode sequencing of E. coli evolving in antibiotics	1236703	61835150	ftp.sra.ebi.ac.uk/vol1/fastq/SRR105/058/SRR10557258/SRR10557258.fastq.gz	e2f76f7232ab8a5ea6ffd9bb96e5877d	27919739	SINGLE
SRR10557260	SAMN13427840	SRX7239235	Microbe sample from Escherichia coli	NextSeq 500 sequencing: Barcode sequencing of E. coli evolving in antibiotics	1239513	61975650	ftp.sra.ebi.ac.uk/vol1/fastq/SRR105/060/SRR10557260/SRR10557260.fastq.gz	fac1869afd82d5edf92de2cc5c0cf9be	26823601	SINGLE
SRR10557263	SAMN13427757	SRX7239232	Microbe sample from Escherichia coli	NextSeq 500 sequencing: Barcode sequencing of E. coli evolving in antibiotics	1174448	58722400	ftp.sra.ebi.ac.uk/vol1/fastq/SRR105/063/SRR10557263/SRR10557263.fastq.gz	ec5e2142351b43f11963eeb1971464f7	27668003	SINGLE
SRR10557269	SAMN13427832	SRX7239226	Microbe sample from Escherichia coli	NextSeq 500 sequencing: Barcode sequencing of E. coli evolving in antibiotics	1280561	64028050	ftp.sra.ebi.ac.uk/vol1/fastq/SRR105/069/SRR10557269/SRR10557269.fastq.gz	214b8dfec89a2ac521ae137c109348e0	29139281	SINGLE
SRR10557277	SAMN13427825	SRX7239218	Microbe sample from Escherichia coli	NextSeq 500 sequencing: Barcode sequencing of E. coli evolving in antibiotics	1257453	62872650	ftp.sra.ebi.ac.uk/vol1/fastq/SRR105/077/SRR10557277/SRR10557277.fastq.gz	51f88d734480cc8be7ce535223da717b	30615661	SINGLE
SRR10557279	SAMN13427823	SRX7239216	Microbe sample from Escherichia coli	NextSeq 500 sequencing: Barcode sequencing of E. coli evolving in antibiotics	1534720	76736000	ftp.sra.ebi.ac.uk/vol1/fastq/SRR105/079/SRR10557279/SRR10557279.fastq.gz	7f3d6d8e7561ae0c5fd59d709b4cd4eb	39646961	SINGLE
SRR10557281	SAMN13428490	SRX7239214	Microbe sample from Escherichia coli	NextSeq 500 sequencing: Barcode sequencing of E. coli evolving in antibiotics	1364303	68215150	ftp.sra.ebi.ac.uk/vol1/fastq/SRR105/081/SRR10557281/SRR10557281.fastq.gz	3b55b7af8e5fb1b5fa9397346510c3e6	29675028	SINGLE
SRR10557285	SAMN13428487	SRX7239210	Microbe sample from Escherichia coli	NextSeq 500 sequencing: Barcode sequencing of E. coli evolving in antibiotics	1110538	55526900	ftp.sra.ebi.ac.uk/vol1/fastq/SRR105/085/SRR10557285/SRR10557285.fastq.gz	c0facfe5b42ef24e79952fa197550dae	26741974	SINGLE
SRR10557291	SAMN13428395	SRX7239204	Microbe sample from Escherichia coli	NextSeq 500 sequencing: Barcode sequencing of E. coli evolving in antibiotics	887571	44378550	ftp.sra.ebi.ac.uk/vol1/fastq/SRR105/091/SRR10557291/SRR10557291.fastq.gz	49f13165b21004a27bfd3e248424f495	23062281	SINGLE
SRR10557310	SAMN13427811	SRX7239185	Microbe sample from Escherichia coli	NextSeq 500 sequencing: Barcode sequencing of E. coli evolving in antibiotics	824777	41238850	ftp.sra.ebi.ac.uk/vol1/fastq/SRR105/010/SRR10557310/SRR10557310.fastq.gz	f1069592867102492cfada0cf6ea894e	21417935	SINGLE
SRR10557314	SAMN13428374	SRX7239181	Microbe sample from Escherichia coli	NextSeq 500 sequencing: Barcode sequencing of E. coli evolving in antibiotics	952443	47622150	ftp.sra.ebi.ac.uk/vol1/fastq/SRR105/014/SRR10557314/SRR10557314.fastq.gz	77066af9727e73c7a05dccdd23fb8c18	23170981	SINGLE
SRR10557319	SAMN13428369	SRX7239176	Microbe sample from Escherichia coli	NextSeq 500 sequencing: Barcode sequencing of E. coli evolving in antibiotics	1224022	61201100	ftp.sra.ebi.ac.uk/vol1/fastq/SRR105/019/SRR10557319/SRR10557319.fastq.gz	9fe809c8650278118e8471c090018078	29058045	SINGLE
SRR10557324	SAMN13428365	SRX7239171	Microbe sample from Escherichia coli	NextSeq 500 sequencing: Barcode sequencing of E. coli evolving in antibiotics	1229980	61499000	ftp.sra.ebi.ac.uk/vol1/fastq/SRR105/024/SRR10557324/SRR10557324.fastq.gz	5d6ea79b80241c0fa140cefe05d1b117	29572610	SINGLE
SRR10557326	SAMN13428363	SRX7239169	Microbe sample from Escherichia coli	NextSeq 500 sequencing: Barcode sequencing of E. coli evolving in antibiotics	834112	41705600	ftp.sra.ebi.ac.uk/vol1/fastq/SRR105/026/SRR10557326/SRR10557326.fastq.gz	5f8c534586dd27286f69180cc35d9c30	23496101	SINGLE
SRR10557340	SAMN13428350	SRX7239155	Microbe sample from Escherichia coli	NextSeq 500 sequencing: Barcode sequencing of E. coli evolving in antibiotics	725567	36278350	ftp.sra.ebi.ac.uk/vol1/fastq/SRR105/040/SRR10557340/SRR10557340.fastq.gz	02c6d9934a4673ef53f8eea4d323af26	18864744	SINGLE
SRR10557347	SAMN13428345	SRX7239148	Microbe sample from Escherichia coli	NextSeq 500 sequencing: Barcode sequencing of E. coli evolving in antibiotics	926879	46343950	ftp.sra.ebi.ac.uk/vol1/fastq/SRR105/047/SRR10557347/SRR10557347.fastq.gz	85e1d5c2d93e8412130e8358d58842db	22983058	SINGLE
SRR10557352	SAMN13428340	SRX7239143	Microbe sample from Escherichia coli	NextSeq 500 sequencing: Barcode sequencing of E. coli evolving in antibiotics	770725	38536250	ftp.sra.ebi.ac.uk/vol1/fastq/SRR105/052/SRR10557352/SRR10557352.fastq.gz	633d2dc2a48134872951bffc4452a272	18988156	SINGLE
SRR10557357	SAMN13427801	SRX7239138	Microbe sample from Escherichia coli	NextSeq 500 sequencing: Barcode sequencing of E. coli evolving in antibiotics	986570	49328500	ftp.sra.ebi.ac.uk/vol1/fastq/SRR105/057/SRR10557357/SRR10557357.fastq.gz	0a79b6e7784645b8f562740a4e5d4d35	19954147	SINGLE
SRR10557361	SAMN13428274	SRX7239134	Microbe sample from Escherichia coli	NextSeq 500 sequencing: Barcode sequencing of E. coli evolving in antibiotics	1337431	66871550	ftp.sra.ebi.ac.uk/vol1/fastq/SRR105/061/SRR10557361/SRR10557361.fastq.gz	5085395a61629fd9508bc9f3a252e670	33321953	SINGLE
SRR10557366	SAMN13428269	SRX7239129	Microbe sample from Escherichia coli	NextSeq 500 sequencing: Barcode sequencing of E. coli evolving in antibiotics	1241088	62054400	ftp.sra.ebi.ac.uk/vol1/fastq/SRR105/066/SRR10557366/SRR10557366.fastq.gz	7e42dc517ea6b42b1a987c23f58a2613	29016622	SINGLE
SRR10557367	SAMN13428268	SRX7239128	Microbe sample from Escherichia coli	NextSeq 500 sequencing: Barcode sequencing of E. coli evolving in antibiotics	1299817	64990850	ftp.sra.ebi.ac.uk/vol1/fastq/SRR105/067/SRR10557367/SRR10557367.fastq.gz	5f49f2a1258528129614f616c65e0dcc	30898721	SINGLE
SRR10557368	SAMN13427800	SRX7239127	Microbe sample from Escherichia coli	NextSeq 500 sequencing: Barcode sequencing of E. coli evolving in antibiotics	1026491	51324550	ftp.sra.ebi.ac.uk/vol1/fastq/SRR105/068/SRR10557368/SRR10557368.fastq.gz	ea96b2ff6849623b4b1e059a52e6236f	21172817	SINGLE
SRR10557388	SAMN13428163	SRX7239107	Microbe sample from Escherichia coli	NextSeq 500 sequencing: Barcode sequencing of E. coli evolving in antibiotics	1248240	62412000	ftp.sra.ebi.ac.uk/vol1/fastq/SRR105/088/SRR10557388/SRR10557388.fastq.gz	41a699c87cd47a8e3c7a944383f11401	31555702	SINGLE
SRR10557389	SAMN13428162	SRX7239106	Microbe sample from Escherichia coli	NextSeq 500 sequencing: Barcode sequencing of E. coli evolving in antibiotics	1204418	60220900	ftp.sra.ebi.ac.uk/vol1/fastq/SRR105/089/SRR10557389/SRR10557389.fastq.gz	acba6ca4ab9ad183117fe1bdededd6ac	30913062	SINGLE
SRR10557398	SAMN13428154	SRX7239097	Microbe sample from Escherichia coli	NextSeq 500 sequencing: Barcode sequencing of E. coli evolving in antibiotics	1024778	51238900	ftp.sra.ebi.ac.uk/vol1/fastq/SRR105/098/SRR10557398/SRR10557398.fastq.gz	e9239c602d162e9bc220695f8821158b	26999175	SINGLE
SRR10557400	SAMN13428152	SRX7239095	Microbe sample from Escherichia coli	NextSeq 500 sequencing: Barcode sequencing of E. coli evolving in antibiotics	1258633	62931650	ftp.sra.ebi.ac.uk/vol1/fastq/SRR105/000/SRR10557400/SRR10557400.fastq.gz	31c4695ba40c936bc9e10d6b58c92d47	31210163	SINGLE
SRR10557402	SAMN13428150	SRX7239093	Microbe sample from Escherichia coli	NextSeq 500 sequencing: Barcode sequencing of E. coli evolving in antibiotics	792059	39602950	ftp.sra.ebi.ac.uk/vol1/fastq/SRR105/002/SRR10557402/SRR10557402.fastq.gz	f2b26eaddfd2ebf0811d741df300c8b2	20897881	SINGLE
SRR10557409	SAMN13428145	SRX7239086	Microbe sample from Escherichia coli	NextSeq 500 sequencing: Barcode sequencing of E. coli evolving in antibiotics	867701	43385050	ftp.sra.ebi.ac.uk/vol1/fastq/SRR105/009/SRR10557409/SRR10557409.fastq.gz	d22b1b049a1efbdd77141e1b092383b7	21565397	SINGLE
SRR10557421	SAMN13428248	SRX7239074	Microbe sample from Escherichia coli	NextSeq 500 sequencing: Barcode sequencing of E. coli evolving in antibiotics	836016	41800800	ftp.sra.ebi.ac.uk/vol1/fastq/SRR105/021/SRR10557421/SRR10557421.fastq.gz	2778726eafc64535b7575a327476b456	20766696	SINGLE
SRR10557423	SAMN13427753	SRX7239072	Microbe sample from Escherichia coli	NextSeq 500 sequencing: Barcode sequencing of E. coli evolving in antibiotics	1033520	51676000	ftp.sra.ebi.ac.uk/vol1/fastq/SRR105/023/SRR10557423/SRR10557423.fastq.gz	c4bcf40992731d10ad1cae0412edadeb	25283822	SINGLE
SRR10557430	SAMN13428241	SRX7239065	Microbe sample from Escherichia coli	NextSeq 500 sequencing: Barcode sequencing of E. coli evolving in antibiotics	946569	47328450	ftp.sra.ebi.ac.uk/vol1/fastq/SRR105/030/SRR10557430/SRR10557430.fastq.gz	329bf4d7dcee82b868fe864018d264d9	23331495	SINGLE
SRR10557436	SAMN13428236	SRX7239059	Microbe sample from Escherichia coli	NextSeq 500 sequencing: Barcode sequencing of E. coli evolving in antibiotics	1297546	64877300	ftp.sra.ebi.ac.uk/vol1/fastq/SRR105/036/SRR10557436/SRR10557436.fastq.gz	a832e5ea52e4ed9e5475c4e49e7d68bc	28025520	SINGLE
SRR10557448	SAMN13428225	SRX7239047	Microbe sample from Escherichia coli	NextSeq 500 sequencing: Barcode sequencing of E. coli evolving in antibiotics	1422993	71149650	ftp.sra.ebi.ac.uk/vol1/fastq/SRR105/048/SRR10557448/SRR10557448.fastq.gz	d62d10cc2d1d88b97f75f69717ed9990	33622014	SINGLE
SRR10557460	SAMN13428069	SRX7239035	Microbe sample from Escherichia coli	NextSeq 500 sequencing: Barcode sequencing of E. coli evolving in antibiotics	875382	43769100	ftp.sra.ebi.ac.uk/vol1/fastq/SRR105/060/SRR10557460/SRR10557460.fastq.gz	2fddf2ee00f79a923d2bc961894dde2d	22064487	SINGLE
SRR10557469	SAMN13428061	SRX7239026	Microbe sample from Escherichia coli	NextSeq 500 sequencing: Barcode sequencing of E. coli evolving in antibiotics	892511	44625550	ftp.sra.ebi.ac.uk/vol1/fastq/SRR105/069/SRR10557469/SRR10557469.fastq.gz	b9abcff0a7535a9d6b711d4b11d2f149	22194958	SINGLE
SRR10557485	SAMN13427874	SRX7239010	Microbe sample from Escherichia coli	NextSeq 500 sequencing: Barcode sequencing of E. coli evolving in antibiotics	1026100	51305000	ftp.sra.ebi.ac.uk/vol1/fastq/SRR105/085/SRR10557485/SRR10557485.fastq.gz	5ec666c0e51e8e29724f446e1a1fa534	26619350	SINGLE
SRR10557491	SAMN13427868	SRX7239004	Microbe sample from Escherichia coli	NextSeq 500 sequencing: Barcode sequencing of E. coli evolving in antibiotics	1136202	56810100	ftp.sra.ebi.ac.uk/vol1/fastq/SRR105/091/SRR10557491/SRR10557491.fastq.gz	560d109a6dafdd362fa629b5565fa2c0	28036914	SINGLE
SRR10557502	SAMN13427858	SRX7238993	Microbe sample from Escherichia coli	NextSeq 500 sequencing: Barcode sequencing of E. coli evolving in antibiotics	714925	35746250	ftp.sra.ebi.ac.uk/vol1/fastq/SRR105/002/SRR10557502/SRR10557502.fastq.gz	4fbde1046de3a8ff454beff6aa547b16	19058881	SINGLE
SRR10557504	SAMN13427857	SRX7238991	Microbe sample from Escherichia coli	NextSeq 500 sequencing: Barcode sequencing of E. coli evolving in antibiotics	776220	38811000	ftp.sra.ebi.ac.uk/vol1/fastq/SRR105/004/SRR10557504/SRR10557504.fastq.gz	d7b0333427fcaae0da5defa61091991e	19519893	SINGLE
SRR10557506	SAMN13427855	SRX7238989	Microbe sample from Escherichia coli	NextSeq 500 sequencing: Barcode sequencing of E. coli evolving in antibiotics	1231346	61567300	ftp.sra.ebi.ac.uk/vol1/fastq/SRR105/006/SRR10557506/SRR10557506.fastq.gz	ce29c035f0f599d16d6b2207946d7648	28222297	SINGLE
SRR10557508	SAMN13427853	SRX7238987	Microbe sample from Escherichia coli	NextSeq 500 sequencing: Barcode sequencing of E. coli evolving in antibiotics	1270175	63508750	ftp.sra.ebi.ac.uk/vol1/fastq/SRR105/008/SRR10557508/SRR10557508.fastq.gz	92e2564627c961061b05ade24b4e4eef	26097407	SINGLE
SRR10557518	SAMN13428306	SRX7238977	Microbe sample from Escherichia coli	NextSeq 500 sequencing: Barcode sequencing of E. coli evolving in antibiotics	1031083	51554150	ftp.sra.ebi.ac.uk/vol1/fastq/SRR105/018/SRR10557518/SRR10557518.fastq.gz	614a6e82eefd6ded40aebcc57d940fdf	26723206	SINGLE
SRR10557522	SAMN13428302	SRX7238973	Microbe sample from Escherichia coli	NextSeq 500 sequencing: Barcode sequencing of E. coli evolving in antibiotics	939234	46961700	ftp.sra.ebi.ac.uk/vol1/fastq/SRR105/022/SRR10557522/SRR10557522.fastq.gz	c5a64ce74a3e69103cb3fa0cf4123d22	24576161	SINGLE
SRR10557525	SAMN13428299	SRX7238970	Microbe sample from Escherichia coli	NextSeq 500 sequencing: Barcode sequencing of E. coli evolving in antibiotics	989090	49454500	ftp.sra.ebi.ac.uk/vol1/fastq/SRR105/025/SRR10557525/SRR10557525.fastq.gz	e7699595d74ba24918ab5a29c6b8afb1	24577603	SINGLE
SRR10557533	SAMN13428292	SRX7238962	Microbe sample from Escherichia coli	NextSeq 500 sequencing: Barcode sequencing of E. coli evolving in antibiotics	849197	42459850	ftp.sra.ebi.ac.uk/vol1/fastq/SRR105/033/SRR10557533/SRR10557533.fastq.gz	daad5a21a4c4f3e63df11d4ee56cde82	20847061	SINGLE
SRR10557537	SAMN13428288	SRX7238958	Microbe sample from Escherichia coli	NextSeq 500 sequencing: Barcode sequencing of E. coli evolving in antibiotics	1043644	52182200	ftp.sra.ebi.ac.uk/vol1/fastq/SRR105/037/SRR10557537/SRR10557537.fastq.gz	a671683449307376b1e540415f573a31	25617503	SINGLE
SRR10557541	SAMN13428285	SRX7238954	Microbe sample from Escherichia coli	NextSeq 500 sequencing: Barcode sequencing of E. coli evolving in antibiotics	1385014	69250700	ftp.sra.ebi.ac.uk/vol1/fastq/SRR105/041/SRR10557541/SRR10557541.fastq.gz	3284bb70f3bde12c46e105cc408553fe	27893386	SINGLE
SRR10557544	SAMN13428282	SRX7238951	Microbe sample from Escherichia coli	NextSeq 500 sequencing: Barcode sequencing of E. coli evolving in antibiotics	1584314	79215700	ftp.sra.ebi.ac.uk/vol1/fastq/SRR105/044/SRR10557544/SRR10557544.fastq.gz	325d2b481b47c1f33de321e7c5b58b16	36729040	SINGLE
SRR10557550	SAMN13427992	SRX7239353	Microbe sample from Escherichia coli	NextSeq 500 sequencing: Barcode sequencing of E. coli evolving in antibiotics	1161073	58053650	ftp.sra.ebi.ac.uk/vol1/fastq/SRR105/050/SRR10557550/SRR10557550.fastq.gz	932ee2fa1dd6ce59aa7444944845a4ce	25293559	SINGLE
SRR10557565	SAMN13427978	SRX7239338	Microbe sample from Escherichia coli	NextSeq 500 sequencing: Barcode sequencing of E. coli evolving in antibiotics	1262878	63143900	ftp.sra.ebi.ac.uk/vol1/fastq/SRR105/065/SRR10557565/SRR10557565.fastq.gz	4c90cb0826a16fe80d955b6ce09c7bf4	31545376	SINGLE
SRR10557566	SAMN13427771	SRX7239337	Microbe sample from Escherichia coli	NextSeq 500 sequencing: Barcode sequencing of E. coli evolving in antibiotics	938330	46916500	ftp.sra.ebi.ac.uk/vol1/fastq/SRR105/066/SRR10557566/SRR10557566.fastq.gz	ba012815a7fd6e9e54ab083657572cee	24078051	SINGLE
SRR10557567	SAMN13427977	SRX7239336	Microbe sample from Escherichia coli	NextSeq 500 sequencing: Barcode sequencing of E. coli evolving in antibiotics	1220476	61023800	ftp.sra.ebi.ac.uk/vol1/fastq/SRR105/067/SRR10557567/SRR10557567.fastq.gz	ffbea394d4eb2521a5cc020191f3d20e	28933976	SINGLE
SRR10557569	SAMN13427975	SRX7239334	Microbe sample from Escherichia coli	NextSeq 500 sequencing: Barcode sequencing of E. coli evolving in antibiotics	1021572	51078600	ftp.sra.ebi.ac.uk/vol1/fastq/SRR105/069/SRR10557569/SRR10557569.fastq.gz	51cdee876fb9dcdb8a1a1108a98580fc	26501170	SINGLE
SRR10557595	SAMN13428470	SRX7239308	Microbe sample from Escherichia coli	NextSeq 500 sequencing: Barcode sequencing of E. coli evolving in antibiotics	1306813	65340650	ftp.sra.ebi.ac.uk/vol1/fastq/SRR105/095/SRR10557595/SRR10557595.fastq.gz	274e3b980922ee4545edfb320ffc754d	33235933	SINGLE
SRR10557597	SAMN13428468	SRX7239306	Microbe sample from Escherichia coli	NextSeq 500 sequencing: Barcode sequencing of E. coli evolving in antibiotics	1316966	65848300	ftp.sra.ebi.ac.uk/vol1/fastq/SRR105/097/SRR10557597/SRR10557597.fastq.gz	5ba1f9b7fdfd1c17c133f8d491a6da61	32324225	SINGLE
SRR10557599	SAMN13428467	SRX7239304	Microbe sample from Escherichia coli	NextSeq 500 sequencing: Barcode sequencing of E. coli evolving in antibiotics	1252183	62609150	ftp.sra.ebi.ac.uk/vol1/fastq/SRR105/099/SRR10557599/SRR10557599.fastq.gz	b80cbabf5dcfd8c2bc9e9b7cf7632cef	29647999	SINGLE
SRR10557603	SAMN13428463	SRX7239300	Microbe sample from Escherichia coli	NextSeq 500 sequencing: Barcode sequencing of E. coli evolving in antibiotics	1227525	61376250	ftp.sra.ebi.ac.uk/vol1/fastq/SRR105/003/SRR10557603/SRR10557603.fastq.gz	3c9df7fa88709016982a08e3ae9f104b	31166336	SINGLE
SRR10557609	SAMN13427819	SRX7239294	Microbe sample from Escherichia coli	NextSeq 500 sequencing: Barcode sequencing of E. coli evolving in antibiotics	826993	41349650	ftp.sra.ebi.ac.uk/vol1/fastq/SRR105/009/SRR10557609/SRR10557609.fastq.gz	3b560e5e8423a4790e3d58f3a5cf815f	21345303	SINGLE
SRR10557612	SAMN13428455	SRX7239291	Microbe sample from Escherichia coli	NextSeq 500 sequencing: Barcode sequencing of E. coli evolving in antibiotics	1181356	59067800	ftp.sra.ebi.ac.uk/vol1/fastq/SRR105/012/SRR10557612/SRR10557612.fastq.gz	6cd898b1d51a1c40c2475106c2453c23	30160025	SINGLE
SRR10557615	SAMN13427807	SRX7239288	Microbe sample from Escherichia coli	NextSeq 500 sequencing: Barcode sequencing of E. coli evolving in antibiotics	978378	48918900	ftp.sra.ebi.ac.uk/vol1/fastq/SRR105/015/SRR10557615/SRR10557615.fastq.gz	c72ef662f483a8a56e51ee1172d720ae	21164594	SINGLE
SRR10557616	SAMN13428337	SRX7239287	Microbe sample from Escherichia coli	NextSeq 500 sequencing: Barcode sequencing of E. coli evolving in antibiotics	1177839	58891950	ftp.sra.ebi.ac.uk/vol1/fastq/SRR105/016/SRR10557616/SRR10557616.fastq.gz	0d6e10fbb73f504f8c328da68253b072	28514204	SINGLE
SRR10556882	SAMN13427806	SRX7238941	Microbe sample from Escherichia coli	NextSeq 500 sequencing: Barcode sequencing of E. coli evolving in antibiotics	1049725	52486250	ftp.sra.ebi.ac.uk/vol1/fastq/SRR105/082/SRR10556882/SRR10556882.fastq.gz	4bb7ef49aac5596efc5c86c9d44e6a4b	21536449	SINGLE
SRR10556886	SAMN13428324	SRX7238937	Microbe sample from Escherichia coli	NextSeq 500 sequencing: Barcode sequencing of E. coli evolving in antibiotics	1119249	55962450	ftp.sra.ebi.ac.uk/vol1/fastq/SRR105/086/SRR10556886/SRR10556886.fastq.gz	96d99883dcf3122d54596c4229444ecf	25338397	SINGLE
SRR10556891	SAMN13428319	SRX7238932	Microbe sample from Escherichia coli	NextSeq 500 sequencing: Barcode sequencing of E. coli evolving in antibiotics	1083869	54193450	ftp.sra.ebi.ac.uk/vol1/fastq/SRR105/091/SRR10556891/SRR10556891.fastq.gz	9aef6dd91ff3185c1d1964b361ce4e04	28534813	SINGLE
SRR10556894	SAMN13428317	SRX7238929	Microbe sample from Escherichia coli	NextSeq 500 sequencing: Barcode sequencing of E. coli evolving in antibiotics	1131463	56573150	ftp.sra.ebi.ac.uk/vol1/fastq/SRR105/094/SRR10556894/SRR10556894.fastq.gz	f0d52367aee588b683a15e33256dfac6	27076968	SINGLE
SRR10556895	SAMN13428316	SRX7238928	Microbe sample from Escherichia coli	NextSeq 500 sequencing: Barcode sequencing of E. coli evolving in antibiotics	1174230	58711500	ftp.sra.ebi.ac.uk/vol1/fastq/SRR105/095/SRR10556895/SRR10556895.fastq.gz	9df0867ce2cb9a9e843596f3a73a640c	28527098	SINGLE
SRR10556904	SAMN13428221	SRX7238919	Microbe sample from Escherichia coli	NextSeq 500 sequencing: Barcode sequencing of E. coli evolving in antibiotics	609219	30460950	ftp.sra.ebi.ac.uk/vol1/fastq/SRR105/004/SRR10556904/SRR10556904.fastq.gz	15d2e5400947cb66a599d6cc9bd164c1	14463529	SINGLE
SRR10556906	SAMN13428219	SRX7238917	Microbe sample from Escherichia coli	NextSeq 500 sequencing: Barcode sequencing of E. coli evolving in antibiotics	2063467	103173350	ftp.sra.ebi.ac.uk/vol1/fastq/SRR105/006/SRR10556906/SRR10556906.fastq.gz	3d598aed67d6fcf87c6daa58c2019a3a	52550465	SINGLE
SRR10556908	SAMN13427795	SRX7238915	Microbe sample from Escherichia coli	NextSeq 500 sequencing: Barcode sequencing of E. coli evolving in antibiotics	1184100	59205000	ftp.sra.ebi.ac.uk/vol1/fastq/SRR105/008/SRR10556908/SRR10556908.fastq.gz	0f699d5cbd31e8f24ae0e002126c26a7	28034407	SINGLE
SRR10556909	SAMN13428217	SRX7238914	Microbe sample from Escherichia coli	NextSeq 500 sequencing: Barcode sequencing of E. coli evolving in antibiotics	2141318	107065900	ftp.sra.ebi.ac.uk/vol1/fastq/SRR105/009/SRR10556909/SRR10556909.fastq.gz	91c03affaf9a033fecfbfc552b89d186	49886356	SINGLE
SRR10556922	SAMN13428205	SRX7238901	Microbe sample from Escherichia coli	NextSeq 500 sequencing: Barcode sequencing of E. coli evolving in antibiotics	993950	49697500	ftp.sra.ebi.ac.uk/vol1/fastq/SRR105/022/SRR10556922/SRR10556922.fastq.gz	872a16df79ccc91b92980f7859513858	24528172	SINGLE
SRR10556926	SAMN13428201	SRX7238897	Microbe sample from Escherichia coli	NextSeq 500 sequencing: Barcode sequencing of E. coli evolving in antibiotics	841393	42069650	ftp.sra.ebi.ac.uk/vol1/fastq/SRR105/026/SRR10556926/SRR10556926.fastq.gz	ffc0c49d61daa422d12d108cf76a54d5	21395134	SINGLE
SRR10556929	SAMN13428198	SRX7238894	Microbe sample from Escherichia coli	NextSeq 500 sequencing: Barcode sequencing of E. coli evolving in antibiotics	817217	40860850	ftp.sra.ebi.ac.uk/vol1/fastq/SRR105/029/SRR10556929/SRR10556929.fastq.gz	94d41ac523b880aa71ec1ae6fb83798b	21355836	SINGLE
SRR10556931	SAMN13428197	SRX7238892	Microbe sample from Escherichia coli	NextSeq 500 sequencing: Barcode sequencing of E. coli evolving in antibiotics	886951	44347550	ftp.sra.ebi.ac.uk/vol1/fastq/SRR105/031/SRR10556931/SRR10556931.fastq.gz	792aa36aa618d0da7d76426e33e36215	21801641	SINGLE
SRR10556934	SAMN13427963	SRX7238889	Microbe sample from Escherichia coli	NextSeq 500 sequencing: Barcode sequencing of E. coli evolving in antibiotics	2069562	103478100	ftp.sra.ebi.ac.uk/vol1/fastq/SRR105/034/SRR10556934/SRR10556934.fastq.gz	c1377ec751cd845294ed5ddc61704f7e	47694097	SINGLE
SRR10556935	SAMN13427962	SRX7238888	Microbe sample from Escherichia coli	NextSeq 500 sequencing: Barcode sequencing of E. coli evolving in antibiotics	1999093	99954650	ftp.sra.ebi.ac.uk/vol1/fastq/SRR105/035/SRR10556935/SRR10556935.fastq.gz	4c3e2ee846c536164d79ae7b60a86f6d	47138573	SINGLE
SRR10556951	SAMN13427768	SRX7238872	Microbe sample from Escherichia coli	NextSeq 500 sequencing: Barcode sequencing of E. coli evolving in antibiotics	997108	49855400	ftp.sra.ebi.ac.uk/vol1/fastq/SRR105/051/SRR10556951/SRR10556951.fastq.gz	f1b9d3040dba40eb24281faf35e1e1e0	24064628	SINGLE
SRR10556956	SAMN13427944	SRX7238867	Microbe sample from Escherichia coli	NextSeq 500 sequencing: Barcode sequencing of E. coli evolving in antibiotics	1052611	52630550	ftp.sra.ebi.ac.uk/vol1/fastq/SRR105/056/SRR10556956/SRR10556956.fastq.gz	a5851a79995e21e2ec283db5d6ce677f	23018356	SINGLE
SRR10556957	SAMN13427943	SRX7238866	Microbe sample from Escherichia coli	NextSeq 500 sequencing: Barcode sequencing of E. coli evolving in antibiotics	1515708	75785400	ftp.sra.ebi.ac.uk/vol1/fastq/SRR105/057/SRR10556957/SRR10556957.fastq.gz	ac28d777826dd5437b28ee524bb4b5c7	36873897	SINGLE
SRR10556963	SAMN13427767	SRX7238860	Microbe sample from Escherichia coli	NextSeq 500 sequencing: Barcode sequencing of E. coli evolving in antibiotics	899371	44968550	ftp.sra.ebi.ac.uk/vol1/fastq/SRR105/063/SRR10556963/SRR10556963.fastq.gz	a85d60f8b903a920a88780ec07737754	22108887	SINGLE
SRR10556967	SAMN13428193	SRX7238856	Microbe sample from Escherichia coli	NextSeq 500 sequencing: Barcode sequencing of E. coli evolving in antibiotics	785638	39281900	ftp.sra.ebi.ac.uk/vol1/fastq/SRR105/067/SRR10556967/SRR10556967.fastq.gz	96e278906587c0a18c600f634998fab0	19481516	SINGLE
SRR10556974	SAMN13428187	SRX7238849	Microbe sample from Escherichia coli	NextSeq 500 sequencing: Barcode sequencing of E. coli evolving in antibiotics	1073294	53664700	ftp.sra.ebi.ac.uk/vol1/fastq/SRR105/074/SRR10556974/SRR10556974.fastq.gz	c5c16b466eff7d5c6f3502e443dda74b	27295574	SINGLE
SRR10556980	SAMN13428181	SRX7238843	Microbe sample from Escherichia coli	NextSeq 500 sequencing: Barcode sequencing of E. coli evolving in antibiotics	1642586	82129300	ftp.sra.ebi.ac.uk/vol1/fastq/SRR105/080/SRR10556980/SRR10556980.fastq.gz	75a001ed4063fc6f9afc640e733e7fc4	38806055	SINGLE
SRR10556981	SAMN13428180	SRX7238842	Microbe sample from Escherichia coli	NextSeq 500 sequencing: Barcode sequencing of E. coli evolving in antibiotics	1729730	86486500	ftp.sra.ebi.ac.uk/vol1/fastq/SRR105/081/SRR10556981/SRR10556981.fastq.gz	5c3a9743afe0b3fd63d16d9c74d92caa	41565870	SINGLE
SRR10556984	SAMN13427791	SRX7238839	Microbe sample from Escherichia coli	NextSeq 500 sequencing: Barcode sequencing of E. coli evolving in antibiotics	956453	47822650	ftp.sra.ebi.ac.uk/vol1/fastq/SRR105/084/SRR10556984/SRR10556984.fastq.gz	6c886a80616404ecb2cdaf90762afe64	23165041	SINGLE
SRR10556988	SAMN13428174	SRX7238835	Microbe sample from Escherichia coli	NextSeq 500 sequencing: Barcode sequencing of E. coli evolving in antibiotics	2167275	108363750	ftp.sra.ebi.ac.uk/vol1/fastq/SRR105/088/SRR10556988/SRR10556988.fastq.gz	2bf3fe50fd5b620ac11c133f36d38c7b	53483983	SINGLE
SRR10556989	SAMN13428173	SRX7238834	Microbe sample from Escherichia coli	NextSeq 500 sequencing: Barcode sequencing of E. coli evolving in antibiotics	2087159	104357950	ftp.sra.ebi.ac.uk/vol1/fastq/SRR105/089/SRR10556989/SRR10556989.fastq.gz	8d1baab0cf1fc327a3e1258fe4b3048a	48610618	SINGLE
SRR10556991	SAMN13428171	SRX7238832	Microbe sample from Escherichia coli	NextSeq 500 sequencing: Barcode sequencing of E. coli evolving in antibiotics	1045795	52289750	ftp.sra.ebi.ac.uk/vol1/fastq/SRR105/091/SRR10556991/SRR10556991.fastq.gz	386de97d40908ecb74472db2f94acbaf	27319716	SINGLE
SRR10556993	SAMN13428169	SRX7238830	Microbe sample from Escherichia coli	NextSeq 500 sequencing: Barcode sequencing of E. coli evolving in antibiotics	1089536	54476800	ftp.sra.ebi.ac.uk/vol1/fastq/SRR105/093/SRR10556993/SRR10556993.fastq.gz	12874bfda9ef9936be4547d1c87c88d4	25941938	SINGLE
SRR10556997	SAMN13428022	SRX7238826	Microbe sample from Escherichia coli	NextSeq 500 sequencing: Barcode sequencing of E. coli evolving in antibiotics	1065500	53275000	ftp.sra.ebi.ac.uk/vol1/fastq/SRR105/097/SRR10556997/SRR10556997.fastq.gz	0268225be0ad5b80855719d109c08498	27911048	SINGLE
SRR10556999	SAMN13428020	SRX7238824	Microbe sample from Escherichia coli	NextSeq 500 sequencing: Barcode sequencing of E. coli evolving in antibiotics	1189609	59480450	ftp.sra.ebi.ac.uk/vol1/fastq/SRR105/099/SRR10556999/SRR10556999.fastq.gz	52d348517a508fa7357f57d5e5dd10ff	28900414	SINGLE
SRR10557005	SAMN13428015	SRX7238818	Microbe sample from Escherichia coli	NextSeq 500 sequencing: Barcode sequencing of E. coli evolving in antibiotics	1036652	51832600	ftp.sra.ebi.ac.uk/vol1/fastq/SRR105/005/SRR10557005/SRR10557005.fastq.gz	fb22a16bc7904e17be1fce564f794204	27201565	SINGLE
SRR10557012	SAMN13428008	SRX7238811	Microbe sample from Escherichia coli	NextSeq 500 sequencing: Barcode sequencing of E. coli evolving in antibiotics	1182366	59118300	ftp.sra.ebi.ac.uk/vol1/fastq/SRR105/012/SRR10557012/SRR10557012.fastq.gz	35f5dc77068e0c847ebc1bac202b16a7	30086114	SINGLE
SRR10557019	SAMN13428002	SRX7238804	Microbe sample from Escherichia coli	NextSeq 500 sequencing: Barcode sequencing of E. coli evolving in antibiotics	1145651	57282550	ftp.sra.ebi.ac.uk/vol1/fastq/SRR105/019/SRR10557019/SRR10557019.fastq.gz	7b868ec868002fa8835c661218b7ffff	30283464	SINGLE
SRR10557020	SAMN13428001	SRX7238803	Microbe sample from Escherichia coli	NextSeq 500 sequencing: Barcode sequencing of E. coli evolving in antibiotics	1217721	60886050	ftp.sra.ebi.ac.uk/vol1/fastq/SRR105/020/SRR10557020/SRR10557020.fastq.gz	66acd77c70a9f50f41d5c6c2ae2ad06d	30273435	SINGLE
SRR10557021	SAMN13428000	SRX7238802	Microbe sample from Escherichia coli	NextSeq 500 sequencing: Barcode sequencing of E. coli evolving in antibiotics	1287952	64397600	ftp.sra.ebi.ac.uk/vol1/fastq/SRR105/021/SRR10557021/SRR10557021.fastq.gz	389484a1f1abcd09a4e9b9f8ad0abce0	31525573	SINGLE
SRR10557026	SAMN13427996	SRX7238797	Microbe sample from Escherichia coli	NextSeq 500 sequencing: Barcode sequencing of E. coli evolving in antibiotics	1141072	57053600	ftp.sra.ebi.ac.uk/vol1/fastq/SRR105/026/SRR10557026/SRR10557026.fastq.gz	07707e7703587329fc37743c5268fa44	23841705	SINGLE
SRR10557028	SAMN13427994	SRX7238795	Microbe sample from Escherichia coli	NextSeq 500 sequencing: Barcode sequencing of E. coli evolving in antibiotics	1168119	58405950	ftp.sra.ebi.ac.uk/vol1/fastq/SRR105/028/SRR10557028/SRR10557028.fastq.gz	b65be4e2a7747b04f6865d4e20ff274e	26459027	SINGLE
SRR10557035	SAMN13427930	SRX7238788	Microbe sample from Escherichia coli	NextSeq 500 sequencing: Barcode sequencing of E. coli evolving in antibiotics	995776	49788800	ftp.sra.ebi.ac.uk/vol1/fastq/SRR105/035/SRR10557035/SRR10557035.fastq.gz	81d832ca8eacc76bb9d2f5d10e9ae240	25182006	SINGLE
SRR10557036	SAMN13427929	SRX7238787	Microbe sample from Escherichia coli	NextSeq 500 sequencing: Barcode sequencing of E. coli evolving in antibiotics	962755	48137750	ftp.sra.ebi.ac.uk/vol1/fastq/SRR105/036/SRR10557036/SRR10557036.fastq.gz	a1be17cd594e8030ea37553e1c37b6cd	23074228	SINGLE
SRR10557038	SAMN13427766	SRX7238785	Microbe sample from Escherichia coli	NextSeq 500 sequencing: Barcode sequencing of E. coli evolving in antibiotics	864311	43215550	ftp.sra.ebi.ac.uk/vol1/fastq/SRR105/038/SRR10557038/SRR10557038.fastq.gz	413c25f08970664ab0361232718532bd	21605976	SINGLE
SRR10557044	SAMN13427922	SRX7238779	Microbe sample from Escherichia coli	NextSeq 500 sequencing: Barcode sequencing of E. coli evolving in antibiotics	877341	43867050	ftp.sra.ebi.ac.uk/vol1/fastq/SRR105/044/SRR10557044/SRR10557044.fastq.gz	bfc7db4cc4fb39602d8e93ce3cc6082d	22708133	SINGLE
SRR10557045	SAMN13427921	SRX7238778	Microbe sample from Escherichia coli	NextSeq 500 sequencing: Barcode sequencing of E. coli evolving in antibiotics	938464	46923200	ftp.sra.ebi.ac.uk/vol1/fastq/SRR105/045/SRR10557045/SRR10557045.fastq.gz	b95d334175ccb3a7ff8cf0ead1773d18	22906444	SINGLE
SRR10557051	SAMN13427916	SRX7238772	Microbe sample from Escherichia coli	NextSeq 500 sequencing: Barcode sequencing of E. coli evolving in antibiotics	1191890	59594500	ftp.sra.ebi.ac.uk/vol1/fastq/SRR105/051/SRR10557051/SRR10557051.fastq.gz	a41fc21b35ff9b6ee18a71fe0f20c739	29680937	SINGLE
SRR10557057	SAMN13427910	SRX7238766	Microbe sample from Escherichia coli	NextSeq 500 sequencing: Barcode sequencing of E. coli evolving in antibiotics	828239	41411950	ftp.sra.ebi.ac.uk/vol1/fastq/SRR105/057/SRR10557057/SRR10557057.fastq.gz	e16478db624617d434c17f218fea1563	21805204	SINGLE
SRR10557060	SAMN13427764	SRX7238763	Microbe sample from Escherichia coli	NextSeq 500 sequencing: Barcode sequencing of E. coli evolving in antibiotics	958010	47900500	ftp.sra.ebi.ac.uk/vol1/fastq/SRR105/060/SRR10557060/SRR10557060.fastq.gz	9627a0b435bc85bfbf345523c978af3c	22231529	SINGLE
SRR10557063	SAMN13428136	SRX7238760	Microbe sample from Escherichia coli	NextSeq 500 sequencing: Barcode sequencing of E. coli evolving in antibiotics	1162312	58115600	ftp.sra.ebi.ac.uk/vol1/fastq/SRR105/063/SRR10557063/SRR10557063.fastq.gz	9dc8c30f25223c94f87e1b02742d7432	27628328	SINGLE
SRR10557070	SAMN13428129	SRX7238753	Microbe sample from Escherichia coli	NextSeq 500 sequencing: Barcode sequencing of E. coli evolving in antibiotics	1751618	87580900	ftp.sra.ebi.ac.uk/vol1/fastq/SRR105/070/SRR10557070/SRR10557070.fastq.gz	159b75b3bfafe917f79c7c57d3190b06	40150273	SINGLE
SRR10557076	SAMN13428124	SRX7238747	Microbe sample from Escherichia coli	NextSeq 500 sequencing: Barcode sequencing of E. coli evolving in antibiotics	1464326	73216300	ftp.sra.ebi.ac.uk/vol1/fastq/SRR105/076/SRR10557076/SRR10557076.fastq.gz	139849ed93faa55a604ccf99cc1f97fe	35449621	SINGLE
SRR10557082	SAMN13428118	SRX7238741	Microbe sample from Escherichia coli	NextSeq 500 sequencing: Barcode sequencing of E. coli evolving in antibiotics	1124988	56249400	ftp.sra.ebi.ac.uk/vol1/fastq/SRR105/082/SRR10557082/SRR10557082.fastq.gz	de3e43afbe156edb3865baf9dff9961e	29513595	SINGLE
SRR10557085	SAMN13428116	SRX7238738	Microbe sample from Escherichia coli	NextSeq 500 sequencing: Barcode sequencing of E. coli evolving in antibiotics	1263690	63184500	ftp.sra.ebi.ac.uk/vol1/fastq/SRR105/085/SRR10557085/SRR10557085.fastq.gz	d1f76659fb98dc8b16613b7d4339ba4e	30762258	SINGLE
SRR10557096	SAMN13427778	SRX7238727	Microbe sample from Escherichia coli	NextSeq 500 sequencing: Barcode sequencing of E. coli evolving in antibiotics	1294552	64727600	ftp.sra.ebi.ac.uk/vol1/fastq/SRR105/096/SRR10557096/SRR10557096.fastq.gz	bb1fbd0e161a267bf8a75356757adc33	32921572	SINGLE
SRR10557101	SAMN13428044	SRX7238722	Microbe sample from Escherichia coli	NextSeq 500 sequencing: Barcode sequencing of E. coli evolving in antibiotics	1351322	67566100	ftp.sra.ebi.ac.uk/vol1/fastq/SRR105/001/SRR10557101/SRR10557101.fastq.gz	c828a0252475320878c957cd511ea8af	27705952	SINGLE
SRR10557105	SAMN13428040	SRX7238718	Microbe sample from Escherichia coli	NextSeq 500 sequencing: Barcode sequencing of E. coli evolving in antibiotics	1472997	73649850	ftp.sra.ebi.ac.uk/vol1/fastq/SRR105/005/SRR10557105/SRR10557105.fastq.gz	c7aaf5ae97289f90284b5b031c6d78bf	31706448	SINGLE
SRR10557109	SAMN13428037	SRX7238714	Microbe sample from Escherichia coli	NextSeq 500 sequencing: Barcode sequencing of E. coli evolving in antibiotics	1187159	59357950	ftp.sra.ebi.ac.uk/vol1/fastq/SRR105/009/SRR10557109/SRR10557109.fastq.gz	5720fc9825f56267cb238393cca815a9	26369250	SINGLE
SRR10557110	SAMN13428036	SRX7238713	Microbe sample from Escherichia coli	NextSeq 500 sequencing: Barcode sequencing of E. coli evolving in antibiotics	1244183	62209150	ftp.sra.ebi.ac.uk/vol1/fastq/SRR105/010/SRR10557110/SRR10557110.fastq.gz	90f370bedcd032de06706938275746cc	28071677	SINGLE
SRR10557111	SAMN13428035	SRX7238712	Microbe sample from Escherichia coli	NextSeq 500 sequencing: Barcode sequencing of E. coli evolving in antibiotics	1264718	63235900	ftp.sra.ebi.ac.uk/vol1/fastq/SRR105/011/SRR10557111/SRR10557111.fastq.gz	c1c2bfca619919f8c07cad17d1ac61e3	32557683	SINGLE
SRR10557113	SAMN13428033	SRX7238710	Microbe sample from Escherichia coli	NextSeq 500 sequencing: Barcode sequencing of E. coli evolving in antibiotics	1321026	66051300	ftp.sra.ebi.ac.uk/vol1/fastq/SRR105/013/SRR10557113/SRR10557113.fastq.gz	833b5378e71adb8bf3327aac2c3e11e1	31226550	SINGLE
SRR10557117	SAMN13428029	SRX7238706	Microbe sample from Escherichia coli	NextSeq 500 sequencing: Barcode sequencing of E. coli evolving in antibiotics	1073607	53680350	ftp.sra.ebi.ac.uk/vol1/fastq/SRR105/017/SRR10557117/SRR10557117.fastq.gz	60dbb352ebe7baf6dee49be4215bb512	25171424	SINGLE
SRR10557122	SAMN13428025	SRX7238701	Microbe sample from Escherichia coli	NextSeq 500 sequencing: Barcode sequencing of E. coli evolving in antibiotics	2072938	103646900	ftp.sra.ebi.ac.uk/vol1/fastq/SRR105/022/SRR10557122/SRR10557122.fastq.gz	03b197076d6c1cfe11017087e058d4c4	47006498	SINGLE
SRR10557124	SAMN13428023	SRX7238699	Microbe sample from Escherichia coli	NextSeq 500 sequencing: Barcode sequencing of E. coli evolving in antibiotics	1112777	55638850	ftp.sra.ebi.ac.uk/vol1/fastq/SRR105/024/SRR10557124/SRR10557124.fastq.gz	dd1bd5d834e468161955b7325ca18381	28770415	SINGLE
SRR10557126	SAMN13427784	SRX7238697	Microbe sample from Escherichia coli	NextSeq 500 sequencing: Barcode sequencing of E. coli evolving in antibiotics	1159591	57979550	ftp.sra.ebi.ac.uk/vol1/fastq/SRR105/026/SRR10557126/SRR10557126.fastq.gz	8b1678ccb51d38b20cf90f8bb12e9296	26743021	SINGLE
SRR10557140	SAMN13428095	SRX7238683	Microbe sample from Escherichia coli	NextSeq 500 sequencing: Barcode sequencing of E. coli evolving in antibiotics	1137828	56891400	ftp.sra.ebi.ac.uk/vol1/fastq/SRR105/040/SRR10557140/SRR10557140.fastq.gz	61d956e73312eb0dba698726474de749	27897733	SINGLE
SRR10557143	SAMN13428092	SRX7238680	Microbe sample from Escherichia coli	NextSeq 500 sequencing: Barcode sequencing of E. coli evolving in antibiotics	1261932	63096600	ftp.sra.ebi.ac.uk/vol1/fastq/SRR105/043/SRR10557143/SRR10557143.fastq.gz	2cc70abb0a05ae69de785aa68bf447b0	28118567	SINGLE
SRR10557151	SAMN13428085	SRX7238672	Microbe sample from Escherichia coli	NextSeq 500 sequencing: Barcode sequencing of E. coli evolving in antibiotics	1002914	50145700	ftp.sra.ebi.ac.uk/vol1/fastq/SRR105/051/SRR10557151/SRR10557151.fastq.gz	5e370fcf124b805510890166c09014eb	23944380	SINGLE
SRR10557153	SAMN13428083	SRX7238670	Microbe sample from Escherichia coli	NextSeq 500 sequencing: Barcode sequencing of E. coli evolving in antibiotics	1099848	54992400	ftp.sra.ebi.ac.uk/vol1/fastq/SRR105/053/SRR10557153/SRR10557153.fastq.gz	f933d72fd716548c0a22b84b004c097a	29871424	SINGLE
SRR10557173	SAMN13427892	SRX7238650	Microbe sample from Escherichia coli	NextSeq 500 sequencing: Barcode sequencing of E. coli evolving in antibiotics	1231223	61561150	ftp.sra.ebi.ac.uk/vol1/fastq/SRR105/073/SRR10557173/SRR10557173.fastq.gz	5fa70c58db15c9f5695490a76fe718fe	26398903	SINGLE
SRR10557182	SAMN13427884	SRX7238641	Microbe sample from Escherichia coli	NextSeq 500 sequencing: Barcode sequencing of E. coli evolving in antibiotics	1465609	73280450	ftp.sra.ebi.ac.uk/vol1/fastq/SRR105/082/SRR10557182/SRR10557182.fastq.gz	566c597894846e6994caae39c705f557	32043517	SINGLE
SRR10557184	SAMN13427882	SRX7238639	Microbe sample from Escherichia coli	NextSeq 500 sequencing: Barcode sequencing of E. coli evolving in antibiotics	1061743	53087150	ftp.sra.ebi.ac.uk/vol1/fastq/SRR105/084/SRR10557184/SRR10557184.fastq.gz	4fb0d63acf6e23d7dc721a0d7f952f69	25286316	SINGLE
SRR10557190	SAMN13427846	SRX7238633	Microbe sample from Escherichia coli	NextSeq 500 sequencing: Barcode sequencing of E. coli evolving in antibiotics	1362510	68125500	ftp.sra.ebi.ac.uk/vol1/fastq/SRR105/090/SRR10557190/SRR10557190.fastq.gz	884dd2eb4a2a5b08121b97affd5ca99f	29942740	SINGLE
SRR10557192	SAMN13427844	SRX7238631	Microbe sample from Escherichia coli	NextSeq 500 sequencing: Barcode sequencing of E. coli evolving in antibiotics	1358526	67926300	ftp.sra.ebi.ac.uk/vol1/fastq/SRR105/092/SRR10557192/SRR10557192.fastq.gz	2aa6cf3514d3b1a29de6fdde98537f34	28717061	SINGLE
SRR10557193	SAMN13428454	SRX7238630	Microbe sample from Escherichia coli	NextSeq 500 sequencing: Barcode sequencing of E. coli evolving in antibiotics	1140875	57043750	ftp.sra.ebi.ac.uk/vol1/fastq/SRR105/093/SRR10557193/SRR10557193.fastq.gz	ce3122bb5cfb166901d112f755998b24	29623591	SINGLE
SRR10557197	SAMN13428450	SRX7238626	Microbe sample from Escherichia coli	NextSeq 500 sequencing: Barcode sequencing of E. coli evolving in antibiotics	890653	44532650	ftp.sra.ebi.ac.uk/vol1/fastq/SRR105/097/SRR10557197/SRR10557197.fastq.gz	feef4b358dee788d050f49376d9b9d8f	22767676	SINGLE
SRR10557210	SAMN13428439	SRX7238613	Microbe sample from Escherichia coli	NextSeq 500 sequencing: Barcode sequencing of E. coli evolving in antibiotics	864583	43229150	ftp.sra.ebi.ac.uk/vol1/fastq/SRR105/010/SRR10557210/SRR10557210.fastq.gz	deffbda01c44a2ba47efc049b26bf6ec	19316105	SINGLE
SRR10557222	SAMN13428428	SRX7239273	Microbe sample from Escherichia coli	NextSeq 500 sequencing: Barcode sequencing of E. coli evolving in antibiotics	1239569	61978450	ftp.sra.ebi.ac.uk/vol1/fastq/SRR105/022/SRR10557222/SRR10557222.fastq.gz	5885099fc19fcf6fee9d6aabee88b80d	29017986	SINGLE
SRR10557224	SAMN13428427	SRX7239271	Microbe sample from Escherichia coli	NextSeq 500 sequencing: Barcode sequencing of E. coli evolving in antibiotics	1259427	62971350	ftp.sra.ebi.ac.uk/vol1/fastq/SRR105/024/SRR10557224/SRR10557224.fastq.gz	9a5ec4483ec7a61b6732b922a2bf869b	31812251	SINGLE
SRR10557228	SAMN13428423	SRX7239267	Microbe sample from Escherichia coli	NextSeq 500 sequencing: Barcode sequencing of E. coli evolving in antibiotics	1170502	58525100	ftp.sra.ebi.ac.uk/vol1/fastq/SRR105/028/SRR10557228/SRR10557228.fastq.gz	8f119e3b122e07da30b023ab4f188542	30115831	SINGLE
SRR10557234	SAMN13427815	SRX7239261	Microbe sample from Escherichia coli	NextSeq 500 sequencing: Barcode sequencing of E. coli evolving in antibiotics	1053756	52687800	ftp.sra.ebi.ac.uk/vol1/fastq/SRR105/034/SRR10557234/SRR10557234.fastq.gz	d2e392b7840208f748d16f567ea68b22	27454413	SINGLE
SRR10557236	SAMN13428416	SRX7239259	Microbe sample from Escherichia coli	NextSeq 500 sequencing: Barcode sequencing of E. coli evolving in antibiotics	1729226	86461300	ftp.sra.ebi.ac.uk/vol1/fastq/SRR105/036/SRR10557236/SRR10557236.fastq.gz	0366ed6be131bd913748e306179cbd08	40988813	SINGLE
SRR10557241	SAMN13428411	SRX7239254	Microbe sample from Escherichia coli	NextSeq 500 sequencing: Barcode sequencing of E. coli evolving in antibiotics	1288313	64415650	ftp.sra.ebi.ac.uk/vol1/fastq/SRR105/041/SRR10557241/SRR10557241.fastq.gz	a97d2a68e4a46d7984a0554e328fb77a	33159875	SINGLE
SRR10557242	SAMN13428410	SRX7239253	Microbe sample from Escherichia coli	NextSeq 500 sequencing: Barcode sequencing of E. coli evolving in antibiotics	1228314	61415700	ftp.sra.ebi.ac.uk/vol1/fastq/SRR105/042/SRR10557242/SRR10557242.fastq.gz	ead6766223b3fb70141499e70a62c53b	32048406	SINGLE
SRR10557243	SAMN13428409	SRX7239252	Microbe sample from Escherichia coli	NextSeq 500 sequencing: Barcode sequencing of E. coli evolving in antibiotics	1323617	66180850	ftp.sra.ebi.ac.uk/vol1/fastq/SRR105/043/SRR10557243/SRR10557243.fastq.gz	9dff81bbbee123fa9a229c90003bb255	32511662	SINGLE
SRR10557250	SAMN13428403	SRX7239245	Microbe sample from Escherichia coli	NextSeq 500 sequencing: Barcode sequencing of E. coli evolving in antibiotics	1129868	56493400	ftp.sra.ebi.ac.uk/vol1/fastq/SRR105/050/SRR10557250/SRR10557250.fastq.gz	6342331cdd2a6d73cb3c9701aaa5b383	28828778	SINGLE
SRR10557257	SAMN13427843	SRX7239238	Microbe sample from Escherichia coli	NextSeq 500 sequencing: Barcode sequencing of E. coli evolving in antibiotics	1139007	56950350	ftp.sra.ebi.ac.uk/vol1/fastq/SRR105/057/SRR10557257/SRR10557257.fastq.gz	7b02ac6ef1dba3d2c30179aa6b0cf14a	27056990	SINGLE
SRR10557266	SAMN13427835	SRX7239229	Microbe sample from Escherichia coli	NextSeq 500 sequencing: Barcode sequencing of E. coli evolving in antibiotics	1171342	58567100	ftp.sra.ebi.ac.uk/vol1/fastq/SRR105/066/SRR10557266/SRR10557266.fastq.gz	8df80ec3e5194bec50b691edf782fc4c	29011272	SINGLE
SRR10557267	SAMN13427834	SRX7239228	Microbe sample from Escherichia coli	NextSeq 500 sequencing: Barcode sequencing of E. coli evolving in antibiotics	1269273	63463650	ftp.sra.ebi.ac.uk/vol1/fastq/SRR105/067/SRR10557267/SRR10557267.fastq.gz	3a8a3b5f98810712c049b8a84269f2f9	30080951	SINGLE
SRR10557271	SAMN13427830	SRX7239224	Microbe sample from Escherichia coli	NextSeq 500 sequencing: Barcode sequencing of E. coli evolving in antibiotics	1202219	60110950	ftp.sra.ebi.ac.uk/vol1/fastq/SRR105/071/SRR10557271/SRR10557271.fastq.gz	3852c08387c50c26b825982d3a1e7f95	30562742	SINGLE
SRR10557272	SAMN13427829	SRX7239223	Microbe sample from Escherichia coli	NextSeq 500 sequencing: Barcode sequencing of E. coli evolving in antibiotics	1298905	64945250	ftp.sra.ebi.ac.uk/vol1/fastq/SRR105/072/SRR10557272/SRR10557272.fastq.gz	3f77a9bd739d1eab5b72bc0fd7e04fc7	30975354	SINGLE
SRR10557282	SAMN13428489	SRX7239213	Microbe sample from Escherichia coli	NextSeq 500 sequencing: Barcode sequencing of E. coli evolving in antibiotics	1321055	66052750	ftp.sra.ebi.ac.uk/vol1/fastq/SRR105/082/SRR10557282/SRR10557282.fastq.gz	1420ba58d797f21ebf6b89622180fe80	26985460	SINGLE
SRR10557283	SAMN13428488	SRX7239212	Microbe sample from Escherichia coli	NextSeq 500 sequencing: Barcode sequencing of E. coli evolving in antibiotics	1379972	68998600	ftp.sra.ebi.ac.uk/vol1/fastq/SRR105/083/SRR10557283/SRR10557283.fastq.gz	ba51653eff2e00afd6e6dd7732c2104a	28710616	SINGLE
SRR10557294	SAMN13428392	SRX7239201	Microbe sample from Escherichia coli	NextSeq 500 sequencing: Barcode sequencing of E. coli evolving in antibiotics	959159	47957950	ftp.sra.ebi.ac.uk/vol1/fastq/SRR105/094/SRR10557294/SRR10557294.fastq.gz	75e4bd821e7c18e1d317f71883b9b753	23462438	SINGLE
SRR10557296	SAMN13428390	SRX7239199	Microbe sample from Escherichia coli	NextSeq 500 sequencing: Barcode sequencing of E. coli evolving in antibiotics	1329362	66468100	ftp.sra.ebi.ac.uk/vol1/fastq/SRR105/096/SRR10557296/SRR10557296.fastq.gz	1fc40e466141b020ec38e877c31f52d8	34190784	SINGLE
SRR10557306	SAMN13428381	SRX7239189	Microbe sample from Escherichia coli	NextSeq 500 sequencing: Barcode sequencing of E. coli evolving in antibiotics	1036996	51849800	ftp.sra.ebi.ac.uk/vol1/fastq/SRR105/006/SRR10557306/SRR10557306.fastq.gz	182ae2d73e24a0286ee6076788f8e400	22273293	SINGLE
SRR10557317	SAMN13428371	SRX7239178	Microbe sample from Escherichia coli	NextSeq 500 sequencing: Barcode sequencing of E. coli evolving in antibiotics	1176372	58818600	ftp.sra.ebi.ac.uk/vol1/fastq/SRR105/017/SRR10557317/SRR10557317.fastq.gz	d37ea29d318447a9c1aa6919643d55e7	30742816	SINGLE
SRR10557320	SAMN13428368	SRX7239175	Microbe sample from Escherichia coli	NextSeq 500 sequencing: Barcode sequencing of E. coli evolving in antibiotics	1273812	63690600	ftp.sra.ebi.ac.uk/vol1/fastq/SRR105/020/SRR10557320/SRR10557320.fastq.gz	885f95a525e56f0b55b16bac13b866cc	30752962	SINGLE
SRR10557322	SAMN13428367	SRX7239173	Microbe sample from Escherichia coli	NextSeq 500 sequencing: Barcode sequencing of E. coli evolving in antibiotics	1173030	58651500	ftp.sra.ebi.ac.uk/vol1/fastq/SRR105/022/SRR10557322/SRR10557322.fastq.gz	23a1ebc354fc91cfda80f5d1bb759e01	30925226	SINGLE
SRR10557323	SAMN13428366	SRX7239172	Microbe sample from Escherichia coli	NextSeq 500 sequencing: Barcode sequencing of E. coli evolving in antibiotics	1263307	63165350	ftp.sra.ebi.ac.uk/vol1/fastq/SRR105/023/SRR10557323/SRR10557323.fastq.gz	e8be365133a6b205751db6c49f4b1072	32040056	SINGLE
SRR10557328	SAMN13428361	SRX7239167	Microbe sample from Escherichia coli	NextSeq 500 sequencing: Barcode sequencing of E. coli evolving in antibiotics	945507	47275350	ftp.sra.ebi.ac.uk/vol1/fastq/SRR105/028/SRR10557328/SRR10557328.fastq.gz	4666646308e37a848cb16f4159e35286	25813566	SINGLE
SRR10557332	SAMN13427809	SRX7239163	Microbe sample from Escherichia coli	NextSeq 500 sequencing: Barcode sequencing of E. coli evolving in antibiotics	856345	42817250	ftp.sra.ebi.ac.uk/vol1/fastq/SRR105/032/SRR10557332/SRR10557332.fastq.gz	e6e6204a458d9d051787a65f311328d2	21253067	SINGLE
SRR10557333	SAMN13428357	SRX7239162	Microbe sample from Escherichia coli	NextSeq 500 sequencing: Barcode sequencing of E. coli evolving in antibiotics	1232505	61625250	ftp.sra.ebi.ac.uk/vol1/fastq/SRR105/033/SRR10557333/SRR10557333.fastq.gz	978fe916d970c2ebd6cac1ed0ff1292a	30328132	SINGLE
SRR10557354	SAMN13428280	SRX7239141	Microbe sample from Escherichia coli	NextSeq 500 sequencing: Barcode sequencing of E. coli evolving in antibiotics	1608039	80401950	ftp.sra.ebi.ac.uk/vol1/fastq/SRR105/054/SRR10557354/SRR10557354.fastq.gz	e25b63679bd420cc469d093c6f28eedc	35791721	SINGLE
SRR10557358	SAMN13428277	SRX7239137	Microbe sample from Escherichia coli	NextSeq 500 sequencing: Barcode sequencing of E. coli evolving in antibiotics	1121787	56089350	ftp.sra.ebi.ac.uk/vol1/fastq/SRR105/058/SRR10557358/SRR10557358.fastq.gz	51f54c8c55aa29fdbc29c5e898aaeda5	24800164	SINGLE
SRR10557374	SAMN13428262	SRX7239121	Microbe sample from Escherichia coli	NextSeq 500 sequencing: Barcode sequencing of E. coli evolving in antibiotics	1245187	62259350	ftp.sra.ebi.ac.uk/vol1/fastq/SRR105/074/SRR10557374/SRR10557374.fastq.gz	7ac7266fd836954decab8c3c8900ea3c	32659074	SINGLE
SRR10557378	SAMN13428258	SRX7239117	Microbe sample from Escherichia coli	NextSeq 500 sequencing: Barcode sequencing of E. coli evolving in antibiotics	967133	48356650	ftp.sra.ebi.ac.uk/vol1/fastq/SRR105/078/SRR10557378/SRR10557378.fastq.gz	b8b14fac25b15e41bc88158b7e7c3151	24641937	SINGLE
SRR10557382	SAMN13428255	SRX7239113	Microbe sample from Escherichia coli	NextSeq 500 sequencing: Barcode sequencing of E. coli evolving in antibiotics	1316802	65840100	ftp.sra.ebi.ac.uk/vol1/fastq/SRR105/082/SRR10557382/SRR10557382.fastq.gz	284eca9ebf2bfcefe560fa95af56d22f	34644384	SINGLE
SRR10557385	SAMN13428166	SRX7239110	Microbe sample from Escherichia coli	NextSeq 500 sequencing: Barcode sequencing of E. coli evolving in antibiotics	1117321	55866050	ftp.sra.ebi.ac.uk/vol1/fastq/SRR105/085/SRR10557385/SRR10557385.fastq.gz	4328a0743a516173cccc99a2ba21cb75	29577035	SINGLE
SRR10557386	SAMN13428165	SRX7239109	Microbe sample from Escherichia coli	NextSeq 500 sequencing: Barcode sequencing of E. coli evolving in antibiotics	1214417	60720850	ftp.sra.ebi.ac.uk/vol1/fastq/SRR105/086/SRR10557386/SRR10557386.fastq.gz	70d8692229e084d9f9fc2e4c5d1fc351	30315274	SINGLE
SRR10557390	SAMN13428161	SRX7239105	Microbe sample from Escherichia coli	NextSeq 500 sequencing: Barcode sequencing of E. coli evolving in antibiotics	1273571	63678550	ftp.sra.ebi.ac.uk/vol1/fastq/SRR105/090/SRR10557390/SRR10557390.fastq.gz	e099239bd8d50c3aba405595cdc8b3c1	30811720	SINGLE
SRR10557391	SAMN13428160	SRX7239104	Microbe sample from Escherichia coli	NextSeq 500 sequencing: Barcode sequencing of E. coli evolving in antibiotics	1329055	66452750	ftp.sra.ebi.ac.uk/vol1/fastq/SRR105/091/SRR10557391/SRR10557391.fastq.gz	5b4d9c414d900ebe632d77beee49a396	31627808	SINGLE
SRR10557394	SAMN13427789	SRX7239101	Microbe sample from Escherichia coli	NextSeq 500 sequencing: Barcode sequencing of E. coli evolving in antibiotics	996092	49804600	ftp.sra.ebi.ac.uk/vol1/fastq/SRR105/094/SRR10557394/SRR10557394.fastq.gz	4a9171e26433e1183576ff2b72d6f324	21676837	SINGLE
SRR10557397	SAMN13428155	SRX7239098	Microbe sample from Escherichia coli	NextSeq 500 sequencing: Barcode sequencing of E. coli evolving in antibiotics	1107223	55361150	ftp.sra.ebi.ac.uk/vol1/fastq/SRR105/097/SRR10557397/SRR10557397.fastq.gz	fc0c7fde79a0bb930cb14530b5782a41	28629250	SINGLE
SRR10557399	SAMN13428153	SRX7239096	Microbe sample from Escherichia coli	NextSeq 500 sequencing: Barcode sequencing of E. coli evolving in antibiotics	1123390	56169500	ftp.sra.ebi.ac.uk/vol1/fastq/SRR105/099/SRR10557399/SRR10557399.fastq.gz	068e88437d2f8ada0a36a57bd268ff4c	28162519	SINGLE
SRR10557405	SAMN13427788	SRX7239090	Microbe sample from Escherichia coli	NextSeq 500 sequencing: Barcode sequencing of E. coli evolving in antibiotics	1038859	51942950	ftp.sra.ebi.ac.uk/vol1/fastq/SRR105/005/SRR10557405/SRR10557405.fastq.gz	a25393c96918663e41e0d1682bee5700	23003582	SINGLE
SRR10557406	SAMN13427752	SRX7239089	Microbe sample from Escherichia coli	NextSeq 500 sequencing: Barcode sequencing of E. coli evolving in antibiotics	1079896	53994800	ftp.sra.ebi.ac.uk/vol1/fastq/SRR105/006/SRR10557406/SRR10557406.fastq.gz	6f30b4613fee09a779b2e6c625625aed	26046894	SINGLE
SRR10557411	SAMN13428143	SRX7239084	Microbe sample from Escherichia coli	NextSeq 500 sequencing: Barcode sequencing of E. coli evolving in antibiotics	1465755	73287750	ftp.sra.ebi.ac.uk/vol1/fastq/SRR105/011/SRR10557411/SRR10557411.fastq.gz	a2e414e63dc6ddaa3d92742bb783ed8b	34673280	SINGLE
SRR10557412	SAMN13428142	SRX7239083	Microbe sample from Escherichia coli	NextSeq 500 sequencing: Barcode sequencing of E. coli evolving in antibiotics	1588057	79402850	ftp.sra.ebi.ac.uk/vol1/fastq/SRR105/012/SRR10557412/SRR10557412.fastq.gz	918dec0039afb9acdd4f791b9de7a686	35794804	SINGLE
SRR10557414	SAMN13428140	SRX7239081	Microbe sample from Escherichia coli	NextSeq 500 sequencing: Barcode sequencing of E. coli evolving in antibiotics	1595780	79789000	ftp.sra.ebi.ac.uk/vol1/fastq/SRR105/014/SRR10557414/SRR10557414.fastq.gz	99a6869e76e27f7293d5e8e75324ef34	34435518	SINGLE
SRR10557419	SAMN13428250	SRX7239076	Microbe sample from Escherichia coli	NextSeq 500 sequencing: Barcode sequencing of E. coli evolving in antibiotics	696384	34819200	ftp.sra.ebi.ac.uk/vol1/fastq/SRR105/019/SRR10557419/SRR10557419.fastq.gz	1254aa2768fdfe2b77a663e12a005cb8	18401904	SINGLE
SRR10557424	SAMN13428247	SRX7239071	Microbe sample from Escherichia coli	NextSeq 500 sequencing: Barcode sequencing of E. coli evolving in antibiotics	908503	45425150	ftp.sra.ebi.ac.uk/vol1/fastq/SRR105/024/SRR10557424/SRR10557424.fastq.gz	650248e745e8886e8c8fc226a9f8b8ee	23481659	SINGLE
SRR10557433	SAMN13428238	SRX7239062	Microbe sample from Escherichia coli	NextSeq 500 sequencing: Barcode sequencing of E. coli evolving in antibiotics	1284795	64239750	ftp.sra.ebi.ac.uk/vol1/fastq/SRR105/033/SRR10557433/SRR10557433.fastq.gz	5ca087ff7f9c349af600a9ab20a7c9a2	28951615	SINGLE
SRR10557443	SAMN13428229	SRX7239052	Microbe sample from Escherichia coli	NextSeq 500 sequencing: Barcode sequencing of E. coli evolving in antibiotics	1263989	63199450	ftp.sra.ebi.ac.uk/vol1/fastq/SRR105/043/SRR10557443/SRR10557443.fastq.gz	d73c96882a6e061a2f8b1c80b124c875	28156971	SINGLE
SRR10557444	SAMN13428228	SRX7239051	Microbe sample from Escherichia coli	NextSeq 500 sequencing: Barcode sequencing of E. coli evolving in antibiotics	1321213	66060650	ftp.sra.ebi.ac.uk/vol1/fastq/SRR105/044/SRR10557444/SRR10557444.fastq.gz	2d595e314bf90a4e154f282c16a5ab74	29958551	SINGLE
SRR10557458	SAMN13428071	SRX7239037	Microbe sample from Escherichia coli	NextSeq 500 sequencing: Barcode sequencing of E. coli evolving in antibiotics	829412	41470600	ftp.sra.ebi.ac.uk/vol1/fastq/SRR105/058/SRR10557458/SRR10557458.fastq.gz	ff44a54de69825d764722958b2e80fbe	21900082	SINGLE
SRR10557461	SAMN13428068	SRX7239034	Microbe sample from Escherichia coli	NextSeq 500 sequencing: Barcode sequencing of E. coli evolving in antibiotics	920065	46003250	ftp.sra.ebi.ac.uk/vol1/fastq/SRR105/061/SRR10557461/SRR10557461.fastq.gz	1ec525a67db2c12b74d7a94f088bd6e7	22772472	SINGLE
SRR10557471	SAMN13428059	SRX7239024	Microbe sample from Escherichia coli	NextSeq 500 sequencing: Barcode sequencing of E. coli evolving in antibiotics	981447	49072350	ftp.sra.ebi.ac.uk/vol1/fastq/SRR105/071/SRR10557471/SRR10557471.fastq.gz	026ba6531ee7717f159a8c7f253035a0	26052126	SINGLE
SRR10557473	SAMN13427779	SRX7239022	Microbe sample from Escherichia coli	NextSeq 500 sequencing: Barcode sequencing of E. coli evolving in antibiotics	1345016	67250800	ftp.sra.ebi.ac.uk/vol1/fastq/SRR105/073/SRR10557473/SRR10557473.fastq.gz	00d3e9a315260a956c933e7a3f9b05a0	33718706	SINGLE
SRR10557475	SAMN13428056	SRX7239020	Microbe sample from Escherichia coli	NextSeq 500 sequencing: Barcode sequencing of E. coli evolving in antibiotics	1113643	55682150	ftp.sra.ebi.ac.uk/vol1/fastq/SRR105/075/SRR10557475/SRR10557475.fastq.gz	ffc88934c95c671c2c7b4945ad31161d	28224650	SINGLE
SRR10557477	SAMN13428054	SRX7239018	Microbe sample from Escherichia coli	NextSeq 500 sequencing: Barcode sequencing of E. coli evolving in antibiotics	822119	41105950	ftp.sra.ebi.ac.uk/vol1/fastq/SRR105/077/SRR10557477/SRR10557477.fastq.gz	dbd9caa170997c85408ff0347a8bed4c	21641774	SINGLE
SRR10557481	SAMN13427761	SRX7239014	Microbe sample from Escherichia coli	NextSeq 500 sequencing: Barcode sequencing of E. coli evolving in antibiotics	843528	42176400	ftp.sra.ebi.ac.uk/vol1/fastq/SRR105/081/SRR10557481/SRR10557481.fastq.gz	dc8ec4b8461cdf521df9194a52777cfb	21162179	SINGLE
SRR10557493	SAMN13427867	SRX7239002	Microbe sample from Escherichia coli	NextSeq 500 sequencing: Barcode sequencing of E. coli evolving in antibiotics	1005877	50293850	ftp.sra.ebi.ac.uk/vol1/fastq/SRR105/093/SRR10557493/SRR10557493.fastq.gz	e4686474fac4e561a497ce40bb975403	25733745	SINGLE
SRR10557495	SAMN13427865	SRX7239000	Microbe sample from Escherichia coli	NextSeq 500 sequencing: Barcode sequencing of E. coli evolving in antibiotics	1047128	52356400	ftp.sra.ebi.ac.uk/vol1/fastq/SRR105/095/SRR10557495/SRR10557495.fastq.gz	d69a52d6a0266b89fc6103308d425bf9	25551517	SINGLE
SRR10557497	SAMN13427863	SRX7238998	Microbe sample from Escherichia coli	NextSeq 500 sequencing: Barcode sequencing of E. coli evolving in antibiotics	1332684	66634200	ftp.sra.ebi.ac.uk/vol1/fastq/SRR105/097/SRR10557497/SRR10557497.fastq.gz	ce772d19c219866fc1a354f285ce246b	34502616	SINGLE
SRR10557498	SAMN13427862	SRX7238997	Microbe sample from Escherichia coli	NextSeq 500 sequencing: Barcode sequencing of E. coli evolving in antibiotics	1282804	64140200	ftp.sra.ebi.ac.uk/vol1/fastq/SRR105/098/SRR10557498/SRR10557498.fastq.gz	e75d0d47dec82070081221cd08281026	33767244	SINGLE
SRR10557503	SAMN13427759	SRX7238992	Microbe sample from Escherichia coli	NextSeq 500 sequencing: Barcode sequencing of E. coli evolving in antibiotics	1155733	57786650	ftp.sra.ebi.ac.uk/vol1/fastq/SRR105/003/SRR10557503/SRR10557503.fastq.gz	99c7290c1f02bd10d85ecb5aa4c511e0	28451039	SINGLE
SRR10557505	SAMN13427856	SRX7238990	Microbe sample from Escherichia coli	NextSeq 500 sequencing: Barcode sequencing of E. coli evolving in antibiotics	822203	41110150	ftp.sra.ebi.ac.uk/vol1/fastq/SRR105/005/SRR10557505/SRR10557505.fastq.gz	9d48acd5358318f8b134a3bfba58bd5a	20353880	SINGLE
SRR10557509	SAMN13427852	SRX7238986	Microbe sample from Escherichia coli	NextSeq 500 sequencing: Barcode sequencing of E. coli evolving in antibiotics	1332301	66615050	ftp.sra.ebi.ac.uk/vol1/fastq/SRR105/009/SRR10557509/SRR10557509.fastq.gz	b3375e2f649192ebc4338d9217cfca78	27897544	SINGLE
SRR10557513	SAMN13428310	SRX7238982	Microbe sample from Escherichia coli	NextSeq 500 sequencing: Barcode sequencing of E. coli evolving in antibiotics	1285274	64263700	ftp.sra.ebi.ac.uk/vol1/fastq/SRR105/013/SRR10557513/SRR10557513.fastq.gz	7d34a6abbfcde341a7737538c7a0a124	34244043	SINGLE
SRR10557515	SAMN13428308	SRX7238980	Microbe sample from Escherichia coli	NextSeq 500 sequencing: Barcode sequencing of E. coli evolving in antibiotics	1465654	73282700	ftp.sra.ebi.ac.uk/vol1/fastq/SRR105/015/SRR10557515/SRR10557515.fastq.gz	f2a0b9e6f83e313f8b56ec4defc44e90	36278294	SINGLE
SRR10557516	SAMN13427804	SRX7238979	Microbe sample from Escherichia coli	NextSeq 500 sequencing: Barcode sequencing of E. coli evolving in antibiotics	1055401	52770050	ftp.sra.ebi.ac.uk/vol1/fastq/SRR105/016/SRR10557516/SRR10557516.fastq.gz	7f5a4fb60ecd6e628899757e791f2356	20653916	SINGLE
SRR10557519	SAMN13428305	SRX7238976	Microbe sample from Escherichia coli	NextSeq 500 sequencing: Barcode sequencing of E. coli evolving in antibiotics	1099503	54975150	ftp.sra.ebi.ac.uk/vol1/fastq/SRR105/019/SRR10557519/SRR10557519.fastq.gz	576192f65f63eb160578331dc12b3ba0	26944200	SINGLE
SRR10557523	SAMN13428301	SRX7238972	Microbe sample from Escherichia coli	NextSeq 500 sequencing: Barcode sequencing of E. coli evolving in antibiotics	1009033	50451650	ftp.sra.ebi.ac.uk/vol1/fastq/SRR105/023/SRR10557523/SRR10557523.fastq.gz	bb5e0b69bea3ed1f6542bd11b592b3c0	24864345	SINGLE
SRR10557526	SAMN13428298	SRX7238969	Microbe sample from Escherichia coli	NextSeq 500 sequencing: Barcode sequencing of E. coli evolving in antibiotics	942312	47115600	ftp.sra.ebi.ac.uk/vol1/fastq/SRR105/026/SRR10557526/SRR10557526.fastq.gz	f94e690f81531abee7f031ede4cd04ef	23851456	SINGLE
SRR10557528	SAMN13428297	SRX7238967	Microbe sample from Escherichia coli	NextSeq 500 sequencing: Barcode sequencing of E. coli evolving in antibiotics	993484	49674200	ftp.sra.ebi.ac.uk/vol1/fastq/SRR105/028/SRR10557528/SRR10557528.fastq.gz	a22bc98ba55856e67af8ab352609a1d2	23883096	SINGLE
SRR10557531	SAMN13428294	SRX7238964	Microbe sample from Escherichia coli	NextSeq 500 sequencing: Barcode sequencing of E. coli evolving in antibiotics	749586	37479300	ftp.sra.ebi.ac.uk/vol1/fastq/SRR105/031/SRR10557531/SRR10557531.fastq.gz	ad5a76e5ffda52ff3e20b4300d1ab4fd	19849078	SINGLE
SRR10557540	SAMN13428286	SRX7238955	Microbe sample from Escherichia coli	NextSeq 500 sequencing: Barcode sequencing of E. coli evolving in antibiotics	1434211	71710550	ftp.sra.ebi.ac.uk/vol1/fastq/SRR105/040/SRR10557540/SRR10557540.fastq.gz	c2fb29ee2dd21cbd0c888ecadf47c445	30879603	SINGLE
SRR10557547	SAMN13427749	SRX7238948	Microbe sample from Escherichia coli	NextSeq 500 sequencing: Barcode sequencing of E. coli evolving in antibiotics	1172072	58603600	ftp.sra.ebi.ac.uk/vol1/fastq/SRR105/047/SRR10557547/SRR10557547.fastq.gz	d9972952777fc5d76d2909ce07ff3b2e	28973881	SINGLE
SRR10557548	SAMN13427748	SRX7238947	Microbe sample from Escherichia coli	NextSeq 500 sequencing: Barcode sequencing of E. coli evolving in antibiotics	1205934	60296700	ftp.sra.ebi.ac.uk/vol1/fastq/SRR105/048/SRR10557548/SRR10557548.fastq.gz	0d7db47028c6b66d2baa70ffebbec356	29457070	SINGLE
SRR10557551	SAMN13427991	SRX7239352	Microbe sample from Escherichia coli	NextSeq 500 sequencing: Barcode sequencing of E. coli evolving in antibiotics	1416882	70844100	ftp.sra.ebi.ac.uk/vol1/fastq/SRR105/051/SRR10557551/SRR10557551.fastq.gz	3c7527b88c2ef34466fc3724047cd0df	34999259	SINGLE
SRR10557553	SAMN13427989	SRX7239350	Microbe sample from Escherichia coli	NextSeq 500 sequencing: Barcode sequencing of E. coli evolving in antibiotics	1494932	74746600	ftp.sra.ebi.ac.uk/vol1/fastq/SRR105/053/SRR10557553/SRR10557553.fastq.gz	3c2e0a449f4b9b0ec11ac663b1aa13f2	33444669	SINGLE
SRR10557557	SAMN13427986	SRX7239346	Microbe sample from Escherichia coli	NextSeq 500 sequencing: Barcode sequencing of E. coli evolving in antibiotics	1268876	63443800	ftp.sra.ebi.ac.uk/vol1/fastq/SRR105/057/SRR10557557/SRR10557557.fastq.gz	b3aaaf28753d61a1a65a9f0083543c89	31526707	SINGLE
SRR10557558	SAMN13427985	SRX7239345	Microbe sample from Escherichia coli	NextSeq 500 sequencing: Barcode sequencing of E. coli evolving in antibiotics	1205448	60272400	ftp.sra.ebi.ac.uk/vol1/fastq/SRR105/058/SRR10557558/SRR10557558.fastq.gz	ca86a88f3634a73707cbba323c68d867	28650863	SINGLE
SRR10557562	SAMN13427981	SRX7239341	Microbe sample from Escherichia coli	NextSeq 500 sequencing: Barcode sequencing of E. coli evolving in antibiotics	1230832	61541600	ftp.sra.ebi.ac.uk/vol1/fastq/SRR105/062/SRR10557562/SRR10557562.fastq.gz	365b2bd19685e4d202b0e90a7ed662c9	29065538	SINGLE
SRR10557563	SAMN13427980	SRX7239340	Microbe sample from Escherichia coli	NextSeq 500 sequencing: Barcode sequencing of E. coli evolving in antibiotics	1292598	64629900	ftp.sra.ebi.ac.uk/vol1/fastq/SRR105/063/SRR10557563/SRR10557563.fastq.gz	9aeab5ed4dd5b57da246a79cf5a37a9f	30942250	SINGLE
SRR10557564	SAMN13427979	SRX7239339	Microbe sample from Escherichia coli	NextSeq 500 sequencing: Barcode sequencing of E. coli evolving in antibiotics	1171723	58586150	ftp.sra.ebi.ac.uk/vol1/fastq/SRR105/064/SRR10557564/SRR10557564.fastq.gz	604d831ada6f2db854be556292e48ea0	30432800	SINGLE
SRR10557570	SAMN13427974	SRX7239333	Microbe sample from Escherichia coli	NextSeq 500 sequencing: Barcode sequencing of E. coli evolving in antibiotics	977070	48853500	ftp.sra.ebi.ac.uk/vol1/fastq/SRR105/070/SRR10557570/SRR10557570.fastq.gz	e233b0695ee361bd3441242872981674	25703496	SINGLE
SRR10557582	SAMN13428482	SRX7239321	Microbe sample from Escherichia coli	NextSeq 500 sequencing: Barcode sequencing of E. coli evolving in antibiotics	1162154	58107700	ftp.sra.ebi.ac.uk/vol1/fastq/SRR105/082/SRR10557582/SRR10557582.fastq.gz	49675baf8fea52119f6bea8240d9ac36	27945559	SINGLE
SRR10557584	SAMN13428480	SRX7239319	Microbe sample from Escherichia coli	NextSeq 500 sequencing: Barcode sequencing of E. coli evolving in antibiotics	1155913	57795650	ftp.sra.ebi.ac.uk/vol1/fastq/SRR105/084/SRR10557584/SRR10557584.fastq.gz	325c07f8156c020dc8fd46187ba8edba	26986355	SINGLE
SRR10557589	SAMN13428476	SRX7239314	Microbe sample from Escherichia coli	NextSeq 500 sequencing: Barcode sequencing of E. coli evolving in antibiotics	1818815	90940750	ftp.sra.ebi.ac.uk/vol1/fastq/SRR105/089/SRR10557589/SRR10557589.fastq.gz	5d089a546570c90eb63b73c96edbb138	42318010	SINGLE
SRR10557596	SAMN13428469	SRX7239307	Microbe sample from Escherichia coli	NextSeq 500 sequencing: Barcode sequencing of E. coli evolving in antibiotics	1259889	62994450	ftp.sra.ebi.ac.uk/vol1/fastq/SRR105/096/SRR10557596/SRR10557596.fastq.gz	7d8375fb638ba755b3d504e3768ddde3	30437323	SINGLE
SRR10557602	SAMN13428464	SRX7239301	Microbe sample from Escherichia coli	NextSeq 500 sequencing: Barcode sequencing of E. coli evolving in antibiotics	1343043	67152150	ftp.sra.ebi.ac.uk/vol1/fastq/SRR105/002/SRR10557602/SRR10557602.fastq.gz	733799e14b16b75fd9a57f6cf2d1e21e	30006312	SINGLE
SRR10557604	SAMN13428462	SRX7239299	Microbe sample from Escherichia coli	NextSeq 500 sequencing: Barcode sequencing of E. coli evolving in antibiotics	1184348	59217400	ftp.sra.ebi.ac.uk/vol1/fastq/SRR105/004/SRR10557604/SRR10557604.fastq.gz	56471d4fe93d197de69b158dc51724a5	30527736	SINGLE
SRR10557613	SAMN13428339	SRX7239290	Microbe sample from Escherichia coli	NextSeq 500 sequencing: Barcode sequencing of E. coli evolving in antibiotics	1144432	57221600	ftp.sra.ebi.ac.uk/vol1/fastq/SRR105/013/SRR10557613/SRR10557613.fastq.gz	4932442738fa89e13f2042bfa5b3ef41	29008212	SINGLE
SRR10557618	SAMN13428335	SRX7239285	Microbe sample from Escherichia coli	NextSeq 500 sequencing: Barcode sequencing of E. coli evolving in antibiotics	1777653	88882650	ftp.sra.ebi.ac.uk/vol1/fastq/SRR105/018/SRR10557618/SRR10557618.fastq.gz	be6b7cd2753ced674858c2fba441ba60	41395168	SINGLE
SRR10557619	SAMN13428334	SRX7239284	Microbe sample from Escherichia coli	NextSeq 500 sequencing: Barcode sequencing of E. coli evolving in antibiotics	1916325	95816250	ftp.sra.ebi.ac.uk/vol1/fastq/SRR105/019/SRR10557619/SRR10557619.fastq.gz	9dea409771a990c09d9e27fd66a30e16	42494441	SINGLE
SRR10557620	SAMN13428333	SRX7239283	Microbe sample from Escherichia coli	NextSeq 500 sequencing: Barcode sequencing of E. coli evolving in antibiotics	1874026	93701300	ftp.sra.ebi.ac.uk/vol1/fastq/SRR105/020/SRR10557620/SRR10557620.fastq.gz	e03acef55e81f30b2ec357d6a853dab5	39104261	SINGLE
SRR10556880	SAMN13428329	SRX7238943	Microbe sample from Escherichia coli	NextSeq 500 sequencing: Barcode sequencing of E. coli evolving in antibiotics	1351489	67574450	ftp.sra.ebi.ac.uk/vol1/fastq/SRR105/080/SRR10556880/SRR10556880.fastq.gz	f90d0e984538624bccadc76dbca1381f	29392852	SINGLE
SRR10556887	SAMN13428323	SRX7238936	Microbe sample from Escherichia coli	NextSeq 500 sequencing: Barcode sequencing of E. coli evolving in antibiotics	1334125	66706250	ftp.sra.ebi.ac.uk/vol1/fastq/SRR105/087/SRR10556887/SRR10556887.fastq.gz	df064b93acc301bd91c00ad5405f3721	35139571	SINGLE
SRR10556902	SAMN13428223	SRX7238921	Microbe sample from Escherichia coli	NextSeq 500 sequencing: Barcode sequencing of E. coli evolving in antibiotics	584739	29236950	ftp.sra.ebi.ac.uk/vol1/fastq/SRR105/002/SRR10556902/SRR10556902.fastq.gz	dad985d895c7f3256e175316913f5dc8	15277609	SINGLE
SRR10556903	SAMN13428222	SRX7238920	Microbe sample from Escherichia coli	NextSeq 500 sequencing: Barcode sequencing of E. coli evolving in antibiotics	633008	31650400	ftp.sra.ebi.ac.uk/vol1/fastq/SRR105/003/SRR10556903/SRR10556903.fastq.gz	16232bc9d3441edb37bab9f6663c5334	15855619	SINGLE
SRR10556912	SAMN13428214	SRX7238911	Microbe sample from Escherichia coli	NextSeq 500 sequencing: Barcode sequencing of E. coli evolving in antibiotics	1122288	56114400	ftp.sra.ebi.ac.uk/vol1/fastq/SRR105/012/SRR10556912/SRR10556912.fastq.gz	e2889ec302c6e11f2e6198e7eb7de024	29598071	SINGLE
SRR10556913	SAMN13428213	SRX7238910	Microbe sample from Escherichia coli	NextSeq 500 sequencing: Barcode sequencing of E. coli evolving in antibiotics	1220570	61028500	ftp.sra.ebi.ac.uk/vol1/fastq/SRR105/013/SRR10556913/SRR10556913.fastq.gz	765a2e20faf9722bde315bb1f4cdc5dd	30295944	SINGLE
SRR10556925	SAMN13428202	SRX7238898	Microbe sample from Escherichia coli	NextSeq 500 sequencing: Barcode sequencing of E. coli evolving in antibiotics	762579	38128950	ftp.sra.ebi.ac.uk/vol1/fastq/SRR105/025/SRR10556925/SRR10556925.fastq.gz	91db3b9256e8240abc035badbb299bbd	20376007	SINGLE
SRR10556933	SAMN13427964	SRX7238890	Microbe sample from Escherichia coli	NextSeq 500 sequencing: Barcode sequencing of E. coli evolving in antibiotics	1305768	65288400	ftp.sra.ebi.ac.uk/vol1/fastq/SRR105/033/SRR10556933/SRR10556933.fastq.gz	6948fb608a316a2bbdb5590daa31cb2f	31545763	SINGLE
SRR10556936	SAMN13427961	SRX7238887	Microbe sample from Escherichia coli	NextSeq 500 sequencing: Barcode sequencing of E. coli evolving in antibiotics	2086906	104345300	ftp.sra.ebi.ac.uk/vol1/fastq/SRR105/036/SRR10556936/SRR10556936.fastq.gz	4c03927592a49f4fd021986f4155f0c6	46412612	SINGLE
SRR10556938	SAMN13427959	SRX7238885	Microbe sample from Escherichia coli	NextSeq 500 sequencing: Barcode sequencing of E. coli evolving in antibiotics	861372	43068600	ftp.sra.ebi.ac.uk/vol1/fastq/SRR105/038/SRR10556938/SRR10556938.fastq.gz	07299ea251aba726d472232993b6962a	22082198	SINGLE
SRR10556942	SAMN13427956	SRX7238881	Microbe sample from Escherichia coli	NextSeq 500 sequencing: Barcode sequencing of E. coli evolving in antibiotics	931428	46571400	ftp.sra.ebi.ac.uk/vol1/fastq/SRR105/042/SRR10556942/SRR10556942.fastq.gz	b22622fbfdeca61820e599c0f6592a80	22499647	SINGLE
SRR10556944	SAMN13427954	SRX7238879	Microbe sample from Escherichia coli	NextSeq 500 sequencing: Barcode sequencing of E. coli evolving in antibiotics	847289	42364450	ftp.sra.ebi.ac.uk/vol1/fastq/SRR105/044/SRR10556944/SRR10556944.fastq.gz	c52d19a0f960dccabe5aeaba99d8c688	22398728	SINGLE
SRR10556950	SAMN13427948	SRX7238873	Microbe sample from Escherichia coli	NextSeq 500 sequencing: Barcode sequencing of E. coli evolving in antibiotics	1342410	67120500	ftp.sra.ebi.ac.uk/vol1/fastq/SRR105/050/SRR10556950/SRR10556950.fastq.gz	c8326693c73ae7e7b59bb4f598fe2b0a	27927671	SINGLE
SRR10556953	SAMN13427947	SRX7238870	Microbe sample from Escherichia coli	NextSeq 500 sequencing: Barcode sequencing of E. coli evolving in antibiotics	968569	48428450	ftp.sra.ebi.ac.uk/vol1/fastq/SRR105/053/SRR10556953/SRR10556953.fastq.gz	94c539363026fa7cf1ae4997b4adb624	23109639	SINGLE
SRR10556962	SAMN13427938	SRX7238861	Microbe sample from Escherichia coli	NextSeq 500 sequencing: Barcode sequencing of E. coli evolving in antibiotics	1357071	67853550	ftp.sra.ebi.ac.uk/vol1/fastq/SRR105/062/SRR10556962/SRR10556962.fastq.gz	bc2483d39f80e71b620f5c8a5cd7916b	34047716	SINGLE
SRR10556964	SAMN13427937	SRX7238859	Microbe sample from Escherichia coli	NextSeq 500 sequencing: Barcode sequencing of E. coli evolving in antibiotics	1302405	65120250	ftp.sra.ebi.ac.uk/vol1/fastq/SRR105/064/SRR10556964/SRR10556964.fastq.gz	48982cbc0d2ed8df9f1e4db7e2776fdb	31174932	SINGLE
SRR10556975	SAMN13428186	SRX7238848	Microbe sample from Escherichia coli	NextSeq 500 sequencing: Barcode sequencing of E. coli evolving in antibiotics	1154009	57700450	ftp.sra.ebi.ac.uk/vol1/fastq/SRR105/075/SRR10556975/SRR10556975.fastq.gz	4878a500cbcd6cb2dcc10ec49fd6b9fa	28102381	SINGLE
SRR10556976	SAMN13428185	SRX7238847	Microbe sample from Escherichia coli	NextSeq 500 sequencing: Barcode sequencing of E. coli evolving in antibiotics	1113415	55670750	ftp.sra.ebi.ac.uk/vol1/fastq/SRR105/076/SRR10556976/SRR10556976.fastq.gz	cec2ba6de59bf85c207e9a691ec395f5	25617110	SINGLE
SRR10556987	SAMN13428175	SRX7238836	Microbe sample from Escherichia coli	NextSeq 500 sequencing: Barcode sequencing of E. coli evolving in antibiotics	2016004	100800200	ftp.sra.ebi.ac.uk/vol1/fastq/SRR105/087/SRR10556987/SRR10556987.fastq.gz	1f6c8c55a1a4a348608746ca46c41ddf	51319373	SINGLE
SRR10556990	SAMN13428172	SRX7238833	Microbe sample from Escherichia coli	NextSeq 500 sequencing: Barcode sequencing of E. coli evolving in antibiotics	2206691	110334550	ftp.sra.ebi.ac.uk/vol1/fastq/SRR105/090/SRR10556990/SRR10556990.fastq.gz	e22a5e0574b203419f3ed121ff660911	52106966	SINGLE
SRR10556992	SAMN13428170	SRX7238831	Microbe sample from Escherichia coli	NextSeq 500 sequencing: Barcode sequencing of E. coli evolving in antibiotics	1127569	56378450	ftp.sra.ebi.ac.uk/vol1/fastq/SRR105/092/SRR10556992/SRR10556992.fastq.gz	3d3566a5f09cb2440081eb427775443a	28333686	SINGLE
SRR10557002	SAMN13427775	SRX7238821	Microbe sample from Escherichia coli	NextSeq 500 sequencing: Barcode sequencing of E. coli evolving in antibiotics	1136539	56826950	ftp.sra.ebi.ac.uk/vol1/fastq/SRR105/002/SRR10557002/SRR10557002.fastq.gz	f74dd5cca859c28e0a04ce320cdd33b8	29440236	SINGLE
SRR10557004	SAMN13428016	SRX7238819	Microbe sample from Escherichia coli	NextSeq 500 sequencing: Barcode sequencing of E. coli evolving in antibiotics	1371150	68557500	ftp.sra.ebi.ac.uk/vol1/fastq/SRR105/004/SRR10557004/SRR10557004.fastq.gz	2b64cdf6adbdcf7edc589834b85a4d0c	32939237	SINGLE
SRR10557007	SAMN13428013	SRX7238816	Microbe sample from Escherichia coli	NextSeq 500 sequencing: Barcode sequencing of E. coli evolving in antibiotics	1068256	53412800	ftp.sra.ebi.ac.uk/vol1/fastq/SRR105/007/SRR10557007/SRR10557007.fastq.gz	c0b4cb5995cddfb8c0b87fea4c081f27	26789701	SINGLE
SRR10557008	SAMN13428012	SRX7238815	Microbe sample from Escherichia coli	NextSeq 500 sequencing: Barcode sequencing of E. coli evolving in antibiotics	1112038	55601900	ftp.sra.ebi.ac.uk/vol1/fastq/SRR105/008/SRR10557008/SRR10557008.fastq.gz	bd96fadee62ecf216f28887af60ce5c0	27526851	SINGLE
SRR10557010	SAMN13428010	SRX7238813	Microbe sample from Escherichia coli	NextSeq 500 sequencing: Barcode sequencing of E. coli evolving in antibiotics	948369	47418450	ftp.sra.ebi.ac.uk/vol1/fastq/SRR105/010/SRR10557010/SRR10557010.fastq.gz	83146fd0ff298a454f34792d36571b15	25678619	SINGLE
SRR10557016	SAMN13428005	SRX7238807	Microbe sample from Escherichia coli	NextSeq 500 sequencing: Barcode sequencing of E. coli evolving in antibiotics	1180886	59044300	ftp.sra.ebi.ac.uk/vol1/fastq/SRR105/016/SRR10557016/SRR10557016.fastq.gz	d112ebd4b49127baf363343f0341dd2f	29110819	SINGLE
SRR10557017	SAMN13428004	SRX7238806	Microbe sample from Escherichia coli	NextSeq 500 sequencing: Barcode sequencing of E. coli evolving in antibiotics	1223270	61163500	ftp.sra.ebi.ac.uk/vol1/fastq/SRR105/017/SRR10557017/SRR10557017.fastq.gz	5ef0daca4c656a991cdb43aa09eb3741	29748352	SINGLE
SRR10557018	SAMN13428003	SRX7238805	Microbe sample from Escherichia coli	NextSeq 500 sequencing: Barcode sequencing of E. coli evolving in antibiotics	1178851	58942550	ftp.sra.ebi.ac.uk/vol1/fastq/SRR105/018/SRR10557018/SRR10557018.fastq.gz	73634c79e1275a3e9f63f6ad1c8c42c9	30660651	SINGLE
SRR10557022	SAMN13427999	SRX7238801	Microbe sample from Escherichia coli	NextSeq 500 sequencing: Barcode sequencing of E. coli evolving in antibiotics	1051555	52577750	ftp.sra.ebi.ac.uk/vol1/fastq/SRR105/022/SRR10557022/SRR10557022.fastq.gz	3a1a25b91df0659dcafd61d7b358f335	24110253	SINGLE
SRR10557023	SAMN13427998	SRX7238800	Microbe sample from Escherichia coli	NextSeq 500 sequencing: Barcode sequencing of E. coli evolving in antibiotics	1132752	56637600	ftp.sra.ebi.ac.uk/vol1/fastq/SRR105/023/SRR10557023/SRR10557023.fastq.gz	09fa4986c99ff1c2117c0ddf67d75098	24756226	SINGLE
SRR10557024	SAMN13427773	SRX7238799	Microbe sample from Escherichia coli	NextSeq 500 sequencing: Barcode sequencing of E. coli evolving in antibiotics	1169209	58460450	ftp.sra.ebi.ac.uk/vol1/fastq/SRR105/024/SRR10557024/SRR10557024.fastq.gz	6cda3b4cebebe97260aeda99030ebe91	28923964	SINGLE
SRR10557025	SAMN13427997	SRX7238798	Microbe sample from Escherichia coli	NextSeq 500 sequencing: Barcode sequencing of E. coli evolving in antibiotics	1091074	54553700	ftp.sra.ebi.ac.uk/vol1/fastq/SRR105/025/SRR10557025/SRR10557025.fastq.gz	f08728fbc48e6cf2c6838aa26aa14195	22347579	SINGLE
SRR10557027	SAMN13427995	SRX7238796	Microbe sample from Escherichia coli	NextSeq 500 sequencing: Barcode sequencing of E. coli evolving in antibiotics	1077128	53856400	ftp.sra.ebi.ac.uk/vol1/fastq/SRR105/027/SRR10557027/SRR10557027.fastq.gz	d856b729e9244ee23aa06cbba1b6fa74	25721012	SINGLE
SRR10557034	SAMN13427931	SRX7238789	Microbe sample from Escherichia coli	NextSeq 500 sequencing: Barcode sequencing of E. coli evolving in antibiotics	917586	45879300	ftp.sra.ebi.ac.uk/vol1/fastq/SRR105/034/SRR10557034/SRR10557034.fastq.gz	331d312fbb76c6956fdb87f5a43e8834	24157846	SINGLE
SRR10557039	SAMN13427927	SRX7238784	Microbe sample from Escherichia coli	NextSeq 500 sequencing: Barcode sequencing of E. coli evolving in antibiotics	1103786	55189300	ftp.sra.ebi.ac.uk/vol1/fastq/SRR105/039/SRR10557039/SRR10557039.fastq.gz	6e28d7f717e07ce29ef6c9380f71bcb4	28310099	SINGLE
SRR10557043	SAMN13427923	SRX7238780	Microbe sample from Escherichia coli	NextSeq 500 sequencing: Barcode sequencing of E. coli evolving in antibiotics	911719	45585950	ftp.sra.ebi.ac.uk/vol1/fastq/SRR105/043/SRR10557043/SRR10557043.fastq.gz	27629492f3ab112c1173b557c50ad232	23281371	SINGLE
SRR10557049	SAMN13427765	SRX7238774	Microbe sample from Escherichia coli	NextSeq 500 sequencing: Barcode sequencing of E. coli evolving in antibiotics	916840	45842000	ftp.sra.ebi.ac.uk/vol1/fastq/SRR105/049/SRR10557049/SRR10557049.fastq.gz	a3cb8dc6153f53b56c9006b1f3a39474	21571224	SINGLE
SRR10557053	SAMN13427914	SRX7238770	Microbe sample from Escherichia coli	NextSeq 500 sequencing: Barcode sequencing of E. coli evolving in antibiotics	983943	49197150	ftp.sra.ebi.ac.uk/vol1/fastq/SRR105/053/SRR10557053/SRR10557053.fastq.gz	49e229679643cfe25c736e3f8dcbca02	25921624	SINGLE
SRR10557061	SAMN13427787	SRX7238762	Microbe sample from Escherichia coli	NextSeq 500 sequencing: Barcode sequencing of E. coli evolving in antibiotics	1060097	53004850	ftp.sra.ebi.ac.uk/vol1/fastq/SRR105/061/SRR10557061/SRR10557061.fastq.gz	e13ad90094c8458fa8d16cc19b353970	26512070	SINGLE
SRR10557064	SAMN13428135	SRX7238759	Microbe sample from Escherichia coli	NextSeq 500 sequencing: Barcode sequencing of E. coli evolving in antibiotics	1351194	67559700	ftp.sra.ebi.ac.uk/vol1/fastq/SRR105/064/SRR10557064/SRR10557064.fastq.gz	113cb58144f98e5522bd85f7d3c68b03	33792748	SINGLE
SRR10557067	SAMN13428132	SRX7238756	Microbe sample from Escherichia coli	NextSeq 500 sequencing: Barcode sequencing of E. coli evolving in antibiotics	1483962	74198100	ftp.sra.ebi.ac.uk/vol1/fastq/SRR105/067/SRR10557067/SRR10557067.fastq.gz	c0855295b49eaa0141dc1bfe37e8804f	34517826	SINGLE
SRR10557069	SAMN13428130	SRX7238754	Microbe sample from Escherichia coli	NextSeq 500 sequencing: Barcode sequencing of E. coli evolving in antibiotics	1815229	90761450	ftp.sra.ebi.ac.uk/vol1/fastq/SRR105/069/SRR10557069/SRR10557069.fastq.gz	f6df402f6c11d2349b5e6ff28cf3c7a3	43986375	SINGLE
SRR10557080	SAMN13428120	SRX7238743	Microbe sample from Escherichia coli	NextSeq 500 sequencing: Barcode sequencing of E. coli evolving in antibiotics	1141414	57070700	ftp.sra.ebi.ac.uk/vol1/fastq/SRR105/080/SRR10557080/SRR10557080.fastq.gz	cbeef311d3863f113935e8a9d783abd4	27750147	SINGLE
SRR10557081	SAMN13428119	SRX7238742	Microbe sample from Escherichia coli	NextSeq 500 sequencing: Barcode sequencing of E. coli evolving in antibiotics	1191588	59579400	ftp.sra.ebi.ac.uk/vol1/fastq/SRR105/081/SRR10557081/SRR10557081.fastq.gz	5204d3effba2d65b2e1cdd2e1af7e68c	30869937	SINGLE
SRR10557086	SAMN13428115	SRX7238737	Microbe sample from Escherichia coli	NextSeq 500 sequencing: Barcode sequencing of E. coli evolving in antibiotics	997554	49877700	ftp.sra.ebi.ac.uk/vol1/fastq/SRR105/086/SRR10557086/SRR10557086.fastq.gz	e49960a73720443eebc9f2ebccc97edf	25317938	SINGLE
SRR10557090	SAMN13428111	SRX7238733	Microbe sample from Escherichia coli	NextSeq 500 sequencing: Barcode sequencing of E. coli evolving in antibiotics	1129849	56492450	ftp.sra.ebi.ac.uk/vol1/fastq/SRR105/090/SRR10557090/SRR10557090.fastq.gz	e6f3b0cb54a3c4eed207359f2956a869	29277831	SINGLE
SRR10557092	SAMN13428109	SRX7238731	Microbe sample from Escherichia coli	NextSeq 500 sequencing: Barcode sequencing of E. coli evolving in antibiotics	1163185	58159250	ftp.sra.ebi.ac.uk/vol1/fastq/SRR105/092/SRR10557092/SRR10557092.fastq.gz	e5b223a7a2c818665047b14236f1a9bf	28735373	SINGLE
SRR10557093	SAMN13428050	SRX7238730	Microbe sample from Escherichia coli	NextSeq 500 sequencing: Barcode sequencing of E. coli evolving in antibiotics	878550	43927500	ftp.sra.ebi.ac.uk/vol1/fastq/SRR105/093/SRR10557093/SRR10557093.fastq.gz	e95ade5db0c17ef8375103fe856f47fb	23272488	SINGLE
SRR10557099	SAMN13428046	SRX7238724	Microbe sample from Escherichia coli	NextSeq 500 sequencing: Barcode sequencing of E. coli evolving in antibiotics	1327501	66375050	ftp.sra.ebi.ac.uk/vol1/fastq/SRR105/099/SRR10557099/SRR10557099.fastq.gz	52a2ca88e2103120e2b6cfb03d2cd21c	28566981	SINGLE
SRR10557104	SAMN13428041	SRX7238719	Microbe sample from Escherichia coli	NextSeq 500 sequencing: Barcode sequencing of E. coli evolving in antibiotics	1388754	69437700	ftp.sra.ebi.ac.uk/vol1/fastq/SRR105/004/SRR10557104/SRR10557104.fastq.gz	bfbb2641c5875cb29eb867ca3fa322df	29310925	SINGLE
SRR10557128	SAMN13428106	SRX7238695	Microbe sample from Escherichia coli	NextSeq 500 sequencing: Barcode sequencing of E. coli evolving in antibiotics	639240	31962000	ftp.sra.ebi.ac.uk/vol1/fastq/SRR105/028/SRR10557128/SRR10557128.fastq.gz	50dc2ad9c2fd27d689ef730be6df960e	17007191	SINGLE
SRR10557133	SAMN13428101	SRX7238690	Microbe sample from Escherichia coli	NextSeq 500 sequencing: Barcode sequencing of E. coli evolving in antibiotics	1118989	55949450	ftp.sra.ebi.ac.uk/vol1/fastq/SRR105/033/SRR10557133/SRR10557133.fastq.gz	8808f3ec47924d5df0f84d3cc36959f0	27493782	SINGLE
SRR10557139	SAMN13428096	SRX7238684	Microbe sample from Escherichia coli	NextSeq 500 sequencing: Barcode sequencing of E. coli evolving in antibiotics	954713	47735650	ftp.sra.ebi.ac.uk/vol1/fastq/SRR105/039/SRR10557139/SRR10557139.fastq.gz	0033e032a36e7fed8a7120874ed1570e	22883019	SINGLE
SRR10557149	SAMN13428087	SRX7238674	Microbe sample from Escherichia coli	NextSeq 500 sequencing: Barcode sequencing of E. coli evolving in antibiotics	960189	48009450	ftp.sra.ebi.ac.uk/vol1/fastq/SRR105/049/SRR10557149/SRR10557149.fastq.gz	7296b0c1fb2aaf530795b3bb7f05e672	25256538	SINGLE
SRR10557155	SAMN13428081	SRX7238668	Microbe sample from Escherichia coli	NextSeq 500 sequencing: Barcode sequencing of E. coli evolving in antibiotics	1155213	57760650	ftp.sra.ebi.ac.uk/vol1/fastq/SRR105/055/SRR10557155/SRR10557155.fastq.gz	8cfb9348992e9ec0e346b9b7559bbc42	28811103	SINGLE
SRR10557159	SAMN13427905	SRX7238664	Microbe sample from Escherichia coli	NextSeq 500 sequencing: Barcode sequencing of E. coli evolving in antibiotics	817203	40860150	ftp.sra.ebi.ac.uk/vol1/fastq/SRR105/059/SRR10557159/SRR10557159.fastq.gz	823b6b74e8cbba1493c6953c61bfd9eb	20322809	SINGLE
SRR10557160	SAMN13427904	SRX7238663	Microbe sample from Escherichia coli	NextSeq 500 sequencing: Barcode sequencing of E. coli evolving in antibiotics	860720	43036000	ftp.sra.ebi.ac.uk/vol1/fastq/SRR105/060/SRR10557160/SRR10557160.fastq.gz	24f3163f4578e5b83e7856abf8c9677b	21070502	SINGLE
SRR10557165	SAMN13427899	SRX7238658	Microbe sample from Escherichia coli	NextSeq 500 sequencing: Barcode sequencing of E. coli evolving in antibiotics	1013995	50699750	ftp.sra.ebi.ac.uk/vol1/fastq/SRR105/065/SRR10557165/SRR10557165.fastq.gz	251a422163c3f987ee6853897d37732c	23237035	SINGLE
SRR10557175	SAMN13427890	SRX7238648	Microbe sample from Escherichia coli	NextSeq 500 sequencing: Barcode sequencing of E. coli evolving in antibiotics	1529740	76487000	ftp.sra.ebi.ac.uk/vol1/fastq/SRR105/075/SRR10557175/SRR10557175.fastq.gz	51006598de664bca18f38ed0cfb5590d	34084598	SINGLE
SRR10557185	SAMN13427881	SRX7238638	Microbe sample from Escherichia coli	NextSeq 500 sequencing: Barcode sequencing of E. coli evolving in antibiotics	1030346	51517300	ftp.sra.ebi.ac.uk/vol1/fastq/SRR105/085/SRR10557185/SRR10557185.fastq.gz	cd51aa249668835f71817b5f3000efcf	23307083	SINGLE
SRR10557195	SAMN13428452	SRX7238628	Microbe sample from Escherichia coli	NextSeq 500 sequencing: Barcode sequencing of E. coli evolving in antibiotics	1266659	63332950	ftp.sra.ebi.ac.uk/vol1/fastq/SRR105/095/SRR10557195/SRR10557195.fastq.gz	3589c64ebec926cd9e134c7037cd7b6f	30397200	SINGLE
SRR10557196	SAMN13428451	SRX7238627	Microbe sample from Escherichia coli	NextSeq 500 sequencing: Barcode sequencing of E. coli evolving in antibiotics	940182	47009100	ftp.sra.ebi.ac.uk/vol1/fastq/SRR105/096/SRR10557196/SRR10557196.fastq.gz	6c061bd83544fdb1476ed95b1b6e1836	23548039	SINGLE
SRR10557202	SAMN13428447	SRX7238621	Microbe sample from Escherichia coli	NextSeq 500 sequencing: Barcode sequencing of E. coli evolving in antibiotics	892239	44611950	ftp.sra.ebi.ac.uk/vol1/fastq/SRR105/002/SRR10557202/SRR10557202.fastq.gz	0476b67e0c6c8f3665efa5b0010c1527	23061461	SINGLE
SRR10557206	SAMN13428443	SRX7238617	Microbe sample from Escherichia coli	NextSeq 500 sequencing: Barcode sequencing of E. coli evolving in antibiotics	1501795	75089750	ftp.sra.ebi.ac.uk/vol1/fastq/SRR105/006/SRR10557206/SRR10557206.fastq.gz	a33d20b64b8bdf169b9ac28459ac5c42	38086020	SINGLE
SRR10557209	SAMN13428440	SRX7238614	Microbe sample from Escherichia coli	NextSeq 500 sequencing: Barcode sequencing of E. coli evolving in antibiotics	1597073	79853650	ftp.sra.ebi.ac.uk/vol1/fastq/SRR105/009/SRR10557209/SRR10557209.fastq.gz	182d5af7f0d720fde021285877c2c182	38145595	SINGLE
SRR10557211	SAMN13428438	SRX7238612	Microbe sample from Escherichia coli	NextSeq 500 sequencing: Barcode sequencing of E. coli evolving in antibiotics	926165	46308250	ftp.sra.ebi.ac.uk/vol1/fastq/SRR105/011/SRR10557211/SRR10557211.fastq.gz	372f1beaaf5a73ac07fb7c815bffd75c	19700782	SINGLE
SRR10557214	SAMN13428436	SRX7239281	Microbe sample from Escherichia coli	NextSeq 500 sequencing: Barcode sequencing of E. coli evolving in antibiotics	941201	47060050	ftp.sra.ebi.ac.uk/vol1/fastq/SRR105/014/SRR10557214/SRR10557214.fastq.gz	b19ea173b2ca3ec8e6148a1affa28964	19128292	SINGLE
SRR10557231	SAMN13428420	SRX7239264	Microbe sample from Escherichia coli	NextSeq 500 sequencing: Barcode sequencing of E. coli evolving in antibiotics	1270487	63524350	ftp.sra.ebi.ac.uk/vol1/fastq/SRR105/031/SRR10557231/SRR10557231.fastq.gz	dc279417ea14752098ab339d073880a2	30203178	SINGLE
SRR10557238	SAMN13428414	SRX7239257	Microbe sample from Escherichia coli	NextSeq 500 sequencing: Barcode sequencing of E. coli evolving in antibiotics	1057638	52881900	ftp.sra.ebi.ac.uk/vol1/fastq/SRR105/038/SRR10557238/SRR10557238.fastq.gz	8666548cd473d4b885d3bcd14da597d6	27814667	SINGLE
SRR10557239	SAMN13428413	SRX7239256	Microbe sample from Escherichia coli	NextSeq 500 sequencing: Barcode sequencing of E. coli evolving in antibiotics	1147475	57373750	ftp.sra.ebi.ac.uk/vol1/fastq/SRR105/039/SRR10557239/SRR10557239.fastq.gz	251940c1f24423be78d4dad817164b79	28407705	SINGLE
SRR10557240	SAMN13428412	SRX7239255	Microbe sample from Escherichia coli	NextSeq 500 sequencing: Barcode sequencing of E. coli evolving in antibiotics	1184512	59225600	ftp.sra.ebi.ac.uk/vol1/fastq/SRR105/040/SRR10557240/SRR10557240.fastq.gz	4f9006f827cf552e766af974f54a9ea3	28965807	SINGLE
SRR10557246	SAMN13428407	SRX7239249	Microbe sample from Escherichia coli	NextSeq 500 sequencing: Barcode sequencing of E. coli evolving in antibiotics	1367757	68387850	ftp.sra.ebi.ac.uk/vol1/fastq/SRR105/046/SRR10557246/SRR10557246.fastq.gz	a0a81d7c3264945ecd7d2c3887fe61dc	35460224	SINGLE
SRR10557247	SAMN13428406	SRX7239248	Microbe sample from Escherichia coli	NextSeq 500 sequencing: Barcode sequencing of E. coli evolving in antibiotics	1473828	73691400	ftp.sra.ebi.ac.uk/vol1/fastq/SRR105/047/SRR10557247/SRR10557247.fastq.gz	7214db4e9831567b5fce3cf30012639d	36844863	SINGLE
SRR10557251	SAMN13428402	SRX7239244	Microbe sample from Escherichia coli	NextSeq 500 sequencing: Barcode sequencing of E. coli evolving in antibiotics	1078805	53940250	ftp.sra.ebi.ac.uk/vol1/fastq/SRR105/051/SRR10557251/SRR10557251.fastq.gz	b6ebb2e524bdd01a22c1383daa104332	27905238	SINGLE
SRR10557256	SAMN13427813	SRX7239239	Microbe sample from Escherichia coli	NextSeq 500 sequencing: Barcode sequencing of E. coli evolving in antibiotics	1096119	54805950	ftp.sra.ebi.ac.uk/vol1/fastq/SRR105/056/SRR10557256/SRR10557256.fastq.gz	786c53fa4d581df8c4a024f3a1483a24	27243843	SINGLE
SRR10557259	SAMN13427841	SRX7239236	Microbe sample from Escherichia coli	NextSeq 500 sequencing: Barcode sequencing of E. coli evolving in antibiotics	1184731	59236550	ftp.sra.ebi.ac.uk/vol1/fastq/SRR105/059/SRR10557259/SRR10557259.fastq.gz	ce84b74302ca4dccb473e049b159ea5a	25213638	SINGLE
SRR10557261	SAMN13427839	SRX7239234	Microbe sample from Escherichia coli	NextSeq 500 sequencing: Barcode sequencing of E. coli evolving in antibiotics	1221671	61083550	ftp.sra.ebi.ac.uk/vol1/fastq/SRR105/061/SRR10557261/SRR10557261.fastq.gz	420a16fe9d1d80209d9c8efe27d4d59e	29612828	SINGLE
SRR10557264	SAMN13427837	SRX7239231	Microbe sample from Escherichia coli	NextSeq 500 sequencing: Barcode sequencing of E. coli evolving in antibiotics	1284517	64225850	ftp.sra.ebi.ac.uk/vol1/fastq/SRR105/064/SRR10557264/SRR10557264.fastq.gz	c91fbf4e97ac7f44dc22bbb9a150b817	27981964	SINGLE
SRR10557265	SAMN13427836	SRX7239230	Microbe sample from Escherichia coli	NextSeq 500 sequencing: Barcode sequencing of E. coli evolving in antibiotics	1343686	67184300	ftp.sra.ebi.ac.uk/vol1/fastq/SRR105/065/SRR10557265/SRR10557265.fastq.gz	8837f0b8b686d136e45ee20c5593c3cf	29711478	SINGLE
SRR10557270	SAMN13427831	SRX7239225	Microbe sample from Escherichia coli	NextSeq 500 sequencing: Barcode sequencing of E. coli evolving in antibiotics	1264292	63214600	ftp.sra.ebi.ac.uk/vol1/fastq/SRR105/070/SRR10557270/SRR10557270.fastq.gz	e68084a285e4f3ee05ba32cd02380235	31690810	SINGLE
SRR10557273	SAMN13427828	SRX7239222	Microbe sample from Escherichia coli	NextSeq 500 sequencing: Barcode sequencing of E. coli evolving in antibiotics	1344774	67238700	ftp.sra.ebi.ac.uk/vol1/fastq/SRR105/073/SRR10557273/SRR10557273.fastq.gz	77339ff4dcf0285833d60ac1dd4b515c	31639857	SINGLE
SRR10557275	SAMN13427827	SRX7239220	Microbe sample from Escherichia coli	NextSeq 500 sequencing: Barcode sequencing of E. coli evolving in antibiotics	1220282	61014100	ftp.sra.ebi.ac.uk/vol1/fastq/SRR105/075/SRR10557275/SRR10557275.fastq.gz	abff56b7436aef30f2122dbc77efb372	31208392	SINGLE
SRR10557278	SAMN13427824	SRX7239217	Microbe sample from Escherichia coli	NextSeq 500 sequencing: Barcode sequencing of E. coli evolving in antibiotics	1303049	65152450	ftp.sra.ebi.ac.uk/vol1/fastq/SRR105/078/SRR10557278/SRR10557278.fastq.gz	5ca1316db3abadbdec7182210ebaacd1	31265989	SINGLE
SRR10557286	SAMN13428486	SRX7239209	Microbe sample from Escherichia coli	NextSeq 500 sequencing: Barcode sequencing of E. coli evolving in antibiotics	1201558	60077900	ftp.sra.ebi.ac.uk/vol1/fastq/SRR105/086/SRR10557286/SRR10557286.fastq.gz	93f11a58feb6a086a8dd5b45b21a84e8	27526932	SINGLE
SRR10557287	SAMN13428485	SRX7239208	Microbe sample from Escherichia coli	NextSeq 500 sequencing: Barcode sequencing of E. coli evolving in antibiotics	1155843	57792150	ftp.sra.ebi.ac.uk/vol1/fastq/SRR105/087/SRR10557287/SRR10557287.fastq.gz	eb55ed0326161131985984eaf3574fe0	24963319	SINGLE
SRR10557290	SAMN13428396	SRX7239205	Microbe sample from Escherichia coli	NextSeq 500 sequencing: Barcode sequencing of E. coli evolving in antibiotics	1381411	69070550	ftp.sra.ebi.ac.uk/vol1/fastq/SRR105/090/SRR10557290/SRR10557290.fastq.gz	8ca2828bfeb7593b7b7b53f93a36ecac	30138482	SINGLE
SRR10557292	SAMN13428394	SRX7239203	Microbe sample from Escherichia coli	NextSeq 500 sequencing: Barcode sequencing of E. coli evolving in antibiotics	845406	42270300	ftp.sra.ebi.ac.uk/vol1/fastq/SRR105/092/SRR10557292/SRR10557292.fastq.gz	115b7b27cea815d7c2ba610e8db815df	22290896	SINGLE
SRR10557293	SAMN13428393	SRX7239202	Microbe sample from Escherichia coli	NextSeq 500 sequencing: Barcode sequencing of E. coli evolving in antibiotics	917481	45874050	ftp.sra.ebi.ac.uk/vol1/fastq/SRR105/093/SRR10557293/SRR10557293.fastq.gz	1c71ac4fc24979e38686aae48383d4e8	22795222	SINGLE
SRR10557295	SAMN13428391	SRX7239200	Microbe sample from Escherichia coli	NextSeq 500 sequencing: Barcode sequencing of E. coli evolving in antibiotics	1389850	69492500	ftp.sra.ebi.ac.uk/vol1/fastq/SRR105/095/SRR10557295/SRR10557295.fastq.gz	d330780ef95bd6b551d0dfbfc7bd4806	35202601	SINGLE
SRR10557297	SAMN13428389	SRX7239198	Microbe sample from Escherichia coli	NextSeq 500 sequencing: Barcode sequencing of E. coli evolving in antibiotics	1423560	71178000	ftp.sra.ebi.ac.uk/vol1/fastq/SRR105/097/SRR10557297/SRR10557297.fastq.gz	b32196e5666a9ac7d28c0c9b0d580bbd	34421813	SINGLE
SRR10557299	SAMN13427812	SRX7239196	Microbe sample from Escherichia coli	NextSeq 500 sequencing: Barcode sequencing of E. coli evolving in antibiotics	1144951	57247550	ftp.sra.ebi.ac.uk/vol1/fastq/SRR105/099/SRR10557299/SRR10557299.fastq.gz	db1b165744aa2e768739110bfe0d481e	28022597	SINGLE
SRR10557315	SAMN13428373	SRX7239180	Microbe sample from Escherichia coli	NextSeq 500 sequencing: Barcode sequencing of E. coli evolving in antibiotics	914908	45745400	ftp.sra.ebi.ac.uk/vol1/fastq/SRR105/015/SRR10557315/SRR10557315.fastq.gz	541145e42a5a95d1949b6a52ada9dc2f	21008690	SINGLE
SRR10557316	SAMN13428372	SRX7239179	Microbe sample from Escherichia coli	NextSeq 500 sequencing: Barcode sequencing of E. coli evolving in antibiotics	953537	47676850	ftp.sra.ebi.ac.uk/vol1/fastq/SRR105/016/SRR10557316/SRR10557316.fastq.gz	d3d33505eac08d173f72210026c6ec3a	22297287	SINGLE
SRR10557321	SAMN13427810	SRX7239174	Microbe sample from Escherichia coli	NextSeq 500 sequencing: Barcode sequencing of E. coli evolving in antibiotics	795147	39757350	ftp.sra.ebi.ac.uk/vol1/fastq/SRR105/021/SRR10557321/SRR10557321.fastq.gz	8f2c4c78f0ae91d7e8c315fc77dcbf9c	20953915	SINGLE
SRR10557329	SAMN13428360	SRX7239166	Microbe sample from Escherichia coli	NextSeq 500 sequencing: Barcode sequencing of E. coli evolving in antibiotics	1372204	68610200	ftp.sra.ebi.ac.uk/vol1/fastq/SRR105/029/SRR10557329/SRR10557329.fastq.gz	19ebda81464a6fb0b1047d63a7b96535	36396426	SINGLE
SRR10557335	SAMN13428355	SRX7239160	Microbe sample from Escherichia coli	NextSeq 500 sequencing: Barcode sequencing of E. coli evolving in antibiotics	1201292	60064600	ftp.sra.ebi.ac.uk/vol1/fastq/SRR105/035/SRR10557335/SRR10557335.fastq.gz	82de119147933b6f1d560d02ac4a96d0	31522235	SINGLE
SRR10557343	SAMN13427808	SRX7239152	Microbe sample from Escherichia coli	NextSeq 500 sequencing: Barcode sequencing of E. coli evolving in antibiotics	898173	44908650	ftp.sra.ebi.ac.uk/vol1/fastq/SRR105/043/SRR10557343/SRR10557343.fastq.gz	e188f1f79de753226b580298318fb498	21967163	SINGLE
SRR10557344	SAMN13427754	SRX7239151	Microbe sample from Escherichia coli	NextSeq 500 sequencing: Barcode sequencing of E. coli evolving in antibiotics	959291	47964550	ftp.sra.ebi.ac.uk/vol1/fastq/SRR105/044/SRR10557344/SRR10557344.fastq.gz	a35a6fb305eb36c74ba9ed01feeca72e	24916742	SINGLE
SRR10557346	SAMN13428346	SRX7239149	Microbe sample from Escherichia coli	NextSeq 500 sequencing: Barcode sequencing of E. coli evolving in antibiotics	852109	42605450	ftp.sra.ebi.ac.uk/vol1/fastq/SRR105/046/SRR10557346/SRR10557346.fastq.gz	7007a297d45762993bcda396a85fc1c1	22468730	SINGLE
SRR10557348	SAMN13428344	SRX7239147	Microbe sample from Escherichia coli	NextSeq 500 sequencing: Barcode sequencing of E. coli evolving in antibiotics	955744	47787200	ftp.sra.ebi.ac.uk/vol1/fastq/SRR105/048/SRR10557348/SRR10557348.fastq.gz	01ee333d27f13d2c0c2c3e894117c4d2	23411108	SINGLE
SRR10557350	SAMN13428342	SRX7239145	Microbe sample from Escherichia coli	NextSeq 500 sequencing: Barcode sequencing of E. coli evolving in antibiotics	676448	33822400	ftp.sra.ebi.ac.uk/vol1/fastq/SRR105/050/SRR10557350/SRR10557350.fastq.gz	eae5264f74370ed803a90901503888a4	17960121	SINGLE
SRR10557359	SAMN13428276	SRX7239136	Microbe sample from Escherichia coli	NextSeq 500 sequencing: Barcode sequencing of E. coli evolving in antibiotics	1178404	58920200	ftp.sra.ebi.ac.uk/vol1/fastq/SRR105/059/SRR10557359/SRR10557359.fastq.gz	279d7de7ef566a431a4a4a97c39eb1fa	26491717	SINGLE
SRR10557369	SAMN13428267	SRX7239126	Microbe sample from Escherichia coli	NextSeq 500 sequencing: Barcode sequencing of E. coli evolving in antibiotics	1430980	71549000	ftp.sra.ebi.ac.uk/vol1/fastq/SRR105/069/SRR10557369/SRR10557369.fastq.gz	4400ec8f2bd1ad085ad31dccae84f598	35868585	SINGLE
SRR10557373	SAMN13428263	SRX7239122	Microbe sample from Escherichia coli	NextSeq 500 sequencing: Barcode sequencing of E. coli evolving in antibiotics	1302618	65130900	ftp.sra.ebi.ac.uk/vol1/fastq/SRR105/073/SRR10557373/SRR10557373.fastq.gz	d43dc580183a1f339d5ca6f0e53c4bbf	33711196	SINGLE
SRR10557381	SAMN13428256	SRX7239114	Microbe sample from Escherichia coli	NextSeq 500 sequencing: Barcode sequencing of E. coli evolving in antibiotics	1077532	53876600	ftp.sra.ebi.ac.uk/vol1/fastq/SRR105/081/SRR10557381/SRR10557381.fastq.gz	92c11571ac007b02e3717d1280ac024b	25432152	SINGLE
SRR10557387	SAMN13428164	SRX7239108	Microbe sample from Escherichia coli	NextSeq 500 sequencing: Barcode sequencing of E. coli evolving in antibiotics	1261965	63098250	ftp.sra.ebi.ac.uk/vol1/fastq/SRR105/087/SRR10557387/SRR10557387.fastq.gz	ad7158cd569406224fa1d253c453e13f	31049488	SINGLE
SRR10557392	SAMN13428159	SRX7239103	Microbe sample from Escherichia coli	NextSeq 500 sequencing: Barcode sequencing of E. coli evolving in antibiotics	1657013	82850650	ftp.sra.ebi.ac.uk/vol1/fastq/SRR105/092/SRR10557392/SRR10557392.fastq.gz	988f2ac498d9358aaeca25c9c1178905	42882754	SINGLE
SRR10557393	SAMN13428158	SRX7239102	Microbe sample from Escherichia coli	NextSeq 500 sequencing: Barcode sequencing of E. coli evolving in antibiotics	1604072	80203600	ftp.sra.ebi.ac.uk/vol1/fastq/SRR105/093/SRR10557393/SRR10557393.fastq.gz	fae2da5d0f1074c6420602463870a172	42076568	SINGLE
SRR10557395	SAMN13428157	SRX7239100	Microbe sample from Escherichia coli	NextSeq 500 sequencing: Barcode sequencing of E. coli evolving in antibiotics	1705210	85260500	ftp.sra.ebi.ac.uk/vol1/fastq/SRR105/095/SRR10557395/SRR10557395.fastq.gz	5f653b6a4f1bcc3a8d8afcd7125ba6f9	42008285	SINGLE
SRR10557396	SAMN13428156	SRX7239099	Microbe sample from Escherichia coli	NextSeq 500 sequencing: Barcode sequencing of E. coli evolving in antibiotics	1780134	89006700	ftp.sra.ebi.ac.uk/vol1/fastq/SRR105/096/SRR10557396/SRR10557396.fastq.gz	df0e8a9fbb46f1e8e62e5981144f3b39	43254372	SINGLE
SRR10557408	SAMN13428146	SRX7239087	Microbe sample from Escherichia coli	NextSeq 500 sequencing: Barcode sequencing of E. coli evolving in antibiotics	806979	40348950	ftp.sra.ebi.ac.uk/vol1/fastq/SRR105/008/SRR10557408/SRR10557408.fastq.gz	cf1d33847e0db0e28850baa8478c5457	21304125	SINGLE
SRR10557415	SAMN13428139	SRX7239080	Microbe sample from Escherichia coli	NextSeq 500 sequencing: Barcode sequencing of E. coli evolving in antibiotics	1069437	53471850	ftp.sra.ebi.ac.uk/vol1/fastq/SRR105/015/SRR10557415/SRR10557415.fastq.gz	963a2031d403dff874d5d6f013757450	27503543	SINGLE
SRR10557426	SAMN13428245	SRX7239069	Microbe sample from Escherichia coli	NextSeq 500 sequencing: Barcode sequencing of E. coli evolving in antibiotics	939349	46967450	ftp.sra.ebi.ac.uk/vol1/fastq/SRR105/026/SRR10557426/SRR10557426.fastq.gz	7dd056105772f0d042d3971305f79bf1	23114066	SINGLE
SRR10557428	SAMN13428243	SRX7239067	Microbe sample from Escherichia coli	NextSeq 500 sequencing: Barcode sequencing of E. coli evolving in antibiotics	920653	46032650	ftp.sra.ebi.ac.uk/vol1/fastq/SRR105/028/SRR10557428/SRR10557428.fastq.gz	fa848814a33885a9e6b6c94e57ce823b	23805024	SINGLE
SRR10557431	SAMN13428240	SRX7239064	Microbe sample from Escherichia coli	NextSeq 500 sequencing: Barcode sequencing of E. coli evolving in antibiotics	977979	48898950	ftp.sra.ebi.ac.uk/vol1/fastq/SRR105/031/SRR10557431/SRR10557431.fastq.gz	ccd0ad9f91ca8dceb1b02780234ad76a	23814363	SINGLE
SRR10557439	SAMN13428233	SRX7239056	Microbe sample from Escherichia coli	NextSeq 500 sequencing: Barcode sequencing of E. coli evolving in antibiotics	1234909	61745450	ftp.sra.ebi.ac.uk/vol1/fastq/SRR105/039/SRR10557439/SRR10557439.fastq.gz	6ca9a70b6f49388a978ece582f26c36f	26752699	SINGLE
SRR10557446	SAMN13428227	SRX7239049	Microbe sample from Escherichia coli	NextSeq 500 sequencing: Barcode sequencing of E. coli evolving in antibiotics	1369306	68465300	ftp.sra.ebi.ac.uk/vol1/fastq/SRR105/046/SRR10557446/SRR10557446.fastq.gz	51ef49763b5d4a7ef8ab00804cd4114b	34990680	SINGLE
SRR10557449	SAMN13428079	SRX7239046	Microbe sample from Escherichia coli	NextSeq 500 sequencing: Barcode sequencing of E. coli evolving in antibiotics	1303622	65181100	ftp.sra.ebi.ac.uk/vol1/fastq/SRR105/049/SRR10557449/SRR10557449.fastq.gz	198a78e9931160040ac264f0913e06ff	34041794	SINGLE
SRR10557451	SAMN13427781	SRX7239044	Microbe sample from Escherichia coli	NextSeq 500 sequencing: Barcode sequencing of E. coli evolving in antibiotics	1009182	50459100	ftp.sra.ebi.ac.uk/vol1/fastq/SRR105/051/SRR10557451/SRR10557451.fastq.gz	cfe9f0789161d8c38028c73ea35c6712	23508078	SINGLE
SRR10557453	SAMN13428076	SRX7239042	Microbe sample from Escherichia coli	NextSeq 500 sequencing: Barcode sequencing of E. coli evolving in antibiotics	1414372	70718600	ftp.sra.ebi.ac.uk/vol1/fastq/SRR105/053/SRR10557453/SRR10557453.fastq.gz	774180e864237fe6a1d7395c64ba980c	34183271	SINGLE
SRR10557456	SAMN13428073	SRX7239039	Microbe sample from Escherichia coli	NextSeq 500 sequencing: Barcode sequencing of E. coli evolving in antibiotics	1405587	70279350	ftp.sra.ebi.ac.uk/vol1/fastq/SRR105/056/SRR10557456/SRR10557456.fastq.gz	7b746e207ba910ba868d66244acc51a2	33063344	SINGLE
SRR10557457	SAMN13428072	SRX7239038	Microbe sample from Escherichia coli	NextSeq 500 sequencing: Barcode sequencing of E. coli evolving in antibiotics	1467645	73382250	ftp.sra.ebi.ac.uk/vol1/fastq/SRR105/057/SRR10557457/SRR10557457.fastq.gz	32f1b556a6d28c48e3345ce57e0df8a7	35018222	SINGLE
SRR10557459	SAMN13428070	SRX7239036	Microbe sample from Escherichia coli	NextSeq 500 sequencing: Barcode sequencing of E. coli evolving in antibiotics	806664	40333200	ftp.sra.ebi.ac.uk/vol1/fastq/SRR105/059/SRR10557459/SRR10557459.fastq.gz	897aeffd85ade3e7a0726f42d7320ea7	21479017	SINGLE
SRR10557462	SAMN13427780	SRX7239033	Microbe sample from Escherichia coli	NextSeq 500 sequencing: Barcode sequencing of E. coli evolving in antibiotics	1055485	52774250	ftp.sra.ebi.ac.uk/vol1/fastq/SRR105/062/SRR10557462/SRR10557462.fastq.gz	eece6f0fd96eaae56ae56bbbc6733821	24202475	SINGLE
SRR10557464	SAMN13428066	SRX7239031	Microbe sample from Escherichia coli	NextSeq 500 sequencing: Barcode sequencing of E. coli evolving in antibiotics	990867	49543350	ftp.sra.ebi.ac.uk/vol1/fastq/SRR105/064/SRR10557464/SRR10557464.fastq.gz	bae63c006327217c45565e387d84e9fd	25420019	SINGLE
SRR10557465	SAMN13428065	SRX7239030	Microbe sample from Escherichia coli	NextSeq 500 sequencing: Barcode sequencing of E. coli evolving in antibiotics	1067113	53355650	ftp.sra.ebi.ac.uk/vol1/fastq/SRR105/065/SRR10557465/SRR10557465.fastq.gz	6f2b7a6b7401e3d6a9c231ff9689595c	25787110	SINGLE
SRR10557467	SAMN13428063	SRX7239028	Microbe sample from Escherichia coli	NextSeq 500 sequencing: Barcode sequencing of E. coli evolving in antibiotics	861488	43074400	ftp.sra.ebi.ac.uk/vol1/fastq/SRR105/067/SRR10557467/SRR10557467.fastq.gz	88e9b6d430086a7c0f7817f679bcdf3b	22488524	SINGLE
SRR10557478	SAMN13428053	SRX7239017	Microbe sample from Escherichia coli	NextSeq 500 sequencing: Barcode sequencing of E. coli evolving in antibiotics	892599	44629950	ftp.sra.ebi.ac.uk/vol1/fastq/SRR105/078/SRR10557478/SRR10557478.fastq.gz	1b967eb36ae8b17fc96112b6582704f8	22086078	SINGLE
SRR10557480	SAMN13428051	SRX7239015	Microbe sample from Escherichia coli	NextSeq 500 sequencing: Barcode sequencing of E. coli evolving in antibiotics	924501	46225050	ftp.sra.ebi.ac.uk/vol1/fastq/SRR105/080/SRR10557480/SRR10557480.fastq.gz	7ed818e0b4dffde3148f268effa115ec	24097537	SINGLE
SRR10557482	SAMN13427877	SRX7239013	Microbe sample from Escherichia coli	NextSeq 500 sequencing: Barcode sequencing of E. coli evolving in antibiotics	1560479	78023950	ftp.sra.ebi.ac.uk/vol1/fastq/SRR105/082/SRR10557482/SRR10557482.fastq.gz	3dd65a53b4e3f51a83492cfab99457ed	36898066	SINGLE
SRR10557489	SAMN13427870	SRX7239006	Microbe sample from Escherichia coli	NextSeq 500 sequencing: Barcode sequencing of E. coli evolving in antibiotics	1007598	50379900	ftp.sra.ebi.ac.uk/vol1/fastq/SRR105/089/SRR10557489/SRR10557489.fastq.gz	402446dc38cac89586acab87f2e95d09	26703766	SINGLE
SRR10557492	SAMN13427760	SRX7239003	Microbe sample from Escherichia coli	NextSeq 500 sequencing: Barcode sequencing of E. coli evolving in antibiotics	886977	44348850	ftp.sra.ebi.ac.uk/vol1/fastq/SRR105/092/SRR10557492/SRR10557492.fastq.gz	f776a10b9e11b836c1b18aaaa9b9d0c3	21936879	SINGLE
SRR10557499	SAMN13427861	SRX7238996	Microbe sample from Escherichia coli	NextSeq 500 sequencing: Barcode sequencing of E. coli evolving in antibiotics	1377082	68854100	ftp.sra.ebi.ac.uk/vol1/fastq/SRR105/099/SRR10557499/SRR10557499.fastq.gz	519742e711163f0974402c196dd8c488	33942138	SINGLE
SRR10557501	SAMN13427859	SRX7238994	Microbe sample from Escherichia coli	NextSeq 500 sequencing: Barcode sequencing of E. coli evolving in antibiotics	750296	37514800	ftp.sra.ebi.ac.uk/vol1/fastq/SRR105/001/SRR10557501/SRR10557501.fastq.gz	04be81cc15e868f3226796b8576de1a3	19638503	SINGLE
SRR10557514	SAMN13428309	SRX7238981	Microbe sample from Escherichia coli	NextSeq 500 sequencing: Barcode sequencing of E. coli evolving in antibiotics	1409156	70457800	ftp.sra.ebi.ac.uk/vol1/fastq/SRR105/014/SRR10557514/SRR10557514.fastq.gz	814ea456a2d260f978b34c9628a31e51	35376831	SINGLE
SRR10557524	SAMN13428300	SRX7238971	Microbe sample from Escherichia coli	NextSeq 500 sequencing: Barcode sequencing of E. coli evolving in antibiotics	1048885	52444250	ftp.sra.ebi.ac.uk/vol1/fastq/SRR105/024/SRR10557524/SRR10557524.fastq.gz	2e8cfd3ae752a97a3a7cd5303ba60111	25468597	SINGLE
SRR10557530	SAMN13428295	SRX7238965	Microbe sample from Escherichia coli	NextSeq 500 sequencing: Barcode sequencing of E. coli evolving in antibiotics	791798	39589900	ftp.sra.ebi.ac.uk/vol1/fastq/SRR105/030/SRR10557530/SRR10557530.fastq.gz	77dcf19250a58bd6d61d5f7790fed66f	20618666	SINGLE
SRR10557534	SAMN13428291	SRX7238961	Microbe sample from Escherichia coli	NextSeq 500 sequencing: Barcode sequencing of E. coli evolving in antibiotics	965405	48270250	ftp.sra.ebi.ac.uk/vol1/fastq/SRR105/034/SRR10557534/SRR10557534.fastq.gz	26ed9d3365100c949692a81640b5f3e9	25110592	SINGLE
SRR10557535	SAMN13428290	SRX7238960	Microbe sample from Escherichia coli	NextSeq 500 sequencing: Barcode sequencing of E. coli evolving in antibiotics	920684	46034200	ftp.sra.ebi.ac.uk/vol1/fastq/SRR105/035/SRR10557535/SRR10557535.fastq.gz	6b873e6e5c59e1d9a9c4416a292b930d	24320512	SINGLE
SRR10557542	SAMN13428284	SRX7238953	Microbe sample from Escherichia coli	NextSeq 500 sequencing: Barcode sequencing of E. coli evolving in antibiotics	1453200	72660000	ftp.sra.ebi.ac.uk/vol1/fastq/SRR105/042/SRR10557542/SRR10557542.fastq.gz	e81c0cc52394d074b312b2601fa45115	29847136	SINGLE
SRR10557543	SAMN13428283	SRX7238952	Microbe sample from Escherichia coli	NextSeq 500 sequencing: Barcode sequencing of E. coli evolving in antibiotics	1469390	73469500	ftp.sra.ebi.ac.uk/vol1/fastq/SRR105/043/SRR10557543/SRR10557543.fastq.gz	76dd03f22e91046ec8bc9e5d67134104	35546980	SINGLE
SRR10557546	SAMN13427758	SRX7238949	Microbe sample from Escherichia coli	NextSeq 500 sequencing: Barcode sequencing of E. coli evolving in antibiotics	1111977	55598850	ftp.sra.ebi.ac.uk/vol1/fastq/SRR105/046/SRR10557546/SRR10557546.fastq.gz	d943342fd2652d6633c703ed54f656a2	27847678	SINGLE
SRR10557552	SAMN13427990	SRX7239351	Microbe sample from Escherichia coli	NextSeq 500 sequencing: Barcode sequencing of E. coli evolving in antibiotics	1526004	76300200	ftp.sra.ebi.ac.uk/vol1/fastq/SRR105/052/SRR10557552/SRR10557552.fastq.gz	3e204da4c984a40d8c2ba4c3a5a70a87	36286050	SINGLE
SRR10557554	SAMN13427988	SRX7239349	Microbe sample from Escherichia coli	NextSeq 500 sequencing: Barcode sequencing of E. coli evolving in antibiotics	1571235	78561750	ftp.sra.ebi.ac.uk/vol1/fastq/SRR105/054/SRR10557554/SRR10557554.fastq.gz	2728ed2731734ec65c31897a354db8cc	35782367	SINGLE
SRR10557556	SAMN13427987	SRX7239347	Microbe sample from Escherichia coli	NextSeq 500 sequencing: Barcode sequencing of E. coli evolving in antibiotics	1151454	57572700	ftp.sra.ebi.ac.uk/vol1/fastq/SRR105/056/SRR10557556/SRR10557556.fastq.gz	ea5a4cde249140fd1bb9cc886d9ee4c4	29924231	SINGLE
SRR10557573	SAMN13427971	SRX7239330	Microbe sample from Escherichia coli	NextSeq 500 sequencing: Barcode sequencing of E. coli evolving in antibiotics	986642	49332100	ftp.sra.ebi.ac.uk/vol1/fastq/SRR105/073/SRR10557573/SRR10557573.fastq.gz	372c128123d70d2e788f6fb177afb0f0	25131449	SINGLE
SRR10557574	SAMN13427970	SRX7239329	Microbe sample from Escherichia coli	NextSeq 500 sequencing: Barcode sequencing of E. coli evolving in antibiotics	942392	47119600	ftp.sra.ebi.ac.uk/vol1/fastq/SRR105/074/SRR10557574/SRR10557574.fastq.gz	a2a016a6f2781f8745a5de44ff952baa	24347879	SINGLE
SRR10557583	SAMN13428481	SRX7239320	Microbe sample from Escherichia coli	NextSeq 500 sequencing: Barcode sequencing of E. coli evolving in antibiotics	1107477	55373850	ftp.sra.ebi.ac.uk/vol1/fastq/SRR105/083/SRR10557583/SRR10557583.fastq.gz	88211ca3fd5556e97711c3ba99988571	25461958	SINGLE
SRR10557586	SAMN13428478	SRX7239317	Microbe sample from Escherichia coli	NextSeq 500 sequencing: Barcode sequencing of E. coli evolving in antibiotics	1808816	90440800	ftp.sra.ebi.ac.uk/vol1/fastq/SRR105/086/SRR10557586/SRR10557586.fastq.gz	591735b41b7f6590a16f0253991efc25	43834937	SINGLE
SRR10557587	SAMN13427821	SRX7239316	Microbe sample from Escherichia coli	NextSeq 500 sequencing: Barcode sequencing of E. coli evolving in antibiotics	1578742	78937100	ftp.sra.ebi.ac.uk/vol1/fastq/SRR105/087/SRR10557587/SRR10557587.fastq.gz	78c02045eaeed1ddc6d78bc62226d0a5	38873901	SINGLE
SRR10557590	SAMN13428475	SRX7239313	Microbe sample from Escherichia coli	NextSeq 500 sequencing: Barcode sequencing of E. coli evolving in antibiotics	1249654	62482700	ftp.sra.ebi.ac.uk/vol1/fastq/SRR105/090/SRR10557590/SRR10557590.fastq.gz	04de94cb3d94b55fe3b82802006ff369	32860208	SINGLE
SRR10557591	SAMN13428474	SRX7239312	Microbe sample from Escherichia coli	NextSeq 500 sequencing: Barcode sequencing of E. coli evolving in antibiotics	1353265	67663250	ftp.sra.ebi.ac.uk/vol1/fastq/SRR105/091/SRR10557591/SRR10557591.fastq.gz	d32a94fd5205b800df7521a6a2fbcd19	34055534	SINGLE
SRR10557592	SAMN13428473	SRX7239311	Microbe sample from Escherichia coli	NextSeq 500 sequencing: Barcode sequencing of E. coli evolving in antibiotics	1302334	65116700	ftp.sra.ebi.ac.uk/vol1/fastq/SRR105/092/SRR10557592/SRR10557592.fastq.gz	a549c8b01505c06d4994ab205590f10c	31134656	SINGLE
SRR10557594	SAMN13428471	SRX7239309	Microbe sample from Escherichia coli	NextSeq 500 sequencing: Barcode sequencing of E. coli evolving in antibiotics	1204673	60233650	ftp.sra.ebi.ac.uk/vol1/fastq/SRR105/094/SRR10557594/SRR10557594.fastq.gz	a02f239b52b29cb22aee37bbff9ef46f	31965197	SINGLE
SRR10557605	SAMN13428461	SRX7239298	Microbe sample from Escherichia coli	NextSeq 500 sequencing: Barcode sequencing of E. coli evolving in antibiotics	1259997	62999850	ftp.sra.ebi.ac.uk/vol1/fastq/SRR105/005/SRR10557605/SRR10557605.fastq.gz	54d68128f83de7bd52ade7359e347782	30704986	SINGLE
SRR10557608	SAMN13428458	SRX7239295	Microbe sample from Escherichia coli	NextSeq 500 sequencing: Barcode sequencing of E. coli evolving in antibiotics	847112	42355600	ftp.sra.ebi.ac.uk/vol1/fastq/SRR105/008/SRR10557608/SRR10557608.fastq.gz	073098965d68017ab937a5a3287f3a80	22845913	SINGLE
SRR10557614	SAMN13428338	SRX7239289	Microbe sample from Escherichia coli	NextSeq 500 sequencing: Barcode sequencing of E. coli evolving in antibiotics	1094792	54739600	ftp.sra.ebi.ac.uk/vol1/fastq/SRR105/014/SRR10557614/SRR10557614.fastq.gz	ad5a0c6a079a4fd154b8d8d28b8e42fe	28154348	SINGLE
SRR10556883	SAMN13428327	SRX7238940	Microbe sample from Escherichia coli	NextSeq 500 sequencing: Barcode sequencing of E. coli evolving in antibiotics	1031033	51551650	ftp.sra.ebi.ac.uk/vol1/fastq/SRR105/083/SRR10556883/SRR10556883.fastq.gz	9b5eeb8561b7b0e3258ac45ae8ca51d8	25452587	SINGLE
SRR10556885	SAMN13428325	SRX7238938	Microbe sample from Escherichia coli	NextSeq 500 sequencing: Barcode sequencing of E. coli evolving in antibiotics	1073531	53676550	ftp.sra.ebi.ac.uk/vol1/fastq/SRR105/085/SRR10556885/SRR10556885.fastq.gz	7ee9bf4abac433dcd76a0ed85fc42530	23861830	SINGLE
SRR10556889	SAMN13428321	SRX7238934	Microbe sample from Escherichia coli	NextSeq 500 sequencing: Barcode sequencing of E. coli evolving in antibiotics	1404576	70228800	ftp.sra.ebi.ac.uk/vol1/fastq/SRR105/089/SRR10556889/SRR10556889.fastq.gz	cc3180e37e53cdaaa0e2972e1122f4a5	33749390	SINGLE
SRR10556890	SAMN13428320	SRX7238933	Microbe sample from Escherichia coli	NextSeq 500 sequencing: Barcode sequencing of E. coli evolving in antibiotics	1472675	73633750	ftp.sra.ebi.ac.uk/vol1/fastq/SRR105/090/SRR10556890/SRR10556890.fastq.gz	2696b1a9f2ccc3e64526355897190222	35894747	SINGLE
SRR10556892	SAMN13428318	SRX7238931	Microbe sample from Escherichia coli	NextSeq 500 sequencing: Barcode sequencing of E. coli evolving in antibiotics	1171824	58591200	ftp.sra.ebi.ac.uk/vol1/fastq/SRR105/092/SRR10556892/SRR10556892.fastq.gz	94a6bb6a0f818566024f507d46510780	29553457	SINGLE
SRR10556896	SAMN13428315	SRX7238927	Microbe sample from Escherichia coli	NextSeq 500 sequencing: Barcode sequencing of E. coli evolving in antibiotics	1342984	67149200	ftp.sra.ebi.ac.uk/vol1/fastq/SRR105/096/SRR10556896/SRR10556896.fastq.gz	80fdc440ef5a23c29ff1f1c9d41f1682	34582628	SINGLE
SRR10556898	SAMN13428313	SRX7238925	Microbe sample from Escherichia coli	NextSeq 500 sequencing: Barcode sequencing of E. coli evolving in antibiotics	1397506	69875300	ftp.sra.ebi.ac.uk/vol1/fastq/SRR105/098/SRR10556898/SRR10556898.fastq.gz	a8c434df4d1b90aac0b70a8c61b3e3dd	32908799	SINGLE
SRR10556910	SAMN13428216	SRX7238913	Microbe sample from Escherichia coli	NextSeq 500 sequencing: Barcode sequencing of E. coli evolving in antibiotics	2250037	112501850	ftp.sra.ebi.ac.uk/vol1/fastq/SRR105/010/SRR10556910/SRR10556910.fastq.gz	0089c0718766f8ff4955023af638265d	53185706	SINGLE
SRR10556916	SAMN13428210	SRX7238907	Microbe sample from Escherichia coli	NextSeq 500 sequencing: Barcode sequencing of E. coli evolving in antibiotics	1256470	62823500	ftp.sra.ebi.ac.uk/vol1/fastq/SRR105/016/SRR10556916/SRR10556916.fastq.gz	5b458bc9ba79dfef5b065fb732e27965	32972448	SINGLE
SRR10556921	SAMN13428206	SRX7238902	Microbe sample from Escherichia coli	NextSeq 500 sequencing: Barcode sequencing of E. coli evolving in antibiotics	916701	45835050	ftp.sra.ebi.ac.uk/vol1/fastq/SRR105/021/SRR10556921/SRR10556921.fastq.gz	44d22eb718f5feb73c801d533892c24d	24036648	SINGLE
SRR10556927	SAMN13428200	SRX7238896	Microbe sample from Escherichia coli	NextSeq 500 sequencing: Barcode sequencing of E. coli evolving in antibiotics	934522	46726100	ftp.sra.ebi.ac.uk/vol1/fastq/SRR105/027/SRR10556927/SRR10556927.fastq.gz	e564fd96991fecb49152e55523babea0	23440558	SINGLE
SRR10556928	SAMN13428199	SRX7238895	Microbe sample from Escherichia coli	NextSeq 500 sequencing: Barcode sequencing of E. coli evolving in antibiotics	857402	42870100	ftp.sra.ebi.ac.uk/vol1/fastq/SRR105/028/SRR10556928/SRR10556928.fastq.gz	8650c17fbc7c68754fe55fb8e4497982	22095051	SINGLE
SRR10556939	SAMN13427958	SRX7238884	Microbe sample from Escherichia coli	NextSeq 500 sequencing: Barcode sequencing of E. coli evolving in antibiotics	825984	41299200	ftp.sra.ebi.ac.uk/vol1/fastq/SRR105/039/SRR10556939/SRR10556939.fastq.gz	4fb4636ad528943f1f500b877e6465d0	21525332	SINGLE
SRR10556947	SAMN13427951	SRX7238876	Microbe sample from Escherichia coli	NextSeq 500 sequencing: Barcode sequencing of E. coli evolving in antibiotics	1240149	62007450	ftp.sra.ebi.ac.uk/vol1/fastq/SRR105/047/SRR10556947/SRR10556947.fastq.gz	713f58eb5f296f3946bf362e47a8e36e	28307930	SINGLE
SRR10556949	SAMN13427949	SRX7238874	Microbe sample from Escherichia coli	NextSeq 500 sequencing: Barcode sequencing of E. coli evolving in antibiotics	1290342	64517100	ftp.sra.ebi.ac.uk/vol1/fastq/SRR105/049/SRR10556949/SRR10556949.fastq.gz	fb9ccf9a279c47126e2059ac95bbccc8	26298680	SINGLE
SRR10556952	SAMN13427750	SRX7238871	Microbe sample from Escherichia coli	NextSeq 500 sequencing: Barcode sequencing of E. coli evolving in antibiotics	1068613	53430650	ftp.sra.ebi.ac.uk/vol1/fastq/SRR105/052/SRR10556952/SRR10556952.fastq.gz	dbab46354175bade88f478b9d1e246e2	28101870	SINGLE
SRR10556959	SAMN13427941	SRX7238864	Microbe sample from Escherichia coli	NextSeq 500 sequencing: Barcode sequencing of E. coli evolving in antibiotics	1661489	83074450	ftp.sra.ebi.ac.uk/vol1/fastq/SRR105/059/SRR10556959/SRR10556959.fastq.gz	d37ca165380fcb86d10e84fc28cdffef	37018194	SINGLE
SRR10556960	SAMN13427940	SRX7238863	Microbe sample from Escherichia coli	NextSeq 500 sequencing: Barcode sequencing of E. coli evolving in antibiotics	1748960	87448000	ftp.sra.ebi.ac.uk/vol1/fastq/SRR105/060/SRR10556960/SRR10556960.fastq.gz	0622a88e1a9e895397eb6aed2a7eeead	39466236	SINGLE
SRR10556966	SAMN13428194	SRX7238857	Microbe sample from Escherichia coli	NextSeq 500 sequencing: Barcode sequencing of E. coli evolving in antibiotics	724970	36248500	ftp.sra.ebi.ac.uk/vol1/fastq/SRR105/066/SRR10556966/SRR10556966.fastq.gz	238969698f6c8a45f158f9eed1fc99d8	19124693	SINGLE
SRR10556970	SAMN13428190	SRX7238853	Microbe sample from Escherichia coli	NextSeq 500 sequencing: Barcode sequencing of E. coli evolving in antibiotics	1297031	64851550	ftp.sra.ebi.ac.uk/vol1/fastq/SRR105/070/SRR10556970/SRR10556970.fastq.gz	752e7af32b2ecbbc8e49b3cc368260cd	27706681	SINGLE
SRR10556973	SAMN13427792	SRX7238850	Microbe sample from Escherichia coli	NextSeq 500 sequencing: Barcode sequencing of E. coli evolving in antibiotics	1279687	63984350	ftp.sra.ebi.ac.uk/vol1/fastq/SRR105/073/SRR10556973/SRR10556973.fastq.gz	f585c5fea8fc402cc628663581d7fdaa	27645917	SINGLE
SRR10556979	SAMN13428182	SRX7238844	Microbe sample from Escherichia coli	NextSeq 500 sequencing: Barcode sequencing of E. coli evolving in antibiotics	1718254	85912700	ftp.sra.ebi.ac.uk/vol1/fastq/SRR105/079/SRR10556979/SRR10556979.fastq.gz	54d59418b62a3a878489e99771a4b803	42910987	SINGLE
SRR10556995	SAMN13427790	SRX7238828	Microbe sample from Escherichia coli	NextSeq 500 sequencing: Barcode sequencing of E. coli evolving in antibiotics	1036322	51816100	ftp.sra.ebi.ac.uk/vol1/fastq/SRR105/095/SRR10556995/SRR10556995.fastq.gz	b93dad524c50dfcd1188725899c14a55	23892410	SINGLE
SRR10557001	SAMN13428018	SRX7238822	Microbe sample from Escherichia coli	NextSeq 500 sequencing: Barcode sequencing of E. coli evolving in antibiotics	1245280	62264000	ftp.sra.ebi.ac.uk/vol1/fastq/SRR105/001/SRR10557001/SRR10557001.fastq.gz	c92af5c56b6c847d8f797f46dfa67ee5	32313505	SINGLE
SRR10557006	SAMN13428014	SRX7238817	Microbe sample from Escherichia coli	NextSeq 500 sequencing: Barcode sequencing of E. coli evolving in antibiotics	984632	49231600	ftp.sra.ebi.ac.uk/vol1/fastq/SRR105/006/SRR10557006/SRR10557006.fastq.gz	919fc9cb4113cab3bff1c50a51482455	26167721	SINGLE
SRR10557029	SAMN13427936	SRX7238794	Microbe sample from Escherichia coli	NextSeq 500 sequencing: Barcode sequencing of E. coli evolving in antibiotics	1371630	68581500	ftp.sra.ebi.ac.uk/vol1/fastq/SRR105/029/SRR10557029/SRR10557029.fastq.gz	35f693931aea06d8c98c12e4c4fa3ac9	33275029	SINGLE
SRR10557030	SAMN13427935	SRX7238793	Microbe sample from Escherichia coli	NextSeq 500 sequencing: Barcode sequencing of E. coli evolving in antibiotics	1141300	57065000	ftp.sra.ebi.ac.uk/vol1/fastq/SRR105/030/SRR10557030/SRR10557030.fastq.gz	456da1ecdb91b2de797aef9821313829	29630700	SINGLE
SRR10557046	SAMN13427920	SRX7238777	Microbe sample from Escherichia coli	NextSeq 500 sequencing: Barcode sequencing of E. coli evolving in antibiotics	976278	48813900	ftp.sra.ebi.ac.uk/vol1/fastq/SRR105/046/SRR10557046/SRR10557046.fastq.gz	8e274ab5026813f9ff9dde85869d9d0f	23465895	SINGLE
SRR10557055	SAMN13427912	SRX7238768	Microbe sample from Escherichia coli	NextSeq 500 sequencing: Barcode sequencing of E. coli evolving in antibiotics	1195327	59766350	ftp.sra.ebi.ac.uk/vol1/fastq/SRR105/055/SRR10557055/SRR10557055.fastq.gz	7aa53fa6ce09bd08a013a9563c619554	29546932	SINGLE
SRR10557062	SAMN13428137	SRX7238761	Microbe sample from Escherichia coli	NextSeq 500 sequencing: Barcode sequencing of E. coli evolving in antibiotics	1109395	55469750	ftp.sra.ebi.ac.uk/vol1/fastq/SRR105/062/SRR10557062/SRR10557062.fastq.gz	28e8d072a522aa75df23235f6878562a	25958887	SINGLE
SRR10557071	SAMN13428128	SRX7238752	Microbe sample from Escherichia coli	NextSeq 500 sequencing: Barcode sequencing of E. coli evolving in antibiotics	1866138	93306900	ftp.sra.ebi.ac.uk/vol1/fastq/SRR105/071/SRR10557071/SRR10557071.fastq.gz	8b58f73ff6d7152e223875e57a1fd683	43361983	SINGLE
SRR10557077	SAMN13428123	SRX7238746	Microbe sample from Escherichia coli	NextSeq 500 sequencing: Barcode sequencing of E. coli evolving in antibiotics	1044133	52206650	ftp.sra.ebi.ac.uk/vol1/fastq/SRR105/077/SRR10557077/SRR10557077.fastq.gz	20af3cfabf367277eb82b9343ec1a310	27378294	SINGLE
SRR10557083	SAMN13427785	SRX7238740	Microbe sample from Escherichia coli	NextSeq 500 sequencing: Barcode sequencing of E. coli evolving in antibiotics	1110882	55544100	ftp.sra.ebi.ac.uk/vol1/fastq/SRR105/083/SRR10557083/SRR10557083.fastq.gz	1a2e4482f34b36e48896706b56243197	25213841	SINGLE
SRR10557089	SAMN13428112	SRX7238734	Microbe sample from Escherichia coli	NextSeq 500 sequencing: Barcode sequencing of E. coli evolving in antibiotics	1071172	53558600	ftp.sra.ebi.ac.uk/vol1/fastq/SRR105/089/SRR10557089/SRR10557089.fastq.gz	ed3ff1a9cce1c568c334b27359124ba7	25639910	SINGLE
SRR10557107	SAMN13428038	SRX7238716	Microbe sample from Escherichia coli	NextSeq 500 sequencing: Barcode sequencing of E. coli evolving in antibiotics	1219287	60964350	ftp.sra.ebi.ac.uk/vol1/fastq/SRR105/007/SRR10557107/SRR10557107.fastq.gz	e8e0aeab44ca86183df10bbf05ff2531	28666479	SINGLE
SRR10557121	SAMN13428026	SRX7238702	Microbe sample from Escherichia coli	NextSeq 500 sequencing: Barcode sequencing of E. coli evolving in antibiotics	2139715	106985750	ftp.sra.ebi.ac.uk/vol1/fastq/SRR105/021/SRR10557121/SRR10557121.fastq.gz	0338d827d758b76d3be2212ebb514707	51610544	SINGLE
SRR10557129	SAMN13428105	SRX7238694	Microbe sample from Escherichia coli	NextSeq 500 sequencing: Barcode sequencing of E. coli evolving in antibiotics	707234	35361700	ftp.sra.ebi.ac.uk/vol1/fastq/SRR105/029/SRR10557129/SRR10557129.fastq.gz	37545fc9eb4aa0861dbb407c28162384	17896644	SINGLE
SRR10557131	SAMN13428103	SRX7238692	Microbe sample from Escherichia coli	NextSeq 500 sequencing: Barcode sequencing of E. coli evolving in antibiotics	1087036	54351800	ftp.sra.ebi.ac.uk/vol1/fastq/SRR105/031/SRR10557131/SRR10557131.fastq.gz	306d92db5b13e6cda3fd399ef6877f1c	28071431	SINGLE
SRR10557135	SAMN13428099	SRX7238688	Microbe sample from Escherichia coli	NextSeq 500 sequencing: Barcode sequencing of E. coli evolving in antibiotics	865644	43282200	ftp.sra.ebi.ac.uk/vol1/fastq/SRR105/035/SRR10557135/SRR10557135.fastq.gz	4b8978953d750ca8a65a378f25a7170d	21984888	SINGLE
SRR10557138	SAMN13428097	SRX7238685	Microbe sample from Escherichia coli	NextSeq 500 sequencing: Barcode sequencing of E. coli evolving in antibiotics	891520	44576000	ftp.sra.ebi.ac.uk/vol1/fastq/SRR105/038/SRR10557138/SRR10557138.fastq.gz	fc06f9bd90146e7f9c72200057544311	21766195	SINGLE
SRR10557142	SAMN13428093	SRX7238681	Microbe sample from Escherichia coli	NextSeq 500 sequencing: Barcode sequencing of E. coli evolving in antibiotics	1206165	60308250	ftp.sra.ebi.ac.uk/vol1/fastq/SRR105/042/SRR10557142/SRR10557142.fastq.gz	e2c27e2fe12bf85cb7e1eff423d37f47	26525379	SINGLE
SRR10557146	SAMN13428089	SRX7238677	Microbe sample from Escherichia coli	NextSeq 500 sequencing: Barcode sequencing of E. coli evolving in antibiotics	1200377	60018850	ftp.sra.ebi.ac.uk/vol1/fastq/SRR105/046/SRR10557146/SRR10557146.fastq.gz	403e4726d8c7b40cc652790afb8acfe9	28073284	SINGLE
SRR10557152	SAMN13428084	SRX7238671	Microbe sample from Escherichia coli	NextSeq 500 sequencing: Barcode sequencing of E. coli evolving in antibiotics	1041843	52092150	ftp.sra.ebi.ac.uk/vol1/fastq/SRR105/052/SRR10557152/SRR10557152.fastq.gz	9365ffa4968321018a5adc865c85c625	25316176	SINGLE
SRR10557158	SAMN13427906	SRX7238665	Microbe sample from Escherichia coli	NextSeq 500 sequencing: Barcode sequencing of E. coli evolving in antibiotics	759387	37969350	ftp.sra.ebi.ac.uk/vol1/fastq/SRR105/058/SRR10557158/SRR10557158.fastq.gz	f842898a027470fc4e69a4c442bd8226	20033078	SINGLE
SRR10557161	SAMN13427903	SRX7238662	Microbe sample from Escherichia coli	NextSeq 500 sequencing: Barcode sequencing of E. coli evolving in antibiotics	1469864	73493200	ftp.sra.ebi.ac.uk/vol1/fastq/SRR105/061/SRR10557161/SRR10557161.fastq.gz	9dea61ec483ee60a1a0e38fd64f95e68	31860158	SINGLE
SRR10557166	SAMN13427898	SRX7238657	Microbe sample from Escherichia coli	NextSeq 500 sequencing: Barcode sequencing of E. coli evolving in antibiotics	1091966	54598300	ftp.sra.ebi.ac.uk/vol1/fastq/SRR105/066/SRR10557166/SRR10557166.fastq.gz	9a4e7aa0490552552f0fddd83b2baacd	23701599	SINGLE
SRR10557172	SAMN13427893	SRX7238651	Microbe sample from Escherichia coli	NextSeq 500 sequencing: Barcode sequencing of E. coli evolving in antibiotics	1173477	58673850	ftp.sra.ebi.ac.uk/vol1/fastq/SRR105/072/SRR10557172/SRR10557172.fastq.gz	e1c280b4d0c32e3d1e9fca3069cdf3c9	24716477	SINGLE
SRR10557177	SAMN13427888	SRX7238646	Microbe sample from Escherichia coli	NextSeq 500 sequencing: Barcode sequencing of E. coli evolving in antibiotics	1549112	77455600	ftp.sra.ebi.ac.uk/vol1/fastq/SRR105/077/SRR10557177/SRR10557177.fastq.gz	bae82d2892af582970eed9f3ea348bbe	32992172	SINGLE
SRR10557179	SAMN13427887	SRX7238644	Microbe sample from Escherichia coli	NextSeq 500 sequencing: Barcode sequencing of E. coli evolving in antibiotics	1336268	66813400	ftp.sra.ebi.ac.uk/vol1/fastq/SRR105/079/SRR10557179/SRR10557179.fastq.gz	1a77397b12a98737ac7d9482c03f9396	32003510	SINGLE
SRR10557181	SAMN13427885	SRX7238642	Microbe sample from Escherichia coli	NextSeq 500 sequencing: Barcode sequencing of E. coli evolving in antibiotics	1388754	69437700	ftp.sra.ebi.ac.uk/vol1/fastq/SRR105/081/SRR10557181/SRR10557181.fastq.gz	ffdb2bf55c3d3c042539dfa9bd3f7b0a	29863807	SINGLE
SRR10557188	SAMN13427878	SRX7238635	Microbe sample from Escherichia coli	NextSeq 500 sequencing: Barcode sequencing of E. coli evolving in antibiotics	1478728	73936400	ftp.sra.ebi.ac.uk/vol1/fastq/SRR105/088/SRR10557188/SRR10557188.fastq.gz	294ff362e1af6f67f68f5ddeb7d8320e	37298832	SINGLE
SRR10557189	SAMN13427847	SRX7238634	Microbe sample from Escherichia coli	NextSeq 500 sequencing: Barcode sequencing of E. coli evolving in antibiotics	1251507	62575350	ftp.sra.ebi.ac.uk/vol1/fastq/SRR105/089/SRR10557189/SRR10557189.fastq.gz	e57282c12521e0789c325ea87125011f	29083045	SINGLE
SRR10557191	SAMN13427845	SRX7238632	Microbe sample from Escherichia coli	NextSeq 500 sequencing: Barcode sequencing of E. coli evolving in antibiotics	1302176	65108800	ftp.sra.ebi.ac.uk/vol1/fastq/SRR105/091/SRR10557191/SRR10557191.fastq.gz	471758041adc1703d96048b5baadd18a	27027884	SINGLE
SRR10557198	SAMN13428449	SRX7238625	Microbe sample from Escherichia coli	NextSeq 500 sequencing: Barcode sequencing of E. coli evolving in antibiotics	959133	47956650	ftp.sra.ebi.ac.uk/vol1/fastq/SRR105/098/SRR10557198/SRR10557198.fastq.gz	62dd339198a75ad53b915d5b2bfc8d7e	23056470	SINGLE
SRR10557199	SAMN13428448	SRX7238624	Microbe sample from Escherichia coli	NextSeq 500 sequencing: Barcode sequencing of E. coli evolving in antibiotics	1005140	50257000	ftp.sra.ebi.ac.uk/vol1/fastq/SRR105/099/SRR10557199/SRR10557199.fastq.gz	987eb97e742964ccc6334c27e32f8441	23795916	SINGLE
SRR10557200	SAMN13427818	SRX7238623	Microbe sample from Escherichia coli	NextSeq 500 sequencing: Barcode sequencing of E. coli evolving in antibiotics	789505	39475250	ftp.sra.ebi.ac.uk/vol1/fastq/SRR105/000/SRR10557200/SRR10557200.fastq.gz	628c80d6c3034f65544203f4fe51142a	20686192	SINGLE
SRR10557205	SAMN13428444	SRX7238618	Microbe sample from Escherichia coli	NextSeq 500 sequencing: Barcode sequencing of E. coli evolving in antibiotics	983559	49177950	ftp.sra.ebi.ac.uk/vol1/fastq/SRR105/005/SRR10557205/SRR10557205.fastq.gz	67106e29ac6bc82fc436e4e8c0787e2c	23982515	SINGLE
SRR10557207	SAMN13428442	SRX7238616	Microbe sample from Escherichia coli	NextSeq 500 sequencing: Barcode sequencing of E. coli evolving in antibiotics	1450059	72502950	ftp.sra.ebi.ac.uk/vol1/fastq/SRR105/007/SRR10557207/SRR10557207.fastq.gz	85f061d5efe106ad6b6d6149cf5522be	37399074	SINGLE
SRR10557216	SAMN13428434	SRX7239279	Microbe sample from Escherichia coli	NextSeq 500 sequencing: Barcode sequencing of E. coli evolving in antibiotics	1204796	60239800	ftp.sra.ebi.ac.uk/vol1/fastq/SRR105/016/SRR10557216/SRR10557216.fastq.gz	7ce84e4b030815f1322f898d6d192bcb	26983447	SINGLE
SRR10557217	SAMN13428433	SRX7239278	Microbe sample from Escherichia coli	NextSeq 500 sequencing: Barcode sequencing of E. coli evolving in antibiotics	1157499	57874950	ftp.sra.ebi.ac.uk/vol1/fastq/SRR105/017/SRR10557217/SRR10557217.fastq.gz	edaa5dc0a5eb68dc9e770dee0cf95f76	24409546	SINGLE
SRR10557226	SAMN13428425	SRX7239269	Microbe sample from Escherichia coli	NextSeq 500 sequencing: Barcode sequencing of E. coli evolving in antibiotics	1308203	65410150	ftp.sra.ebi.ac.uk/vol1/fastq/SRR105/026/SRR10557226/SRR10557226.fastq.gz	e089781682664f272973b2f984fd9e4b	29929421	SINGLE
SRR10557230	SAMN13428421	SRX7239265	Microbe sample from Escherichia coli	NextSeq 500 sequencing: Barcode sequencing of E. coli evolving in antibiotics	1218814	60940700	ftp.sra.ebi.ac.uk/vol1/fastq/SRR105/030/SRR10557230/SRR10557230.fastq.gz	f784d332d17971f1a8733e1423a6f372	28499141	SINGLE
SRR10557244	SAMN13428408	SRX7239251	Microbe sample from Escherichia coli	NextSeq 500 sequencing: Barcode sequencing of E. coli evolving in antibiotics	1371858	68592900	ftp.sra.ebi.ac.uk/vol1/fastq/SRR105/044/SRR10557244/SRR10557244.fastq.gz	21fbc0c9ee55ab4e3d9866c9e5f5696e	33194429	SINGLE
SRR10557245	SAMN13427814	SRX7239250	Microbe sample from Escherichia coli	NextSeq 500 sequencing: Barcode sequencing of E. coli evolving in antibiotics	1013502	50675100	ftp.sra.ebi.ac.uk/vol1/fastq/SRR105/045/SRR10557245/SRR10557245.fastq.gz	12003fa761b3938ba5349804896c557e	26714161	SINGLE
SRR10557249	SAMN13428404	SRX7239246	Microbe sample from Escherichia coli	NextSeq 500 sequencing: Barcode sequencing of E. coli evolving in antibiotics	1505125	75256250	ftp.sra.ebi.ac.uk/vol1/fastq/SRR105/049/SRR10557249/SRR10557249.fastq.gz	521e66a728e826559dee17d480c1e3e6	36229385	SINGLE
SRR10557253	SAMN13428400	SRX7239242	Microbe sample from Escherichia coli	NextSeq 500 sequencing: Barcode sequencing of E. coli evolving in antibiotics	1204444	60222200	ftp.sra.ebi.ac.uk/vol1/fastq/SRR105/053/SRR10557253/SRR10557253.fastq.gz	c7604472da216937af44685521eaf9b0	28891834	SINGLE
SRR10557268	SAMN13427833	SRX7239227	Microbe sample from Escherichia coli	NextSeq 500 sequencing: Barcode sequencing of E. coli evolving in antibiotics	1221995	61099750	ftp.sra.ebi.ac.uk/vol1/fastq/SRR105/068/SRR10557268/SRR10557268.fastq.gz	7a63df728a97ed0837a8c9518ef276e7	27340708	SINGLE
SRR10557276	SAMN13427826	SRX7239219	Microbe sample from Escherichia coli	NextSeq 500 sequencing: Barcode sequencing of E. coli evolving in antibiotics	1175809	58790450	ftp.sra.ebi.ac.uk/vol1/fastq/SRR105/076/SRR10557276/SRR10557276.fastq.gz	26b635f021253ad7a2e1c5ee2bd9b4ca	30457889	SINGLE
SRR10557280	SAMN13428491	SRX7239215	Microbe sample from Escherichia coli	NextSeq 500 sequencing: Barcode sequencing of E. coli evolving in antibiotics	1271188	63559400	ftp.sra.ebi.ac.uk/vol1/fastq/SRR105/080/SRR10557280/SRR10557280.fastq.gz	866a28662303c00c1b651e8163abb873	29007196	SINGLE
SRR10557284	SAMN13427822	SRX7239211	Microbe sample from Escherichia coli	NextSeq 500 sequencing: Barcode sequencing of E. coli evolving in antibiotics	1461162	73058100	ftp.sra.ebi.ac.uk/vol1/fastq/SRR105/084/SRR10557284/SRR10557284.fastq.gz	6637631f4793ba0dfe765ede8cc38e2b	38224008	SINGLE
SRR10557289	SAMN13428397	SRX7239206	Microbe sample from Escherichia coli	NextSeq 500 sequencing: Barcode sequencing of E. coli evolving in antibiotics	1317762	65888100	ftp.sra.ebi.ac.uk/vol1/fastq/SRR105/089/SRR10557289/SRR10557289.fastq.gz	b126b0f153b56b0816b11e814e372869	29193180	SINGLE
SRR10557298	SAMN13428388	SRX7239197	Microbe sample from Escherichia coli	NextSeq 500 sequencing: Barcode sequencing of E. coli evolving in antibiotics	1480008	74000400	ftp.sra.ebi.ac.uk/vol1/fastq/SRR105/098/SRR10557298/SRR10557298.fastq.gz	eb572bac68850c16d32da77812d9306e	35321140	SINGLE
SRR10557303	SAMN13428384	SRX7239192	Microbe sample from Escherichia coli	NextSeq 500 sequencing: Barcode sequencing of E. coli evolving in antibiotics	1258111	62905550	ftp.sra.ebi.ac.uk/vol1/fastq/SRR105/003/SRR10557303/SRR10557303.fastq.gz	8167bfe0a19c102900a82caab98d380d	29216720	SINGLE
SRR10557304	SAMN13428383	SRX7239191	Microbe sample from Escherichia coli	NextSeq 500 sequencing: Barcode sequencing of E. coli evolving in antibiotics	997831	49891550	ftp.sra.ebi.ac.uk/vol1/fastq/SRR105/004/SRR10557304/SRR10557304.fastq.gz	e7780bbc61aff3ac5c44f83271beaf52	23943437	SINGLE
SRR10557305	SAMN13428382	SRX7239190	Microbe sample from Escherichia coli	NextSeq 500 sequencing: Barcode sequencing of E. coli evolving in antibiotics	1072703	53635150	ftp.sra.ebi.ac.uk/vol1/fastq/SRR105/005/SRR10557305/SRR10557305.fastq.gz	2ed2955303d801acbdc6054c73acc94b	24510686	SINGLE
SRR10557307	SAMN13428380	SRX7239188	Microbe sample from Escherichia coli	NextSeq 500 sequencing: Barcode sequencing of E. coli evolving in antibiotics	1076127	53806350	ftp.sra.ebi.ac.uk/vol1/fastq/SRR105/007/SRR10557307/SRR10557307.fastq.gz	b87e70df02e4428af812ce3894998e4f	23577626	SINGLE
SRR10557312	SAMN13428376	SRX7239183	Microbe sample from Escherichia coli	NextSeq 500 sequencing: Barcode sequencing of E. coli evolving in antibiotics	1074163	53708150	ftp.sra.ebi.ac.uk/vol1/fastq/SRR105/012/SRR10557312/SRR10557312.fastq.gz	5c04359a30be4c996e7aeedf0d117b05	25160313	SINGLE
SRR10557313	SAMN13428375	SRX7239182	Microbe sample from Escherichia coli	NextSeq 500 sequencing: Barcode sequencing of E. coli evolving in antibiotics	877573	43878650	ftp.sra.ebi.ac.uk/vol1/fastq/SRR105/013/SRR10557313/SRR10557313.fastq.gz	75f145c5bd882cb4e1a97d419ca2d44e	22329017	SINGLE
SRR10557325	SAMN13428364	SRX7239170	Microbe sample from Escherichia coli	NextSeq 500 sequencing: Barcode sequencing of E. coli evolving in antibiotics	1277462	63873100	ftp.sra.ebi.ac.uk/vol1/fastq/SRR105/025/SRR10557325/SRR10557325.fastq.gz	6bdef4b8d5b19dbf027a106a76c62379	31201679	SINGLE
SRR10557327	SAMN13428362	SRX7239168	Microbe sample from Escherichia coli	NextSeq 500 sequencing: Barcode sequencing of E. coli evolving in antibiotics	976464	48823200	ftp.sra.ebi.ac.uk/vol1/fastq/SRR105/027/SRR10557327/SRR10557327.fastq.gz	0b9f9c46b22d19bc0ae05b164022b414	27625024	SINGLE
SRR10557331	SAMN13428358	SRX7239164	Microbe sample from Escherichia coli	NextSeq 500 sequencing: Barcode sequencing of E. coli evolving in antibiotics	1147565	57378250	ftp.sra.ebi.ac.uk/vol1/fastq/SRR105/031/SRR10557331/SRR10557331.fastq.gz	52cfc848c977c8aec8fa61b8632faf8f	29982559	SINGLE
SRR10557334	SAMN13428356	SRX7239161	Microbe sample from Escherichia coli	NextSeq 500 sequencing: Barcode sequencing of E. coli evolving in antibiotics	1277945	63897250	ftp.sra.ebi.ac.uk/vol1/fastq/SRR105/034/SRR10557334/SRR10557334.fastq.gz	8bc50fdc8b4e90f46b3f0f2ff4de0a28	30979822	SINGLE
SRR10557336	SAMN13428354	SRX7239159	Microbe sample from Escherichia coli	NextSeq 500 sequencing: Barcode sequencing of E. coli evolving in antibiotics	1300654	65032700	ftp.sra.ebi.ac.uk/vol1/fastq/SRR105/036/SRR10557336/SRR10557336.fastq.gz	96396d898fd5457fb608cf6b27cac58c	32870774	SINGLE
SRR10557337	SAMN13428353	SRX7239158	Microbe sample from Escherichia coli	NextSeq 500 sequencing: Barcode sequencing of E. coli evolving in antibiotics	1254844	62742200	ftp.sra.ebi.ac.uk/vol1/fastq/SRR105/037/SRR10557337/SRR10557337.fastq.gz	50026bec6dcaee54486f97e91c776ca5	30001411	SINGLE
SRR10557339	SAMN13428351	SRX7239156	Microbe sample from Escherichia coli	NextSeq 500 sequencing: Barcode sequencing of E. coli evolving in antibiotics	759928	37996400	ftp.sra.ebi.ac.uk/vol1/fastq/SRR105/039/SRR10557339/SRR10557339.fastq.gz	bbb1e13d72a219c2c92ce358d3c678cd	19482052	SINGLE
SRR10557341	SAMN13428349	SRX7239154	Microbe sample from Escherichia coli	NextSeq 500 sequencing: Barcode sequencing of E. coli evolving in antibiotics	784598	39229900	ftp.sra.ebi.ac.uk/vol1/fastq/SRR105/041/SRR10557341/SRR10557341.fastq.gz	b74da21c4e2a4be5cdc02aeab1043049	19162591	SINGLE
SRR10557349	SAMN13428343	SRX7239146	Microbe sample from Escherichia coli	NextSeq 500 sequencing: Barcode sequencing of E. coli evolving in antibiotics	704058	35202900	ftp.sra.ebi.ac.uk/vol1/fastq/SRR105/049/SRR10557349/SRR10557349.fastq.gz	26a3091846cdbcc37ef11a5acb51c529	18410908	SINGLE
SRR10557351	SAMN13428341	SRX7239144	Microbe sample from Escherichia coli	NextSeq 500 sequencing: Barcode sequencing of E. coli evolving in antibiotics	730911	36545550	ftp.sra.ebi.ac.uk/vol1/fastq/SRR105/051/SRR10557351/SRR10557351.fastq.gz	0d6a41c1b2b38d3f2e2ac5cb329a0581	18305224	SINGLE
SRR10557353	SAMN13428281	SRX7239142	Microbe sample from Escherichia coli	NextSeq 500 sequencing: Barcode sequencing of E. coli evolving in antibiotics	1523542	76177100	ftp.sra.ebi.ac.uk/vol1/fastq/SRR105/053/SRR10557353/SRR10557353.fastq.gz	f080df07974ba45c826ea8331346d133	33341243	SINGLE
SRR10557355	SAMN13428279	SRX7239140	Microbe sample from Escherichia coli	NextSeq 500 sequencing: Barcode sequencing of E. coli evolving in antibiotics	1076314	53815700	ftp.sra.ebi.ac.uk/vol1/fastq/SRR105/055/SRR10557355/SRR10557355.fastq.gz	f21ce71b23a2d56c7393cffa9a8b1f21	26264219	SINGLE
SRR10557360	SAMN13428275	SRX7239135	Microbe sample from Escherichia coli	NextSeq 500 sequencing: Barcode sequencing of E. coli evolving in antibiotics	1215454	60772700	ftp.sra.ebi.ac.uk/vol1/fastq/SRR105/060/SRR10557360/SRR10557360.fastq.gz	049f035006976fc5b8211633c7ea10e9	31629668	SINGLE
SRR10557362	SAMN13428273	SRX7239133	Microbe sample from Escherichia coli	NextSeq 500 sequencing: Barcode sequencing of E. coli evolving in antibiotics	1269524	63476200	ftp.sra.ebi.ac.uk/vol1/fastq/SRR105/062/SRR10557362/SRR10557362.fastq.gz	a405ea3b4138038f3474d2570b49d8c1	30263822	SINGLE
SRR10557363	SAMN13428272	SRX7239132	Microbe sample from Escherichia coli	NextSeq 500 sequencing: Barcode sequencing of E. coli evolving in antibiotics	1338028	66901400	ftp.sra.ebi.ac.uk/vol1/fastq/SRR105/063/SRR10557363/SRR10557363.fastq.gz	29185258ac720884897f70404ef447bf	32345951	SINGLE
SRR10557364	SAMN13428271	SRX7239131	Microbe sample from Escherichia coli	NextSeq 500 sequencing: Barcode sequencing of E. coli evolving in antibiotics	1191748	59587400	ftp.sra.ebi.ac.uk/vol1/fastq/SRR105/064/SRR10557364/SRR10557364.fastq.gz	528537e59d7910c60fa81eacb568210e	30720237	SINGLE
SRR10557365	SAMN13428270	SRX7239130	Microbe sample from Escherichia coli	NextSeq 500 sequencing: Barcode sequencing of E. coli evolving in antibiotics	1290506	64525300	ftp.sra.ebi.ac.uk/vol1/fastq/SRR105/065/SRR10557365/SRR10557365.fastq.gz	fd72c0487d79f040faa55e8b96ab4a23	31967379	SINGLE
SRR10557372	SAMN13428264	SRX7239123	Microbe sample from Escherichia coli	NextSeq 500 sequencing: Barcode sequencing of E. coli evolving in antibiotics	1569786	78489300	ftp.sra.ebi.ac.uk/vol1/fastq/SRR105/072/SRR10557372/SRR10557372.fastq.gz	09c1ae3196e6777e3c85cb8dc9663d5a	36468326	SINGLE
SRR10557376	SAMN13428260	SRX7239119	Microbe sample from Escherichia coli	NextSeq 500 sequencing: Barcode sequencing of E. coli evolving in antibiotics	1390104	69505200	ftp.sra.ebi.ac.uk/vol1/fastq/SRR105/076/SRR10557376/SRR10557376.fastq.gz	027c347b97ad49eab35bc36a428f237a	33832482	SINGLE
SRR10557377	SAMN13428259	SRX7239118	Microbe sample from Escherichia coli	NextSeq 500 sequencing: Barcode sequencing of E. coli evolving in antibiotics	1011457	50572850	ftp.sra.ebi.ac.uk/vol1/fastq/SRR105/077/SRR10557377/SRR10557377.fastq.gz	18f7ad6528e2157b56793222b5c81b97	25346422	SINGLE
SRR10557384	SAMN13428253	SRX7239111	Microbe sample from Escherichia coli	NextSeq 500 sequencing: Barcode sequencing of E. coli evolving in antibiotics	1360249	68012450	ftp.sra.ebi.ac.uk/vol1/fastq/SRR105/084/SRR10557384/SRR10557384.fastq.gz	3a5eb2b073043347d5898e60113657db	34187344	SINGLE
SRR10557401	SAMN13428151	SRX7239094	Microbe sample from Escherichia coli	NextSeq 500 sequencing: Barcode sequencing of E. coli evolving in antibiotics	827213	41360650	ftp.sra.ebi.ac.uk/vol1/fastq/SRR105/001/SRR10557401/SRR10557401.fastq.gz	a19da2d07cd8fdb08a92d874b4c75a6c	21496199	SINGLE
SRR10557404	SAMN13428148	SRX7239091	Microbe sample from Escherichia coli	NextSeq 500 sequencing: Barcode sequencing of E. coli evolving in antibiotics	892262	44613100	ftp.sra.ebi.ac.uk/vol1/fastq/SRR105/004/SRR10557404/SRR10557404.fastq.gz	aa76da4e9dc2be9fd8653248eaddb7ba	21826546	SINGLE
SRR10557407	SAMN13428147	SRX7239088	Microbe sample from Escherichia coli	NextSeq 500 sequencing: Barcode sequencing of E. coli evolving in antibiotics	838464	41923200	ftp.sra.ebi.ac.uk/vol1/fastq/SRR105/007/SRR10557407/SRR10557407.fastq.gz	cedc3d1749553ca9b3efb12a9afee721	21777885	SINGLE
SRR10557413	SAMN13428141	SRX7239082	Microbe sample from Escherichia coli	NextSeq 500 sequencing: Barcode sequencing of E. coli evolving in antibiotics	1526484	76324200	ftp.sra.ebi.ac.uk/vol1/fastq/SRR105/013/SRR10557413/SRR10557413.fastq.gz	49528246028c03255529409dbbec5b1c	32329549	SINGLE
SRR10557417	SAMN13428252	SRX7239078	Microbe sample from Escherichia coli	NextSeq 500 sequencing: Barcode sequencing of E. coli evolving in antibiotics	1415634	70781700	ftp.sra.ebi.ac.uk/vol1/fastq/SRR105/017/SRR10557417/SRR10557417.fastq.gz	30ff3feb2f117084a830f40aad876d35	35090068	SINGLE
SRR10557422	SAMN13427798	SRX7239073	Microbe sample from Escherichia coli	NextSeq 500 sequencing: Barcode sequencing of E. coli evolving in antibiotics	1302854	65142700	ftp.sra.ebi.ac.uk/vol1/fastq/SRR105/022/SRR10557422/SRR10557422.fastq.gz	6100fba33e711eb8c16bae57cf0b1f21	28791927	SINGLE
SRR10557427	SAMN13428244	SRX7239068	Microbe sample from Escherichia coli	NextSeq 500 sequencing: Barcode sequencing of E. coli evolving in antibiotics	970849	48542450	ftp.sra.ebi.ac.uk/vol1/fastq/SRR105/027/SRR10557427/SRR10557427.fastq.gz	cddce126a4924f0e55ef8a0a0602e21c	23551661	SINGLE
SRR10557435	SAMN13428237	SRX7239060	Microbe sample from Escherichia coli	NextSeq 500 sequencing: Barcode sequencing of E. coli evolving in antibiotics	1242148	62107400	ftp.sra.ebi.ac.uk/vol1/fastq/SRR105/035/SRR10557435/SRR10557435.fastq.gz	262f3f86d9d5549508e47facf5a24b23	26358290	SINGLE
SRR10557437	SAMN13428235	SRX7239058	Microbe sample from Escherichia coli	NextSeq 500 sequencing: Barcode sequencing of E. coli evolving in antibiotics	1187611	59380550	ftp.sra.ebi.ac.uk/vol1/fastq/SRR105/037/SRR10557437/SRR10557437.fastq.gz	78c94b5b7a6f14d6512d4f03efe60252	28621312	SINGLE
SRR10557441	SAMN13428231	SRX7239054	Microbe sample from Escherichia coli	NextSeq 500 sequencing: Barcode sequencing of E. coli evolving in antibiotics	1209610	60480500	ftp.sra.ebi.ac.uk/vol1/fastq/SRR105/041/SRR10557441/SRR10557441.fastq.gz	dce83c26b973724c2d9694e3bb66811c	29776693	SINGLE
SRR10557442	SAMN13428230	SRX7239053	Microbe sample from Escherichia coli	NextSeq 500 sequencing: Barcode sequencing of E. coli evolving in antibiotics	1306872	65343600	ftp.sra.ebi.ac.uk/vol1/fastq/SRR105/042/SRR10557442/SRR10557442.fastq.gz	9302011a37692857067a09e6c6128c87	30798194	SINGLE
SRR10557450	SAMN13428078	SRX7239045	Microbe sample from Escherichia coli	NextSeq 500 sequencing: Barcode sequencing of E. coli evolving in antibiotics	1400548	70027400	ftp.sra.ebi.ac.uk/vol1/fastq/SRR105/050/SRR10557450/SRR10557450.fastq.gz	0db415b3165fc786f1df7dd07290511c	35230786	SINGLE
SRR10557455	SAMN13428074	SRX7239040	Microbe sample from Escherichia coli	NextSeq 500 sequencing: Barcode sequencing of E. coli evolving in antibiotics	1441030	72051500	ftp.sra.ebi.ac.uk/vol1/fastq/SRR105/055/SRR10557455/SRR10557455.fastq.gz	12b02056061336296f3afce72681db97	35801524	SINGLE
SRR10557463	SAMN13428067	SRX7239032	Microbe sample from Escherichia coli	NextSeq 500 sequencing: Barcode sequencing of E. coli evolving in antibiotics	1038080	51904000	ftp.sra.ebi.ac.uk/vol1/fastq/SRR105/063/SRR10557463/SRR10557463.fastq.gz	98d0216d35314558e5bd373b6a06f669	26235202	SINGLE
SRR10557466	SAMN13428064	SRX7239029	Microbe sample from Escherichia coli	NextSeq 500 sequencing: Barcode sequencing of E. coli evolving in antibiotics	1110036	55501800	ftp.sra.ebi.ac.uk/vol1/fastq/SRR105/066/SRR10557466/SRR10557466.fastq.gz	20bf1177ce91c6e3c864e296a16213f8	26437505	SINGLE
SRR10557468	SAMN13428062	SRX7239027	Microbe sample from Escherichia coli	NextSeq 500 sequencing: Barcode sequencing of E. coli evolving in antibiotics	825838	41291900	ftp.sra.ebi.ac.uk/vol1/fastq/SRR105/068/SRR10557468/SRR10557468.fastq.gz	cbf45dfa32a3ecced8788daf0d94aa6f	21783980	SINGLE
SRR10557470	SAMN13428060	SRX7239025	Microbe sample from Escherichia coli	NextSeq 500 sequencing: Barcode sequencing of E. coli evolving in antibiotics	924281	46214050	ftp.sra.ebi.ac.uk/vol1/fastq/SRR105/070/SRR10557470/SRR10557470.fastq.gz	57e84c4ad50acf553bf2ce9f9d98d6d6	22683242	SINGLE
SRR10557472	SAMN13428058	SRX7239023	Microbe sample from Escherichia coli	NextSeq 500 sequencing: Barcode sequencing of E. coli evolving in antibiotics	905139	45256950	ftp.sra.ebi.ac.uk/vol1/fastq/SRR105/072/SRR10557472/SRR10557472.fastq.gz	81ac9c9ccc321d5ff9f9f53fea97120e	24390533	SINGLE
SRR10557476	SAMN13428055	SRX7239019	Microbe sample from Escherichia coli	NextSeq 500 sequencing: Barcode sequencing of E. coli evolving in antibiotics	863721	43186050	ftp.sra.ebi.ac.uk/vol1/fastq/SRR105/076/SRR10557476/SRR10557476.fastq.gz	e04814967f4b8b1c697c33c7bc6d52e4	22416871	SINGLE
SRR10557484	SAMN13427875	SRX7239011	Microbe sample from Escherichia coli	NextSeq 500 sequencing: Barcode sequencing of E. coli evolving in antibiotics	1079323	53966150	ftp.sra.ebi.ac.uk/vol1/fastq/SRR105/084/SRR10557484/SRR10557484.fastq.gz	12e25f34d494ba91046974131e10037c	27545728	SINGLE
SRR10557490	SAMN13427869	SRX7239005	Microbe sample from Escherichia coli	NextSeq 500 sequencing: Barcode sequencing of E. coli evolving in antibiotics	1087521	54376050	ftp.sra.ebi.ac.uk/vol1/fastq/SRR105/090/SRR10557490/SRR10557490.fastq.gz	4772c4b94e2efa065a1e892fe54311f5	27263518	SINGLE
SRR10557494	SAMN13427866	SRX7239001	Microbe sample from Escherichia coli	NextSeq 500 sequencing: Barcode sequencing of E. coli evolving in antibiotics	968679	48433950	ftp.sra.ebi.ac.uk/vol1/fastq/SRR105/094/SRR10557494/SRR10557494.fastq.gz	1fcc2d93d8cc222bc23c020b11a98de1	25150736	SINGLE
SRR10557510	SAMN13427851	SRX7238985	Microbe sample from Escherichia coli	NextSeq 500 sequencing: Barcode sequencing of E. coli evolving in antibiotics	1272955	63647750	ftp.sra.ebi.ac.uk/vol1/fastq/SRR105/010/SRR10557510/SRR10557510.fastq.gz	2f8b110ad263092691e5ab007f7ac5bf	28878440	SINGLE
SRR10557511	SAMN13427850	SRX7238984	Microbe sample from Escherichia coli	NextSeq 500 sequencing: Barcode sequencing of E. coli evolving in antibiotics	1379557	68977850	ftp.sra.ebi.ac.uk/vol1/fastq/SRR105/011/SRR10557511/SRR10557511.fastq.gz	0781c4b708df1664a540701fc7a50c1e	29574859	SINGLE
SRR10557520	SAMN13428304	SRX7238975	Microbe sample from Escherichia coli	NextSeq 500 sequencing: Barcode sequencing of E. coli evolving in antibiotics	1153478	57673900	ftp.sra.ebi.ac.uk/vol1/fastq/SRR105/020/SRR10557520/SRR10557520.fastq.gz	4c1ac072f1ed7e04432afddef68dad53	27800850	SINGLE
SRR10557532	SAMN13428293	SRX7238963	Microbe sample from Escherichia coli	NextSeq 500 sequencing: Barcode sequencing of E. coli evolving in antibiotics	818516	40925800	ftp.sra.ebi.ac.uk/vol1/fastq/SRR105/032/SRR10557532/SRR10557532.fastq.gz	df539ddf34e2e42a24e9fc141d866542	20365665	SINGLE
SRR10557539	SAMN13428287	SRX7238956	Microbe sample from Escherichia coli	NextSeq 500 sequencing: Barcode sequencing of E. coli evolving in antibiotics	1329191	66459550	ftp.sra.ebi.ac.uk/vol1/fastq/SRR105/039/SRR10557539/SRR10557539.fastq.gz	fe00578f16b880adbe24e56ddb3281a1	30053367	SINGLE
SRR10557555	SAMN13427772	SRX7239348	Microbe sample from Escherichia coli	NextSeq 500 sequencing: Barcode sequencing of E. coli evolving in antibiotics	1217734	60886700	ftp.sra.ebi.ac.uk/vol1/fastq/SRR105/055/SRR10557555/SRR10557555.fastq.gz	3b9be546309761a866b79f4a73b106d7	29680623	SINGLE
SRR10557568	SAMN13427976	SRX7239335	Microbe sample from Escherichia coli	NextSeq 500 sequencing: Barcode sequencing of E. coli evolving in antibiotics	1280515	64025750	ftp.sra.ebi.ac.uk/vol1/fastq/SRR105/068/SRR10557568/SRR10557568.fastq.gz	dc18cd14a22ba3777392692e471abce9	30817866	SINGLE
SRR10557576	SAMN13427968	SRX7239327	Microbe sample from Escherichia coli	NextSeq 500 sequencing: Barcode sequencing of E. coli evolving in antibiotics	1048436	52421800	ftp.sra.ebi.ac.uk/vol1/fastq/SRR105/076/SRR10557576/SRR10557576.fastq.gz	d9642b756678667ccb5b567e12c785f7	25154784	SINGLE
SRR10557578	SAMN13427967	SRX7239325	Microbe sample from Escherichia coli	NextSeq 500 sequencing: Barcode sequencing of E. coli evolving in antibiotics	1203546	60177300	ftp.sra.ebi.ac.uk/vol1/fastq/SRR105/078/SRR10557578/SRR10557578.fastq.gz	5abb8b806184099ee5338f2a5d321361	30905940	SINGLE
SRR10557579	SAMN13427966	SRX7239324	Microbe sample from Escherichia coli	NextSeq 500 sequencing: Barcode sequencing of E. coli evolving in antibiotics	1158704	57935200	ftp.sra.ebi.ac.uk/vol1/fastq/SRR105/079/SRR10557579/SRR10557579.fastq.gz	fdd5f6eae7e37761e7a84023e8874e00	30184299	SINGLE
SRR10557580	SAMN13427965	SRX7239323	Microbe sample from Escherichia coli	NextSeq 500 sequencing: Barcode sequencing of E. coli evolving in antibiotics	1253636	62681800	ftp.sra.ebi.ac.uk/vol1/fastq/SRR105/080/SRR10557580/SRR10557580.fastq.gz	a0de5fc20d581b8bb80876d26535a6fa	30683415	SINGLE
SRR10557581	SAMN13428483	SRX7239322	Microbe sample from Escherichia coli	NextSeq 500 sequencing: Barcode sequencing of E. coli evolving in antibiotics	1056002	52800100	ftp.sra.ebi.ac.uk/vol1/fastq/SRR105/081/SRR10557581/SRR10557581.fastq.gz	f8cf43e1d983cdedcf90a1f7858e6403	26728864	SINGLE
SRR10557588	SAMN13428477	SRX7239315	Microbe sample from Escherichia coli	NextSeq 500 sequencing: Barcode sequencing of E. coli evolving in antibiotics	1730706	86535300	ftp.sra.ebi.ac.uk/vol1/fastq/SRR105/088/SRR10557588/SRR10557588.fastq.gz	3d28ce24e2be2c2d29d100f2d6cd6b62	39591609	SINGLE
SRR10557598	SAMN13427820	SRX7239305	Microbe sample from Escherichia coli	NextSeq 500 sequencing: Barcode sequencing of E. coli evolving in antibiotics	1636572	81828600	ftp.sra.ebi.ac.uk/vol1/fastq/SRR105/098/SRR10557598/SRR10557598.fastq.gz	9b1a362fd3eda0cd20eaf50f3e094f7d	39773878	SINGLE
SRR10557600	SAMN13428466	SRX7239303	Microbe sample from Escherichia coli	NextSeq 500 sequencing: Barcode sequencing of E. coli evolving in antibiotics	1200691	60034550	ftp.sra.ebi.ac.uk/vol1/fastq/SRR105/000/SRR10557600/SRR10557600.fastq.gz	3e064c9dc3207646eca11bf6a18d92bc	29033068	SINGLE
SRR10557601	SAMN13428465	SRX7239302	Microbe sample from Escherichia coli	NextSeq 500 sequencing: Barcode sequencing of E. coli evolving in antibiotics	1267337	63366850	ftp.sra.ebi.ac.uk/vol1/fastq/SRR105/001/SRR10557601/SRR10557601.fastq.gz	1f5cd42c1c0b7d32b1b3c4c8b375aaaf	28814856	SINGLE
SRR10557607	SAMN13428459	SRX7239296	Microbe sample from Escherichia coli	NextSeq 500 sequencing: Barcode sequencing of E. coli evolving in antibiotics	909705	45485250	ftp.sra.ebi.ac.uk/vol1/fastq/SRR105/007/SRR10557607/SRR10557607.fastq.gz	24d5757d73de2bbd47f704f551ec6c80	24129800	SINGLE
SRR10557610	SAMN13428457	SRX7239293	Microbe sample from Escherichia coli	NextSeq 500 sequencing: Barcode sequencing of E. coli evolving in antibiotics	929484	46474200	ftp.sra.ebi.ac.uk/vol1/fastq/SRR105/010/SRR10557610/SRR10557610.fastq.gz	93419066546e49603a6ea51d5ca04fbb	23857896	SINGLE
SRR10557617	SAMN13428336	SRX7239286	Microbe sample from Escherichia coli	NextSeq 500 sequencing: Barcode sequencing of E. coli evolving in antibiotics	1226386	61319300	ftp.sra.ebi.ac.uk/vol1/fastq/SRR105/017/SRR10557617/SRR10557617.fastq.gz	1047727e551a1d6ae4734d85af85e515	29261118	SINGLE
