run_accession	sample_accession	experiment_accession	sample_title	experiment_title	read_count	base_count	fastq_ftp	fastq_md5	fastq_bytes	library_layout
SRR10553805	SAMN13423686	SRX7236141	Microbe sample from Escherichia coli	NextSeq 500 sequencing: Barcode sequencing of E. coli evolving in antibiotics	523863	30907917	ftp.sra.ebi.ac.uk/vol1/fastq/SRR105/005/SRR10553805/SRR10553805.fastq.gz	41a517d830dfe416fc103a6ba77d596d	7958003	SINGLE
SRR10553812	SAMN13423679	SRX7236134	Microbe sample from Escherichia coli	NextSeq 500 sequencing: Barcode sequencing of E. coli evolving in antibiotics	730934	43125106	ftp.sra.ebi.ac.uk/vol1/fastq/SRR105/012/SRR10553812/SRR10553812.fastq.gz	f46dab288ccd10db5739efbf68310497	7928587	SINGLE
SRR10553815	SAMN13423542	SRX7236131	Microbe sample from Escherichia coli	NextSeq 500 sequencing: Barcode sequencing of E. coli evolving in antibiotics	510880	25544000	ftp.sra.ebi.ac.uk/vol1/fastq/SRR105/015/SRR10553815/SRR10553815.fastq.gz	5184ad13596c7f7b49ae0879dbb12973	5161669	SINGLE
SRR10553816	SAMN13423676	SRX7236130	Microbe sample from Escherichia coli	NextSeq 500 sequencing: Barcode sequencing of E. coli evolving in antibiotics	749601	44226459	ftp.sra.ebi.ac.uk/vol1/fastq/SRR105/016/SRR10553816/SRR10553816.fastq.gz	4d8724297bc5015a4be134a0427c95ca	9977618	SINGLE
SRR10553822	SAMN13423670	SRX7236124	Microbe sample from Escherichia coli	NextSeq 500 sequencing: Barcode sequencing of E. coli evolving in antibiotics	738545	43574155	ftp.sra.ebi.ac.uk/vol1/fastq/SRR105/022/SRR10553822/SRR10553822.fastq.gz	462856a056a4dca11dc0ac2fdeff2367	9782285	SINGLE
SRR10553829	SAMN13423664	SRX7236117	Microbe sample from Escherichia coli	NextSeq 500 sequencing: Barcode sequencing of E. coli evolving in antibiotics	822371	48519889	ftp.sra.ebi.ac.uk/vol1/fastq/SRR105/029/SRR10553829/SRR10553829.fastq.gz	fecd1fa783f4cf2bf9758480ecb012d6	11568582	SINGLE
SRR10553830	SAMN13423663	SRX7236116	Microbe sample from Escherichia coli	NextSeq 500 sequencing: Barcode sequencing of E. coli evolving in antibiotics	840492	49589028	ftp.sra.ebi.ac.uk/vol1/fastq/SRR105/030/SRR10553830/SRR10553830.fastq.gz	79add1b1a53c0cb546c57bc1e44244ef	12164066	SINGLE
SRR10553831	SAMN13423662	SRX7236115	Microbe sample from Escherichia coli	NextSeq 500 sequencing: Barcode sequencing of E. coli evolving in antibiotics	1002874	59169566	ftp.sra.ebi.ac.uk/vol1/fastq/SRR105/031/SRR10553831/SRR10553831.fastq.gz	6349ab285948efb8e5c1438a7db0fc45	16659758	SINGLE
SRR10553832	SAMN13423661	SRX7236114	Microbe sample from Escherichia coli	NextSeq 500 sequencing: Barcode sequencing of E. coli evolving in antibiotics	1023549	60389391	ftp.sra.ebi.ac.uk/vol1/fastq/SRR105/032/SRR10553832/SRR10553832.fastq.gz	d41557add278342e185a557d8d143097	16818210	SINGLE
SRR10553837	SAMN13423540	SRX7236109	Microbe sample from Escherichia coli	NextSeq 500 sequencing: Barcode sequencing of E. coli evolving in antibiotics	513468	25673400	ftp.sra.ebi.ac.uk/vol1/fastq/SRR105/037/SRR10553837/SRR10553837.fastq.gz	cf550c31b16b33d8656d53734f7d9fbe	4684399	SINGLE
SRR10553840	SAMN13423654	SRX7236106	Microbe sample from Escherichia coli	NextSeq 500 sequencing: Barcode sequencing of E. coli evolving in antibiotics	382161	19108050	ftp.sra.ebi.ac.uk/vol1/fastq/SRR105/040/SRR10553840/SRR10553840.fastq.gz	fa9c655e91647825a347fd07ab0b262f	4388100	SINGLE
SRR10553841	SAMN13423653	SRX7236105	Microbe sample from Escherichia coli	NextSeq 500 sequencing: Barcode sequencing of E. coli evolving in antibiotics	381781	19089050	ftp.sra.ebi.ac.uk/vol1/fastq/SRR105/041/SRR10553841/SRR10553841.fastq.gz	a6523538755e96adf99103185d381e51	4308117	SINGLE
SRR10553846	SAMN13423648	SRX7236100	Microbe sample from Escherichia coli	NextSeq 500 sequencing: Barcode sequencing of E. coli evolving in antibiotics	435668	21783400	ftp.sra.ebi.ac.uk/vol1/fastq/SRR105/046/SRR10553846/SRR10553846.fastq.gz	e813afc7b097a2fee26d1b6f8e3d94f4	3875890	SINGLE
SRR10553847	SAMN13423647	SRX7236099	Microbe sample from Escherichia coli	NextSeq 500 sequencing: Barcode sequencing of E. coli evolving in antibiotics	433792	21689600	ftp.sra.ebi.ac.uk/vol1/fastq/SRR105/047/SRR10553847/SRR10553847.fastq.gz	cd403db1e25689e7759f980cd5514b90	4333925	SINGLE
SRR10553850	SAMN13423645	SRX7236096	Microbe sample from Escherichia coli	NextSeq 500 sequencing: Barcode sequencing of E. coli evolving in antibiotics	478256	23912800	ftp.sra.ebi.ac.uk/vol1/fastq/SRR105/050/SRR10553850/SRR10553850.fastq.gz	f21e6f695432452698abea8b28e8b582	4845700	SINGLE
SRR10553859	SAMN13423538	SRX7236087	Microbe sample from Escherichia coli	NextSeq 500 sequencing: Barcode sequencing of E. coli evolving in antibiotics	543956	27197800	ftp.sra.ebi.ac.uk/vol1/fastq/SRR105/059/SRR10553859/SRR10553859.fastq.gz	cd9380e0441c4cb4a27be1c8b76724bb	5635805	SINGLE
SRR10553861	SAMN13423635	SRX7236085	Microbe sample from Escherichia coli	NextSeq 500 sequencing: Barcode sequencing of E. coli evolving in antibiotics	455533	22776650	ftp.sra.ebi.ac.uk/vol1/fastq/SRR105/061/SRR10553861/SRR10553861.fastq.gz	30b03f558b7ff3e9a656d7d9b77003eb	4811794	SINGLE
SRR10553863	SAMN13423633	SRX7236083	Microbe sample from Escherichia coli	NextSeq 500 sequencing: Barcode sequencing of E. coli evolving in antibiotics	479257	23962850	ftp.sra.ebi.ac.uk/vol1/fastq/SRR105/063/SRR10553863/SRR10553863.fastq.gz	69eb7edd097c4fe068b31281a8159ffa	5076006	SINGLE
SRR10553874	SAMN13424470	SRX7236072	Microbe sample from Escherichia coli	NextSeq 500 sequencing: Barcode sequencing of E. coli evolving in antibiotics	2503116	125155800	ftp.sra.ebi.ac.uk/vol1/fastq/SRR105/074/SRR10553874/SRR10553874.fastq.gz	5af9ad5cb1fddd87af99c931ad037696	49784831	SINGLE
SRR10553878	SAMN13423621	SRX7236068	Microbe sample from Escherichia coli	NextSeq 500 sequencing: Barcode sequencing of E. coli evolving in antibiotics	455794	22789700	ftp.sra.ebi.ac.uk/vol1/fastq/SRR105/078/SRR10553878/SRR10553878.fastq.gz	ac433e42fcfecd57cef0bbe37b7e9f69	4883318	SINGLE
SRR10553886	SAMN13424459	SRX7236060	Microbe sample from Escherichia coli	NextSeq 500 sequencing: Barcode sequencing of E. coli evolving in antibiotics	3001379	150068950	ftp.sra.ebi.ac.uk/vol1/fastq/SRR105/086/SRR10553886/SRR10553886.fastq.gz	9109a4e84c6196428a1ce8baab73369e	55621723	SINGLE
SRR10553897	SAMN13424449	SRX7236049	Microbe sample from Escherichia coli	NextSeq 500 sequencing: Barcode sequencing of E. coli evolving in antibiotics	2419413	120970650	ftp.sra.ebi.ac.uk/vol1/fastq/SRR105/097/SRR10553897/SRR10553897.fastq.gz	4ad30251cde8a8b03dfdf3f91d48a6c5	50746840	SINGLE
SRR10553905	SAMN13424442	SRX7236041	Microbe sample from Escherichia coli	NextSeq 500 sequencing: Barcode sequencing of E. coli evolving in antibiotics	2417105	120855250	ftp.sra.ebi.ac.uk/vol1/fastq/SRR105/005/SRR10553905/SRR10553905.fastq.gz	a3a302239a534493eb7f69debd9afead	49068147	SINGLE
SRR10553913	SAMN13424435	SRX7236033	Microbe sample from Escherichia coli	NextSeq 500 sequencing: Barcode sequencing of E. coli evolving in antibiotics	2161453	108072650	ftp.sra.ebi.ac.uk/vol1/fastq/SRR105/013/SRR10553913/SRR10553913.fastq.gz	7c009f9eb86c8ff9361747a2bcba2eb8	41906690	SINGLE
SRR10553914	SAMN13424434	SRX7236032	Microbe sample from Escherichia coli	NextSeq 500 sequencing: Barcode sequencing of E. coli evolving in antibiotics	1780063	89003150	ftp.sra.ebi.ac.uk/vol1/fastq/SRR105/014/SRR10553914/SRR10553914.fastq.gz	2d313fbb00492695bd5ebc03b3c169c3	36697539	SINGLE
SRR10553923	SAMN13423536	SRX7236023	Microbe sample from Escherichia coli	NextSeq 500 sequencing: Barcode sequencing of E. coli evolving in antibiotics	544346	27217300	ftp.sra.ebi.ac.uk/vol1/fastq/SRR105/023/SRR10553923/SRR10553923.fastq.gz	8c96cb681414430658a3f40bb8de62ae	5124760	SINGLE
SRR10553933	SAMN13424417	SRX7236013	Microbe sample from Escherichia coli	NextSeq 500 sequencing: Barcode sequencing of E. coli evolving in antibiotics	2481039	124051950	ftp.sra.ebi.ac.uk/vol1/fastq/SRR105/033/SRR10553933/SRR10553933.fastq.gz	b90bbd925e41d1fa201a432684348c0d	65005004	SINGLE
SRR10553934	SAMN13423616	SRX7236012	Microbe sample from Escherichia coli	NextSeq 500 sequencing: Barcode sequencing of E. coli evolving in antibiotics	389185	19459250	ftp.sra.ebi.ac.uk/vol1/fastq/SRR105/034/SRR10553934/SRR10553934.fastq.gz	24e332086de14944678c5c02077da177	4147123	SINGLE
SRR10553939	SAMN13424412	SRX7236007	Microbe sample from Escherichia coli	NextSeq 500 sequencing: Barcode sequencing of E. coli evolving in antibiotics	3275786	163789300	ftp.sra.ebi.ac.uk/vol1/fastq/SRR105/039/SRR10553939/SRR10553939.fastq.gz	cd51b5f8db4ab6919534209726dc1991	79615043	SINGLE
SRR10553941	SAMN13424410	SRX7236005	Microbe sample from Escherichia coli	NextSeq 500 sequencing: Barcode sequencing of E. coli evolving in antibiotics	2228553	111427650	ftp.sra.ebi.ac.uk/vol1/fastq/SRR105/041/SRR10553941/SRR10553941.fastq.gz	69e3dcb1f0b781a12c1dc06022bd524e	59474003	SINGLE
SRR10553950	SAMN13424402	SRX7235996	Microbe sample from Escherichia coli	NextSeq 500 sequencing: Barcode sequencing of E. coli evolving in antibiotics	918472	54189848	ftp.sra.ebi.ac.uk/vol1/fastq/SRR105/050/SRR10553950/SRR10553950.fastq.gz	f65aa03bc83374dcb9ecf6a30dab8b4b	12501574	SINGLE
SRR10553960	SAMN13424393	SRX7235986	Microbe sample from Escherichia coli	NextSeq 500 sequencing: Barcode sequencing of E. coli evolving in antibiotics	904772	53381548	ftp.sra.ebi.ac.uk/vol1/fastq/SRR105/060/SRR10553960/SRR10553960.fastq.gz	b23b333b09d385faf960d6f0d6f5025c	12700982	SINGLE
SRR10553963	SAMN13424390	SRX7235983	Microbe sample from Escherichia coli	NextSeq 500 sequencing: Barcode sequencing of E. coli evolving in antibiotics	856599	50539341	ftp.sra.ebi.ac.uk/vol1/fastq/SRR105/063/SRR10553963/SRR10553963.fastq.gz	a859849ecdaa8daa1e334ce9ff0e3574	12334137	SINGLE
SRR10553967	SAMN13423613	SRX7235979	Microbe sample from Escherichia coli	NextSeq 500 sequencing: Barcode sequencing of E. coli evolving in antibiotics	366316	18315800	ftp.sra.ebi.ac.uk/vol1/fastq/SRR105/067/SRR10553967/SRR10553967.fastq.gz	ea5626903473dcd1c1ff47fb51d26583	4356949	SINGLE
SRR10553980	SAMN13424375	SRX7235966	Microbe sample from Escherichia coli	NextSeq 500 sequencing: Barcode sequencing of E. coli evolving in antibiotics	865570	51068630	ftp.sra.ebi.ac.uk/vol1/fastq/SRR105/080/SRR10553980/SRR10553980.fastq.gz	53b0412411e857265e9a7c8295d2ac0e	12892341	SINGLE
SRR10553986	SAMN13424369	SRX7235960	Microbe sample from Escherichia coli	NextSeq 500 sequencing: Barcode sequencing of E. coli evolving in antibiotics	381641	22516819	ftp.sra.ebi.ac.uk/vol1/fastq/SRR105/086/SRR10553986/SRR10553986.fastq.gz	efa7b58731a08e73ab9957c991f669dd	5698620	SINGLE
SRR10553995	SAMN13424361	SRX7235951	Microbe sample from Escherichia coli	NextSeq 500 sequencing: Barcode sequencing of E. coli evolving in antibiotics	1203066	70980894	ftp.sra.ebi.ac.uk/vol1/fastq/SRR105/095/SRR10553995/SRR10553995.fastq.gz	a6d152c8cbca7e7cb639227a72a41672	19138706	SINGLE
SRR10554008	SAMN13424349	SRX7235938	Microbe sample from Escherichia coli	NextSeq 500 sequencing: Barcode sequencing of E. coli evolving in antibiotics	1246457	73540963	ftp.sra.ebi.ac.uk/vol1/fastq/SRR105/008/SRR10554008/SRR10554008.fastq.gz	944035472c1d7f1873ec925a67417d2b	26042195	SINGLE
SRR10554018	SAMN13424340	SRX7235928	Microbe sample from Escherichia coli	NextSeq 500 sequencing: Barcode sequencing of E. coli evolving in antibiotics	1072177	63258443	ftp.sra.ebi.ac.uk/vol1/fastq/SRR105/018/SRR10554018/SRR10554018.fastq.gz	5dc95ef7c0603a0c55c8f06442479389	13453026	SINGLE
SRR10554032	SAMN13424327	SRX7235914	Microbe sample from Escherichia coli	NextSeq 500 sequencing: Barcode sequencing of E. coli evolving in antibiotics	971601	57324459	ftp.sra.ebi.ac.uk/vol1/fastq/SRR105/032/SRR10554032/SRR10554032.fastq.gz	5280581bebdc5373c12d40428ea7e435	12645054	SINGLE
SRR10554036	SAMN13424325	SRX7235910	Microbe sample from Escherichia coli	NextSeq 500 sequencing: Barcode sequencing of E. coli evolving in antibiotics	1070100	63135900	ftp.sra.ebi.ac.uk/vol1/fastq/SRR105/036/SRR10554036/SRR10554036.fastq.gz	500ef1714efa8e71df8387cddcfca11c	14287623	SINGLE
SRR10554037	SAMN13424324	SRX7235909	Microbe sample from Escherichia coli	NextSeq 500 sequencing: Barcode sequencing of E. coli evolving in antibiotics	1051482	62037438	ftp.sra.ebi.ac.uk/vol1/fastq/SRR105/037/SRR10554037/SRR10554037.fastq.gz	c4a43a415920e1c194acc58769f0bbec	12884694	SINGLE
SRR10554039	SAMN13424322	SRX7235907	Microbe sample from Escherichia coli	NextSeq 500 sequencing: Barcode sequencing of E. coli evolving in antibiotics	1034106	61012254	ftp.sra.ebi.ac.uk/vol1/fastq/SRR105/039/SRR10554039/SRR10554039.fastq.gz	58b305294016fc74c44072ce98e9b4ef	14578321	SINGLE
SRR10554045	SAMN13423606	SRX7235901	Microbe sample from Escherichia coli	NextSeq 500 sequencing: Barcode sequencing of E. coli evolving in antibiotics	445059	22252950	ftp.sra.ebi.ac.uk/vol1/fastq/SRR105/045/SRR10554045/SRR10554045.fastq.gz	dff10e7e48f5ca10538057f3fefa958c	4473586	SINGLE
SRR10554050	SAMN13424312	SRX7235896	Microbe sample from Escherichia coli	NextSeq 500 sequencing: Barcode sequencing of E. coli evolving in antibiotics	342675	20217825	ftp.sra.ebi.ac.uk/vol1/fastq/SRR105/050/SRR10554050/SRR10554050.fastq.gz	02af44aee9cbcde993e8b90d14ae7ea5	4902856	SINGLE
SRR10554054	SAMN13424308	SRX7235892	Microbe sample from Escherichia coli	NextSeq 500 sequencing: Barcode sequencing of E. coli evolving in antibiotics	1013378	59789302	ftp.sra.ebi.ac.uk/vol1/fastq/SRR105/054/SRR10554054/SRR10554054.fastq.gz	94e2d9dba75a1434cd5d54fd3b573cf7	14373615	SINGLE
SRR10554055	SAMN13424307	SRX7235891	Microbe sample from Escherichia coli	NextSeq 500 sequencing: Barcode sequencing of E. coli evolving in antibiotics	1037520	61213680	ftp.sra.ebi.ac.uk/vol1/fastq/SRR105/055/SRR10554055/SRR10554055.fastq.gz	b741a9dd9360b7e438f0753253ead2f8	15111169	SINGLE
SRR10554059	SAMN13424304	SRX7235887	Microbe sample from Escherichia coli	NextSeq 500 sequencing: Barcode sequencing of E. coli evolving in antibiotics	1117612	65939108	ftp.sra.ebi.ac.uk/vol1/fastq/SRR105/059/SRR10554059/SRR10554059.fastq.gz	187716ddcd20ed93346c453cae250d72	15186413	SINGLE
SRR10554066	SAMN13424297	SRX7235880	Microbe sample from Escherichia coli	NextSeq 500 sequencing: Barcode sequencing of E. coli evolving in antibiotics	1216608	71779872	ftp.sra.ebi.ac.uk/vol1/fastq/SRR105/066/SRR10554066/SRR10554066.fastq.gz	ea19e36bd0ca3c2e797cf7a62f9f952b	18355709	SINGLE
SRR10554080	SAMN13424285	SRX7235866	Microbe sample from Escherichia coli	NextSeq 500 sequencing: Barcode sequencing of E. coli evolving in antibiotics	1263874	74568566	ftp.sra.ebi.ac.uk/vol1/fastq/SRR105/080/SRR10554080/SRR10554080.fastq.gz	7df492a879b6a4df1d7afe51e5a0e340	26092779	SINGLE
SRR10554082	SAMN13424283	SRX7235864	Microbe sample from Escherichia coli	NextSeq 500 sequencing: Barcode sequencing of E. coli evolving in antibiotics	1281327	75598293	ftp.sra.ebi.ac.uk/vol1/fastq/SRR105/082/SRR10554082/SRR10554082.fastq.gz	2082478f7fbccde2436265062136d58e	25589301	SINGLE
SRR10554083	SAMN13424282	SRX7235863	Microbe sample from Escherichia coli	NextSeq 500 sequencing: Barcode sequencing of E. coli evolving in antibiotics	1224180	72226620	ftp.sra.ebi.ac.uk/vol1/fastq/SRR105/083/SRR10554083/SRR10554083.fastq.gz	39b4033dfa97c35e824afb776350dfa1	25289189	SINGLE
SRR10554089	SAMN13423602	SRX7235857	Microbe sample from Escherichia coli	NextSeq 500 sequencing: Barcode sequencing of E. coli evolving in antibiotics	548961	27448050	ftp.sra.ebi.ac.uk/vol1/fastq/SRR105/089/SRR10554089/SRR10554089.fastq.gz	cd45c8b88fd15c065d1b550bcd324c1f	5817648	SINGLE
SRR10554094	SAMN13424272	SRX7235852	Microbe sample from Escherichia coli	NextSeq 500 sequencing: Barcode sequencing of E. coli evolving in antibiotics	1931563	96578150	ftp.sra.ebi.ac.uk/vol1/fastq/SRR105/094/SRR10554094/SRR10554094.fastq.gz	7e6cb859811e29aaef279bce467a2a7e	38153619	SINGLE
SRR10554107	SAMN13424260	SRX7235839	Microbe sample from Escherichia coli	NextSeq 500 sequencing: Barcode sequencing of E. coli evolving in antibiotics	2308891	115444550	ftp.sra.ebi.ac.uk/vol1/fastq/SRR105/007/SRR10554107/SRR10554107.fastq.gz	dcd2cf6e34cff36c71574bc97f45cf02	47166635	SINGLE
SRR10554112	SAMN13424256	SRX7235834	Microbe sample from Escherichia coli	NextSeq 500 sequencing: Barcode sequencing of E. coli evolving in antibiotics	2015983	100799150	ftp.sra.ebi.ac.uk/vol1/fastq/SRR105/012/SRR10554112/SRR10554112.fastq.gz	64bd489ec841b19bbe449b9d07b6ddd4	40632819	SINGLE
SRR10554114	SAMN13424254	SRX7235832	Microbe sample from Escherichia coli	NextSeq 500 sequencing: Barcode sequencing of E. coli evolving in antibiotics	2004055	100202750	ftp.sra.ebi.ac.uk/vol1/fastq/SRR105/014/SRR10554114/SRR10554114.fastq.gz	e916d0cee0c16f57bbd4a4a3aceced67	42208491	SINGLE
SRR10554133	SAMN13423598	SRX7235813	Microbe sample from Escherichia coli	NextSeq 500 sequencing: Barcode sequencing of E. coli evolving in antibiotics	617630	30881500	ftp.sra.ebi.ac.uk/vol1/fastq/SRR105/033/SRR10554133/SRR10554133.fastq.gz	949df31e02879673f00b692283f7fdf4	7423242	SINGLE
SRR10554137	SAMN13423627	SRX7235809	Microbe sample from Escherichia coli	NextSeq 500 sequencing: Barcode sequencing of E. coli evolving in antibiotics	455383	22769150	ftp.sra.ebi.ac.uk/vol1/fastq/SRR105/037/SRR10554137/SRR10554137.fastq.gz	6bcbf98e33de4ac6907db49d6e6cf3da	4823332	SINGLE
SRR10554139	SAMN13423528	SRX7235807	Microbe sample from Escherichia coli	NextSeq 500 sequencing: Barcode sequencing of E. coli evolving in antibiotics	679359	33967950	ftp.sra.ebi.ac.uk/vol1/fastq/SRR105/039/SRR10554139/SRR10554139.fastq.gz	62fffc83eff514c3373f921b66ec0613	9523262	SINGLE
SRR10554142	SAMN13423987	SRX7236476	Microbe sample from Escherichia coli	NextSeq 500 sequencing: Barcode sequencing of E. coli evolving in antibiotics	726207	36310350	ftp.sra.ebi.ac.uk/vol1/fastq/SRR105/042/SRR10554142/SRR10554142.fastq.gz	ff0e01baa97fecd3c232797bcda74dd4	8997302	SINGLE
SRR10554151	SAMN13423979	SRX7236467	Microbe sample from Escherichia coli	NextSeq 500 sequencing: Barcode sequencing of E. coli evolving in antibiotics	768592	38429600	ftp.sra.ebi.ac.uk/vol1/fastq/SRR105/051/SRR10554151/SRR10554151.fastq.gz	11bb60909f4f2b1a7ff38af4a0cd5f71	10141971	SINGLE
SRR10554156	SAMN13423975	SRX7236462	Microbe sample from Escherichia coli	NextSeq 500 sequencing: Barcode sequencing of E. coli evolving in antibiotics	623528	31176400	ftp.sra.ebi.ac.uk/vol1/fastq/SRR105/056/SRR10554156/SRR10554156.fastq.gz	608b9a9e747a65b1bace08de2b72657e	10985759	SINGLE
SRR10554157	SAMN13423974	SRX7236461	Microbe sample from Escherichia coli	NextSeq 500 sequencing: Barcode sequencing of E. coli evolving in antibiotics	840919	42045950	ftp.sra.ebi.ac.uk/vol1/fastq/SRR105/057/SRR10554157/SRR10554157.fastq.gz	024cce2aa94a21a2a008f4431fc7b104	14817836	SINGLE
SRR10554161	SAMN13423970	SRX7236457	Microbe sample from Escherichia coli	NextSeq 500 sequencing: Barcode sequencing of E. coli evolving in antibiotics	627004	31350200	ftp.sra.ebi.ac.uk/vol1/fastq/SRR105/061/SRR10554161/SRR10554161.fastq.gz	ce974357e694eb6c8aa0d2ea1abf32c5	7182016	SINGLE
SRR10554166	SAMN13423966	SRX7236452	Microbe sample from Escherichia coli	NextSeq 500 sequencing: Barcode sequencing of E. coli evolving in antibiotics	794864	39743200	ftp.sra.ebi.ac.uk/vol1/fastq/SRR105/066/SRR10554166/SRR10554166.fastq.gz	1b1d4db1253a4987736b74be2be1a6c5	9103812	SINGLE
SRR10554170	SAMN13423962	SRX7236448	Microbe sample from Escherichia coli	NextSeq 500 sequencing: Barcode sequencing of E. coli evolving in antibiotics	587050	29352500	ftp.sra.ebi.ac.uk/vol1/fastq/SRR105/070/SRR10554170/SRR10554170.fastq.gz	50bda831c0fe6088b603e5a398d486c0	6860048	SINGLE
SRR10554171	SAMN13423961	SRX7236447	Microbe sample from Escherichia coli	NextSeq 500 sequencing: Barcode sequencing of E. coli evolving in antibiotics	592399	29619950	ftp.sra.ebi.ac.uk/vol1/fastq/SRR105/071/SRR10554171/SRR10554171.fastq.gz	56b71e534d471d3fb0871366c0f1a808	6765808	SINGLE
SRR10554177	SAMN13423956	SRX7236441	Microbe sample from Escherichia coli	NextSeq 500 sequencing: Barcode sequencing of E. coli evolving in antibiotics	670636	33531800	ftp.sra.ebi.ac.uk/vol1/fastq/SRR105/077/SRR10554177/SRR10554177.fastq.gz	03a2bb94b136c42e306c20496a141bc4	7214063	SINGLE
SRR10554179	SAMN13423954	SRX7236439	Microbe sample from Escherichia coli	NextSeq 500 sequencing: Barcode sequencing of E. coli evolving in antibiotics	780465	39023250	ftp.sra.ebi.ac.uk/vol1/fastq/SRR105/079/SRR10554179/SRR10554179.fastq.gz	a61133104515491a8be84912b483d934	9353839	SINGLE
SRR10554180	SAMN13423953	SRX7236438	Microbe sample from Escherichia coli	NextSeq 500 sequencing: Barcode sequencing of E. coli evolving in antibiotics	790180	39509000	ftp.sra.ebi.ac.uk/vol1/fastq/SRR105/080/SRR10554180/SRR10554180.fastq.gz	b56144096422102d9f85887d9c33f839	9185856	SINGLE
SRR10554182	SAMN13423951	SRX7236436	Microbe sample from Escherichia coli	NextSeq 500 sequencing: Barcode sequencing of E. coli evolving in antibiotics	769968	38498400	ftp.sra.ebi.ac.uk/vol1/fastq/SRR105/082/SRR10554182/SRR10554182.fastq.gz	b20e8b0a46022564a491f14094641338	9234434	SINGLE
SRR10554185	SAMN13423948	SRX7236433	Microbe sample from Escherichia coli	NextSeq 500 sequencing: Barcode sequencing of E. coli evolving in antibiotics	540522	27026100	ftp.sra.ebi.ac.uk/vol1/fastq/SRR105/085/SRR10554185/SRR10554185.fastq.gz	f5df73962ca3f30699b4974fe870ce07	5417340	SINGLE
SRR10554192	SAMN13423942	SRX7236426	Microbe sample from Escherichia coli	NextSeq 500 sequencing: Barcode sequencing of E. coli evolving in antibiotics	642474	32123700	ftp.sra.ebi.ac.uk/vol1/fastq/SRR105/092/SRR10554192/SRR10554192.fastq.gz	ccfee1af5989c6139d68a9196646e6bc	7322039	SINGLE
SRR10554196	SAMN13423938	SRX7236422	Microbe sample from Escherichia coli	NextSeq 500 sequencing: Barcode sequencing of E. coli evolving in antibiotics	680961	34048050	ftp.sra.ebi.ac.uk/vol1/fastq/SRR105/096/SRR10554196/SRR10554196.fastq.gz	716ddcd7412fb8858716bd74c90e0d3b	8220496	SINGLE
SRR10554200	SAMN13423935	SRX7236418	Microbe sample from Escherichia coli	NextSeq 500 sequencing: Barcode sequencing of E. coli evolving in antibiotics	671704	33585200	ftp.sra.ebi.ac.uk/vol1/fastq/SRR105/000/SRR10554200/SRR10554200.fastq.gz	c4caa6655378eb802d876a8a3a2df11f	8154217	SINGLE
SRR10554204	SAMN13423931	SRX7236414	Microbe sample from Escherichia coli	NextSeq 500 sequencing: Barcode sequencing of E. coli evolving in antibiotics	644970	32248500	ftp.sra.ebi.ac.uk/vol1/fastq/SRR105/004/SRR10554204/SRR10554204.fastq.gz	e7582eeddf09b50ca03bd960ef2886c1	8792686	SINGLE
SRR10554205	SAMN13423930	SRX7236413	Microbe sample from Escherichia coli	NextSeq 500 sequencing: Barcode sequencing of E. coli evolving in antibiotics	728602	36430100	ftp.sra.ebi.ac.uk/vol1/fastq/SRR105/005/SRR10554205/SRR10554205.fastq.gz	3f4f3b70aecbffc5707eefa5ae72a98b	10095769	SINGLE
SRR10554211	SAMN13423926	SRX7236407	Microbe sample from Escherichia coli	NextSeq 500 sequencing: Barcode sequencing of E. coli evolving in antibiotics	364525	18226250	ftp.sra.ebi.ac.uk/vol1/fastq/SRR105/011/SRR10554211/SRR10554211.fastq.gz	3301f8a04cd6b28076d04ac1819f23aa	4550438	SINGLE
SRR10554215	SAMN13423922	SRX7236403	Microbe sample from Escherichia coli	NextSeq 500 sequencing: Barcode sequencing of E. coli evolving in antibiotics	701184	35059200	ftp.sra.ebi.ac.uk/vol1/fastq/SRR105/015/SRR10554215/SRR10554215.fastq.gz	55fcdb9beb3e90e15c9c4f4bf319ffdb	9837462	SINGLE
SRR10554226	SAMN13423912	SRX7236392	Microbe sample from Escherichia coli	NextSeq 500 sequencing: Barcode sequencing of E. coli evolving in antibiotics	719467	35973350	ftp.sra.ebi.ac.uk/vol1/fastq/SRR105/026/SRR10554226/SRR10554226.fastq.gz	55d89fe0dadd7be81f6fd7f076fcf9dc	11790063	SINGLE
SRR10554227	SAMN13423911	SRX7236391	Microbe sample from Escherichia coli	NextSeq 500 sequencing: Barcode sequencing of E. coli evolving in antibiotics	715731	35786550	ftp.sra.ebi.ac.uk/vol1/fastq/SRR105/027/SRR10554227/SRR10554227.fastq.gz	b0b9a02a70e1f3e4f09e91d85c0313c5	12493337	SINGLE
SRR10554238	SAMN13423901	SRX7236380	Microbe sample from Escherichia coli	NextSeq 500 sequencing: Barcode sequencing of E. coli evolving in antibiotics	698337	41201883	ftp.sra.ebi.ac.uk/vol1/fastq/SRR105/038/SRR10554238/SRR10554238.fastq.gz	bddf2fc662670231b0f5f19af67f56e6	8607548	SINGLE
SRR10554240	SAMN13423899	SRX7236378	Microbe sample from Escherichia coli	NextSeq 500 sequencing: Barcode sequencing of E. coli evolving in antibiotics	699870	41292330	ftp.sra.ebi.ac.uk/vol1/fastq/SRR105/040/SRR10554240/SRR10554240.fastq.gz	4e7c1394a2eb1f7b7d037decbcd3dc3f	8213606	SINGLE
SRR10554243	SAMN13423564	SRX7236375	Microbe sample from Escherichia coli	NextSeq 500 sequencing: Barcode sequencing of E. coli evolving in antibiotics	586316	29315800	ftp.sra.ebi.ac.uk/vol1/fastq/SRR105/043/SRR10554243/SRR10554243.fastq.gz	500f52b8ea0adb8ab2b5db92e5adad1c	5681068	SINGLE
SRR10554246	SAMN13423894	SRX7236372	Microbe sample from Escherichia coli	NextSeq 500 sequencing: Barcode sequencing of E. coli evolving in antibiotics	727862	42943858	ftp.sra.ebi.ac.uk/vol1/fastq/SRR105/046/SRR10554246/SRR10554246.fastq.gz	d7af2e26638e40ded3ca1c84b91ab5b3	9288281	SINGLE
SRR10554267	SAMN13423875	SRX7236351	Microbe sample from Escherichia coli	NextSeq 500 sequencing: Barcode sequencing of E. coli evolving in antibiotics	984574	58089866	ftp.sra.ebi.ac.uk/vol1/fastq/SRR105/067/SRR10554267/SRR10554267.fastq.gz	c20558cc196ab0bb8e04dbc8850a7969	14486143	SINGLE
SRR10554272	SAMN13423870	SRX7236346	Microbe sample from Escherichia coli	NextSeq 500 sequencing: Barcode sequencing of E. coli evolving in antibiotics	1164271	68691989	ftp.sra.ebi.ac.uk/vol1/fastq/SRR105/072/SRR10554272/SRR10554272.fastq.gz	796aa4f1fb927a224e27497f2e1efaf6	17044153	SINGLE
SRR10554278	SAMN13423865	SRX7236340	Microbe sample from Escherichia coli	NextSeq 500 sequencing: Barcode sequencing of E. coli evolving in antibiotics	1141454	67345786	ftp.sra.ebi.ac.uk/vol1/fastq/SRR105/078/SRR10554278/SRR10554278.fastq.gz	546f20a2703a6690837ab2cf7295d294	16982010	SINGLE
SRR10554285	SAMN13423858	SRX7236333	Microbe sample from Escherichia coli	NextSeq 500 sequencing: Barcode sequencing of E. coli evolving in antibiotics	1163974	68674466	ftp.sra.ebi.ac.uk/vol1/fastq/SRR105/085/SRR10554285/SRR10554285.fastq.gz	65f3492e6175a2bd7034aef3564ca502	20616166	SINGLE
SRR10554288	SAMN13423856	SRX7236330	Microbe sample from Escherichia coli	NextSeq 500 sequencing: Barcode sequencing of E. coli evolving in antibiotics	1169604	69006636	ftp.sra.ebi.ac.uk/vol1/fastq/SRR105/088/SRR10554288/SRR10554288.fastq.gz	9f671d875db8f012902451f526a983ba	19492715	SINGLE
SRR10554291	SAMN13423853	SRX7236327	Microbe sample from Escherichia coli	NextSeq 500 sequencing: Barcode sequencing of E. coli evolving in antibiotics	143	8437	ftp.sra.ebi.ac.uk/vol1/fastq/SRR105/091/SRR10554291/SRR10554291.fastq.gz	04e8056d3d1490642496837b48a42d4a	2594	SINGLE
SRR10554295	SAMN13423849	SRX7236323	Microbe sample from Escherichia coli	NextSeq 500 sequencing: Barcode sequencing of E. coli evolving in antibiotics	1312747	77452073	ftp.sra.ebi.ac.uk/vol1/fastq/SRR105/095/SRR10554295/SRR10554295.fastq.gz	77fc30f2832c70c73a8f050d62987195	26981011	SINGLE
SRR10554301	SAMN13423844	SRX7236317	Microbe sample from Escherichia coli	NextSeq 500 sequencing: Barcode sequencing of E. coli evolving in antibiotics	1009583	59565397	ftp.sra.ebi.ac.uk/vol1/fastq/SRR105/001/SRR10554301/SRR10554301.fastq.gz	71cfefbf94684bb7a80049e89eae6b43	19684634	SINGLE
SRR10554303	SAMN13423842	SRX7236315	Microbe sample from Escherichia coli	NextSeq 500 sequencing: Barcode sequencing of E. coli evolving in antibiotics	578472	28923600	ftp.sra.ebi.ac.uk/vol1/fastq/SRR105/003/SRR10554303/SRR10554303.fastq.gz	fcc871433355ba97c4b120c9b6539f9e	6151569	SINGLE
SRR10554307	SAMN13423838	SRX7236311	Microbe sample from Escherichia coli	NextSeq 500 sequencing: Barcode sequencing of E. coli evolving in antibiotics	489259	24462950	ftp.sra.ebi.ac.uk/vol1/fastq/SRR105/007/SRR10554307/SRR10554307.fastq.gz	22ff665039566f5050a907eef82219a7	4995175	SINGLE
SRR10554310	SAMN13423836	SRX7236308	Microbe sample from Escherichia coli	NextSeq 500 sequencing: Barcode sequencing of E. coli evolving in antibiotics	488970	24448500	ftp.sra.ebi.ac.uk/vol1/fastq/SRR105/010/SRR10554310/SRR10554310.fastq.gz	0bd99a1a74462bf809338daf068e40c6	4537192	SINGLE
SRR10554315	SAMN13423831	SRX7236303	Microbe sample from Escherichia coli	NextSeq 500 sequencing: Barcode sequencing of E. coli evolving in antibiotics	538602	26930100	ftp.sra.ebi.ac.uk/vol1/fastq/SRR105/015/SRR10554315/SRR10554315.fastq.gz	663500543900ea069b1a626882fe4622	5886841	SINGLE
SRR10554323	SAMN13423825	SRX7236295	Microbe sample from Escherichia coli	NextSeq 500 sequencing: Barcode sequencing of E. coli evolving in antibiotics	563837	28191850	ftp.sra.ebi.ac.uk/vol1/fastq/SRR105/023/SRR10554323/SRR10554323.fastq.gz	06cea8022f1314a65c8949c33bdf3f88	6201566	SINGLE
SRR10554332	SAMN13423556	SRX7236286	Microbe sample from Escherichia coli	NextSeq 500 sequencing: Barcode sequencing of E. coli evolving in antibiotics	507262	25363100	ftp.sra.ebi.ac.uk/vol1/fastq/SRR105/032/SRR10554332/SRR10554332.fastq.gz	f5467d2691d3b25564ff1e9967e192cd	5095410	SINGLE
SRR10554337	SAMN13423812	SRX7236281	Microbe sample from Escherichia coli	NextSeq 500 sequencing: Barcode sequencing of E. coli evolving in antibiotics	642722	32136100	ftp.sra.ebi.ac.uk/vol1/fastq/SRR105/037/SRR10554337/SRR10554337.fastq.gz	9f270eb10e89a82987d4d978f78a8a0d	6941002	SINGLE
SRR10554348	SAMN13423802	SRX7236270	Microbe sample from Escherichia coli	NextSeq 500 sequencing: Barcode sequencing of E. coli evolving in antibiotics	762383	38119150	ftp.sra.ebi.ac.uk/vol1/fastq/SRR105/048/SRR10554348/SRR10554348.fastq.gz	657c5c18d168ce5890bf1d1d854b811c	9171210	SINGLE
SRR10554350	SAMN13423800	SRX7236268	Microbe sample from Escherichia coli	NextSeq 500 sequencing: Barcode sequencing of E. coli evolving in antibiotics	766077	38303850	ftp.sra.ebi.ac.uk/vol1/fastq/SRR105/050/SRR10554350/SRR10554350.fastq.gz	32ac7f0cb8a73526c0ad88267b749286	8339416	SINGLE
SRR10554351	SAMN13423799	SRX7236267	Microbe sample from Escherichia coli	NextSeq 500 sequencing: Barcode sequencing of E. coli evolving in antibiotics	753066	37653300	ftp.sra.ebi.ac.uk/vol1/fastq/SRR105/051/SRR10554351/SRR10554351.fastq.gz	6907434c7cc294bf2d51d29daf2787f0	9244835	SINGLE
SRR10554371	SAMN13423781	SRX7236247	Microbe sample from Escherichia coli	NextSeq 500 sequencing: Barcode sequencing of E. coli evolving in antibiotics	905999	45299950	ftp.sra.ebi.ac.uk/vol1/fastq/SRR105/071/SRR10554371/SRR10554371.fastq.gz	c44aaf3cb09e40c8d25d710c009e8569	15907008	SINGLE
SRR10554372	SAMN13423780	SRX7236246	Microbe sample from Escherichia coli	NextSeq 500 sequencing: Barcode sequencing of E. coli evolving in antibiotics	898324	44916200	ftp.sra.ebi.ac.uk/vol1/fastq/SRR105/072/SRR10554372/SRR10554372.fastq.gz	dc3442028ac22040ed5e5eb511c4b081	15081263	SINGLE
SRR10554381	SAMN13423772	SRX7236237	Microbe sample from Escherichia coli	NextSeq 500 sequencing: Barcode sequencing of E. coli evolving in antibiotics	590500	29525000	ftp.sra.ebi.ac.uk/vol1/fastq/SRR105/081/SRR10554381/SRR10554381.fastq.gz	b03b87a5e6fc1d07cf9e190f7275c761	6336728	SINGLE
SRR10554385	SAMN13423768	SRX7236233	Microbe sample from Escherichia coli	NextSeq 500 sequencing: Barcode sequencing of E. coli evolving in antibiotics	708893	35444650	ftp.sra.ebi.ac.uk/vol1/fastq/SRR105/085/SRR10554385/SRR10554385.fastq.gz	48a16a77f7b4def5e74caaeb49bdfdfd	7477335	SINGLE
SRR10554394	SAMN13423760	SRX7236224	Microbe sample from Escherichia coli	NextSeq 500 sequencing: Barcode sequencing of E. coli evolving in antibiotics	592076	29603800	ftp.sra.ebi.ac.uk/vol1/fastq/SRR105/094/SRR10554394/SRR10554394.fastq.gz	6846c252eff530dd9977244ab93e66d0	6409676	SINGLE
SRR10554395	SAMN13423759	SRX7236223	Microbe sample from Escherichia coli	NextSeq 500 sequencing: Barcode sequencing of E. coli evolving in antibiotics	584525	29226250	ftp.sra.ebi.ac.uk/vol1/fastq/SRR105/095/SRR10554395/SRR10554395.fastq.gz	4a1cf430a7481d8566b85f3d464bd030	6950385	SINGLE
SRR10554400	SAMN13423755	SRX7236218	Microbe sample from Escherichia coli	NextSeq 500 sequencing: Barcode sequencing of E. coli evolving in antibiotics	625134	31256700	ftp.sra.ebi.ac.uk/vol1/fastq/SRR105/000/SRR10554400/SRR10554400.fastq.gz	b5c6beef3f23dc8df8d8ff6fbe0637a7	8773013	SINGLE
SRR10554402	SAMN13423753	SRX7236216	Microbe sample from Escherichia coli	NextSeq 500 sequencing: Barcode sequencing of E. coli evolving in antibiotics	585878	29293900	ftp.sra.ebi.ac.uk/vol1/fastq/SRR105/002/SRR10554402/SRR10554402.fastq.gz	5f9ef76468f120e2743e1e848bc8cff1	6676326	SINGLE
SRR10554403	SAMN13423752	SRX7236215	Microbe sample from Escherichia coli	NextSeq 500 sequencing: Barcode sequencing of E. coli evolving in antibiotics	578772	28938600	ftp.sra.ebi.ac.uk/vol1/fastq/SRR105/003/SRR10554403/SRR10554403.fastq.gz	491e9fd4e20afcff305901954f283713	6205402	SINGLE
SRR10554406	SAMN13423749	SRX7236212	Microbe sample from Escherichia coli	NextSeq 500 sequencing: Barcode sequencing of E. coli evolving in antibiotics	619862	30993100	ftp.sra.ebi.ac.uk/vol1/fastq/SRR105/006/SRR10554406/SRR10554406.fastq.gz	52c4c2e75dde4c9fb1d5ecceb630040c	7182063	SINGLE
SRR10554414	SAMN13423742	SRX7236204	Microbe sample from Escherichia coli	NextSeq 500 sequencing: Barcode sequencing of E. coli evolving in antibiotics	624489	31224450	ftp.sra.ebi.ac.uk/vol1/fastq/SRR105/014/SRR10554414/SRR10554414.fastq.gz	7d0b5873d60311e515e1281d673e9a11	8325651	SINGLE
SRR10554418	SAMN13423738	SRX7236200	Microbe sample from Escherichia coli	NextSeq 500 sequencing: Barcode sequencing of E. coli evolving in antibiotics	773527	38676350	ftp.sra.ebi.ac.uk/vol1/fastq/SRR105/018/SRR10554418/SRR10554418.fastq.gz	e7c5497bc457c6be5caaf7ceadf998e3	9433244	SINGLE
SRR10554419	SAMN13423737	SRX7236199	Microbe sample from Escherichia coli	NextSeq 500 sequencing: Barcode sequencing of E. coli evolving in antibiotics	782518	39125900	ftp.sra.ebi.ac.uk/vol1/fastq/SRR105/019/SRR10554419/SRR10554419.fastq.gz	49abf59c9ba95fe4230b488efd7a01be	9368450	SINGLE
SRR10554424	SAMN13423733	SRX7236194	Microbe sample from Escherichia coli	NextSeq 500 sequencing: Barcode sequencing of E. coli evolving in antibiotics	732282	36614100	ftp.sra.ebi.ac.uk/vol1/fastq/SRR105/024/SRR10554424/SRR10554424.fastq.gz	9a01d057647650da58aa591f234815ce	8854486	SINGLE
SRR10554425	SAMN13423732	SRX7236193	Microbe sample from Escherichia coli	NextSeq 500 sequencing: Barcode sequencing of E. coli evolving in antibiotics	725796	36289800	ftp.sra.ebi.ac.uk/vol1/fastq/SRR105/025/SRR10554425/SRR10554425.fastq.gz	46a5bc76cf37692397a75148c1b7a2db	8272784	SINGLE
SRR10554432	SAMN13423529	SRX7236186	Microbe sample from Escherichia coli	NextSeq 500 sequencing: Barcode sequencing of E. coli evolving in antibiotics	687055	34352750	ftp.sra.ebi.ac.uk/vol1/fastq/SRR105/032/SRR10554432/SRR10554432.fastq.gz	0762d2e21192c4f46072a930e90a9cc3	10148789	SINGLE
SRR10554436	SAMN13423723	SRX7236182	Microbe sample from Escherichia coli	NextSeq 500 sequencing: Barcode sequencing of E. coli evolving in antibiotics	917970	45898500	ftp.sra.ebi.ac.uk/vol1/fastq/SRR105/036/SRR10554436/SRR10554436.fastq.gz	6801e3e4ee9ef31a824c016f5f7d2c11	16396047	SINGLE
SRR10554438	SAMN13423721	SRX7236180	Microbe sample from Escherichia coli	NextSeq 500 sequencing: Barcode sequencing of E. coli evolving in antibiotics	717821	35891050	ftp.sra.ebi.ac.uk/vol1/fastq/SRR105/038/SRR10554438/SRR10554438.fastq.gz	ed7bb91d1b6faf84170b451595abf6a3	12356205	SINGLE
SRR10554442	SAMN13423717	SRX7236176	Microbe sample from Escherichia coli	NextSeq 500 sequencing: Barcode sequencing of E. coli evolving in antibiotics	675890	39877510	ftp.sra.ebi.ac.uk/vol1/fastq/SRR105/042/SRR10554442/SRR10554442.fastq.gz	c21ca94025ef6f947e279e55c1aad24e	7833506	SINGLE
SRR10554450	SAMN13423710	SRX7236168	Microbe sample from Escherichia coli	NextSeq 500 sequencing: Barcode sequencing of E. coli evolving in antibiotics	651942	38464578	ftp.sra.ebi.ac.uk/vol1/fastq/SRR105/050/SRR10554450/SRR10554450.fastq.gz	6c41c9b264e35c7b7e80e13bc7129776	7715102	SINGLE
SRR10554451	SAMN13423709	SRX7236167	Microbe sample from Escherichia coli	NextSeq 500 sequencing: Barcode sequencing of E. coli evolving in antibiotics	656575	38737925	ftp.sra.ebi.ac.uk/vol1/fastq/SRR105/051/SRR10554451/SRR10554451.fastq.gz	b797b6a67b1d966009e1382f359966fd	7715851	SINGLE
SRR10554459	SAMN13423702	SRX7236159	Microbe sample from Escherichia coli	NextSeq 500 sequencing: Barcode sequencing of E. coli evolving in antibiotics	1034470	61033730	ftp.sra.ebi.ac.uk/vol1/fastq/SRR105/059/SRR10554459/SRR10554459.fastq.gz	d376062bcb0370e4543dac5bb52b91f5	15199728	SINGLE
SRR10554463	SAMN13423698	SRX7236155	Microbe sample from Escherichia coli	NextSeq 500 sequencing: Barcode sequencing of E. coli evolving in antibiotics	1725233	101788747	ftp.sra.ebi.ac.uk/vol1/fastq/SRR105/063/SRR10554463/SRR10554463.fastq.gz	6f0d9d66d476b09ccaaa259a8719840d	25458066	SINGLE
SRR10554464	SAMN13423697	SRX7236154	Microbe sample from Escherichia coli	NextSeq 500 sequencing: Barcode sequencing of E. coli evolving in antibiotics	1749754	103235486	ftp.sra.ebi.ac.uk/vol1/fastq/SRR105/064/SRR10554464/SRR10554464.fastq.gz	44f9cab83ee9fb3adc03d89b7d8e7d3c	25823633	SINGLE
SRR10554465	SAMN13423544	SRX7236153	Microbe sample from Escherichia coli	NextSeq 500 sequencing: Barcode sequencing of E. coli evolving in antibiotics	651989	32599450	ftp.sra.ebi.ac.uk/vol1/fastq/SRR105/065/SRR10554465/SRR10554465.fastq.gz	8191434009e0cf7b34ca30a4bdec3fdf	6457510	SINGLE
SRR10554467	SAMN13423695	SRX7236151	Microbe sample from Escherichia coli	NextSeq 500 sequencing: Barcode sequencing of E. coli evolving in antibiotics	1770331	104449529	ftp.sra.ebi.ac.uk/vol1/fastq/SRR105/067/SRR10554467/SRR10554467.fastq.gz	21715195caa9c7392eb5352b070ed5f6	24899236	SINGLE
SRR10554469	SAMN13423693	SRX7236149	Microbe sample from Escherichia coli	NextSeq 500 sequencing: Barcode sequencing of E. coli evolving in antibiotics	703413	41501367	ftp.sra.ebi.ac.uk/vol1/fastq/SRR105/069/SRR10554469/SRR10554469.fastq.gz	e2129b3a9630695c2190cb9dbf2fb891	8863244	SINGLE
SRR10554473	SAMN13423689	SRX7236145	Microbe sample from Escherichia coli	NextSeq 500 sequencing: Barcode sequencing of E. coli evolving in antibiotics	546177	32224443	ftp.sra.ebi.ac.uk/vol1/fastq/SRR105/073/SRR10554473/SRR10554473.fastq.gz	3ce5861496183a4a8fdd8a8d4ffa438f	7299266	SINGLE
SRR10554475	SAMN13423687	SRX7236143	Microbe sample from Escherichia coli	NextSeq 500 sequencing: Barcode sequencing of E. coli evolving in antibiotics	557842	32912678	ftp.sra.ebi.ac.uk/vol1/fastq/SRR105/075/SRR10554475/SRR10554475.fastq.gz	593ded6a880ef1880696768957131fe3	6941650	SINGLE
SRR10554483	SAMN13424227	SRX7236743	Microbe sample from Escherichia coli	NextSeq 500 sequencing: Barcode sequencing of E. coli evolving in antibiotics	2232058	111602900	ftp.sra.ebi.ac.uk/vol1/fastq/SRR105/083/SRR10554483/SRR10554483.fastq.gz	c48e84f5f88826077b4ac8726eb08dc7	55784544	SINGLE
SRR10554485	SAMN13423534	SRX7236741	Microbe sample from Escherichia coli	NextSeq 500 sequencing: Barcode sequencing of E. coli evolving in antibiotics	616600	30830000	ftp.sra.ebi.ac.uk/vol1/fastq/SRR105/085/SRR10554485/SRR10554485.fastq.gz	a518b8164761173c639c4eb04153ddc9	7537633	SINGLE
SRR10554492	SAMN13424220	SRX7236734	Microbe sample from Escherichia coli	NextSeq 500 sequencing: Barcode sequencing of E. coli evolving in antibiotics	2570552	128527600	ftp.sra.ebi.ac.uk/vol1/fastq/SRR105/092/SRR10554492/SRR10554492.fastq.gz	ddd32ccdefb19b73d5b586064ef6f78d	62991660	SINGLE
SRR10554493	SAMN13424219	SRX7236733	Microbe sample from Escherichia coli	NextSeq 500 sequencing: Barcode sequencing of E. coli evolving in antibiotics	2616773	130838650	ftp.sra.ebi.ac.uk/vol1/fastq/SRR105/093/SRR10554493/SRR10554493.fastq.gz	f2d74bdc24579c59e8a35041ef3671e1	66203216	SINGLE
SRR10554495	SAMN13424217	SRX7236731	Microbe sample from Escherichia coli	NextSeq 500 sequencing: Barcode sequencing of E. coli evolving in antibiotics	2353336	117666800	ftp.sra.ebi.ac.uk/vol1/fastq/SRR105/095/SRR10554495/SRR10554495.fastq.gz	c9edb9b4b7c8b607c13c01c18fe46ae2	60828087	SINGLE
SRR10554500	SAMN13424213	SRX7236726	Microbe sample from Escherichia coli	NextSeq 500 sequencing: Barcode sequencing of E. coli evolving in antibiotics	819424	48346016	ftp.sra.ebi.ac.uk/vol1/fastq/SRR105/000/SRR10554500/SRR10554500.fastq.gz	4eb82e763667b95d93c3be4d294a2e72	11210359	SINGLE
SRR10554501	SAMN13424212	SRX7236725	Microbe sample from Escherichia coli	NextSeq 500 sequencing: Barcode sequencing of E. coli evolving in antibiotics	811913	47902867	ftp.sra.ebi.ac.uk/vol1/fastq/SRR105/001/SRR10554501/SRR10554501.fastq.gz	346a989ad04934ae4066deb712a35569	10307916	SINGLE
SRR10554515	SAMN13424199	SRX7236711	Microbe sample from Escherichia coli	NextSeq 500 sequencing: Barcode sequencing of E. coli evolving in antibiotics	865801	51082259	ftp.sra.ebi.ac.uk/vol1/fastq/SRR105/015/SRR10554515/SRR10554515.fastq.gz	35f814907bb18b7b9f3434652f257940	11694459	SINGLE
SRR10554516	SAMN13424198	SRX7236710	Microbe sample from Escherichia coli	NextSeq 500 sequencing: Barcode sequencing of E. coli evolving in antibiotics	906873	53505507	ftp.sra.ebi.ac.uk/vol1/fastq/SRR105/016/SRR10554516/SRR10554516.fastq.gz	3746b03da371ba333864d9a03d2d93e9	12833725	SINGLE
SRR10554530	SAMN13424186	SRX7236696	Microbe sample from Escherichia coli	NextSeq 500 sequencing: Barcode sequencing of E. coli evolving in antibiotics	917629	54140111	ftp.sra.ebi.ac.uk/vol1/fastq/SRR105/030/SRR10554530/SRR10554530.fastq.gz	5b315b288725c17f07108793839e50b2	14780899	SINGLE
SRR10554538	SAMN13424178	SRX7236688	Microbe sample from Escherichia coli	NextSeq 500 sequencing: Barcode sequencing of E. coli evolving in antibiotics	1274689	75206651	ftp.sra.ebi.ac.uk/vol1/fastq/SRR105/038/SRR10554538/SRR10554538.fastq.gz	8c648f1224da8d2416c2ec191c963bbb	20534655	SINGLE
SRR10554539	SAMN13424177	SRX7236687	Microbe sample from Escherichia coli	NextSeq 500 sequencing: Barcode sequencing of E. coli evolving in antibiotics	1288116	75998844	ftp.sra.ebi.ac.uk/vol1/fastq/SRR105/039/SRR10554539/SRR10554539.fastq.gz	648d00d7716140aeed16d1b2060b5316	20755520	SINGLE
SRR10554540	SAMN13423592	SRX7236686	Microbe sample from Escherichia coli	NextSeq 500 sequencing: Barcode sequencing of E. coli evolving in antibiotics	802375	40118750	ftp.sra.ebi.ac.uk/vol1/fastq/SRR105/040/SRR10554540/SRR10554540.fastq.gz	e408ea4364fb8d2c8e3fe1ce5d9642c4	11163156	SINGLE
SRR10554544	SAMN13424173	SRX7236682	Microbe sample from Escherichia coli	NextSeq 500 sequencing: Barcode sequencing of E. coli evolving in antibiotics	1330245	78484455	ftp.sra.ebi.ac.uk/vol1/fastq/SRR105/044/SRR10554544/SRR10554544.fastq.gz	703708f8a70a07be9f94fd9fa9e89f13	25740597	SINGLE
SRR10554547	SAMN13424170	SRX7236679	Microbe sample from Escherichia coli	NextSeq 500 sequencing: Barcode sequencing of E. coli evolving in antibiotics	1220972	72037348	ftp.sra.ebi.ac.uk/vol1/fastq/SRR105/047/SRR10554547/SRR10554547.fastq.gz	e48cc75639fa3886fd35713887172e42	23814005	SINGLE
SRR10554552	SAMN13424166	SRX7236674	Microbe sample from Escherichia coli	NextSeq 500 sequencing: Barcode sequencing of E. coli evolving in antibiotics	1220867	72031153	ftp.sra.ebi.ac.uk/vol1/fastq/SRR105/052/SRR10554552/SRR10554552.fastq.gz	35aa94da9f5526b93347925852be30b2	25105942	SINGLE
SRR10554553	SAMN13424165	SRX7236673	Microbe sample from Escherichia coli	NextSeq 500 sequencing: Barcode sequencing of E. coli evolving in antibiotics	1232997	72746823	ftp.sra.ebi.ac.uk/vol1/fastq/SRR105/053/SRR10554553/SRR10554553.fastq.gz	9b2ad00f0d5dc3c85708f72a5ea24506	25423470	SINGLE
SRR10554567	SAMN13424152	SRX7236659	Microbe sample from Escherichia coli	NextSeq 500 sequencing: Barcode sequencing of E. coli evolving in antibiotics	1099855	64891445	ftp.sra.ebi.ac.uk/vol1/fastq/SRR105/067/SRR10554567/SRR10554567.fastq.gz	f8b87cbd6e585adc8097308884bed9e8	21805361	SINGLE
SRR10554599	SAMN13424124	SRX7236627	Microbe sample from Escherichia coli	NextSeq 500 sequencing: Barcode sequencing of E. coli evolving in antibiotics	155	9145	ftp.sra.ebi.ac.uk/vol1/fastq/SRR105/099/SRR10554599/SRR10554599.fastq.gz	fe85e5031e95694f7a256ffb47334155	4669	SINGLE
SRR10554607	SAMN13423586	SRX7236619	Microbe sample from Escherichia coli	NextSeq 500 sequencing: Barcode sequencing of E. coli evolving in antibiotics	468161	23408050	ftp.sra.ebi.ac.uk/vol1/fastq/SRR105/007/SRR10554607/SRR10554607.fastq.gz	6a3a27f9e44a451761e284712f169315	4763730	SINGLE
SRR10554614	SAMN13424110	SRX7236612	Microbe sample from Escherichia coli	NextSeq 500 sequencing: Barcode sequencing of E. coli evolving in antibiotics	1199176	70751384	ftp.sra.ebi.ac.uk/vol1/fastq/SRR105/014/SRR10554614/SRR10554614.fastq.gz	8cbe3d2138d3aa3607bee1b42b269565	22152242	SINGLE
SRR10554626	SAMN13424099	SRX7236600	Microbe sample from Escherichia coli	NextSeq 500 sequencing: Barcode sequencing of E. coli evolving in antibiotics	1170915	69083985	ftp.sra.ebi.ac.uk/vol1/fastq/SRR105/026/SRR10554626/SRR10554626.fastq.gz	5193380acaa6fa40aaf8854d6d23bec6	23295691	SINGLE
SRR10554627	SAMN13424098	SRX7236599	Microbe sample from Escherichia coli	NextSeq 500 sequencing: Barcode sequencing of E. coli evolving in antibiotics	617	36403	ftp.sra.ebi.ac.uk/vol1/fastq/SRR105/027/SRR10554627/SRR10554627.fastq.gz	3ca69ad4f820ba0a75b882ba56dbe482	13797	SINGLE
SRR10554631	SAMN13424095	SRX7236595	Microbe sample from Escherichia coli	NextSeq 500 sequencing: Barcode sequencing of E. coli evolving in antibiotics	610	35990	ftp.sra.ebi.ac.uk/vol1/fastq/SRR105/031/SRR10554631/SRR10554631.fastq.gz	5a4b4915c6637fea005adbcdb0a262c1	13344	SINGLE
SRR10554634	SAMN13424092	SRX7236592	Microbe sample from Escherichia coli	NextSeq 500 sequencing: Barcode sequencing of E. coli evolving in antibiotics	1213746	71611014	ftp.sra.ebi.ac.uk/vol1/fastq/SRR105/034/SRR10554634/SRR10554634.fastq.gz	6e21dbdeb3deb99b06b79c0fff520964	23978449	SINGLE
SRR10554635	SAMN13424091	SRX7236591	Microbe sample from Escherichia coli	NextSeq 500 sequencing: Barcode sequencing of E. coli evolving in antibiotics	1247901	73626159	ftp.sra.ebi.ac.uk/vol1/fastq/SRR105/035/SRR10554635/SRR10554635.fastq.gz	490866a6e014a94e1277583edb360564	25201551	SINGLE
SRR10554637	SAMN13424089	SRX7236589	Microbe sample from Escherichia coli	NextSeq 500 sequencing: Barcode sequencing of E. coli evolving in antibiotics	893008	52687472	ftp.sra.ebi.ac.uk/vol1/fastq/SRR105/037/SRR10554637/SRR10554637.fastq.gz	a87a2a28faa77508545c299ef84216c6	18706341	SINGLE
SRR10554638	SAMN13424088	SRX7236588	Microbe sample from Escherichia coli	NextSeq 500 sequencing: Barcode sequencing of E. coli evolving in antibiotics	884042	52158478	ftp.sra.ebi.ac.uk/vol1/fastq/SRR105/038/SRR10554638/SRR10554638.fastq.gz	0f4cf5d724e789038d7fd11661b5f684	17516452	SINGLE
SRR10554640	SAMN13423583	SRX7236586	Microbe sample from Escherichia coli	NextSeq 500 sequencing: Barcode sequencing of E. coli evolving in antibiotics	465018	23250900	ftp.sra.ebi.ac.uk/vol1/fastq/SRR105/040/SRR10554640/SRR10554640.fastq.gz	430c4c606f9403f931795470b37d58f1	4774370	SINGLE
SRR10554641	SAMN13424086	SRX7236585	Microbe sample from Escherichia coli	NextSeq 500 sequencing: Barcode sequencing of E. coli evolving in antibiotics	1236422	61821100	ftp.sra.ebi.ac.uk/vol1/fastq/SRR105/041/SRR10554641/SRR10554641.fastq.gz	35d7146fcf32af7a81f37828427a50ab	23863176	SINGLE
SRR10554646	SAMN13424081	SRX7236580	Microbe sample from Escherichia coli	NextSeq 500 sequencing: Barcode sequencing of E. coli evolving in antibiotics	1773292	88664600	ftp.sra.ebi.ac.uk/vol1/fastq/SRR105/046/SRR10554646/SRR10554646.fastq.gz	3e7f1747908995a20b252a7eb276243a	34346332	SINGLE
SRR10554653	SAMN13424075	SRX7236573	Microbe sample from Escherichia coli	NextSeq 500 sequencing: Barcode sequencing of E. coli evolving in antibiotics	1188504	59425200	ftp.sra.ebi.ac.uk/vol1/fastq/SRR105/053/SRR10554653/SRR10554653.fastq.gz	c7d0a8c033ff59fce3418f1b7ed7c0ec	22515117	SINGLE
SRR10554655	SAMN13424073	SRX7236571	Microbe sample from Escherichia coli	NextSeq 500 sequencing: Barcode sequencing of E. coli evolving in antibiotics	1219410	60970500	ftp.sra.ebi.ac.uk/vol1/fastq/SRR105/055/SRR10554655/SRR10554655.fastq.gz	d05622f86a0b89b4de21b41ff4bd454e	24279624	SINGLE
SRR10554657	SAMN13424071	SRX7236569	Microbe sample from Escherichia coli	NextSeq 500 sequencing: Barcode sequencing of E. coli evolving in antibiotics	1266747	63337350	ftp.sra.ebi.ac.uk/vol1/fastq/SRR105/057/SRR10554657/SRR10554657.fastq.gz	47dfc1b671c7a6e606447d204e757df0	24722608	SINGLE
SRR10554659	SAMN13424069	SRX7236567	Microbe sample from Escherichia coli	NextSeq 500 sequencing: Barcode sequencing of E. coli evolving in antibiotics	1570526	78526300	ftp.sra.ebi.ac.uk/vol1/fastq/SRR105/059/SRR10554659/SRR10554659.fastq.gz	a610195da3a22b433309523c52a808f1	35359336	SINGLE
SRR10554661	SAMN13424067	SRX7236565	Microbe sample from Escherichia coli	NextSeq 500 sequencing: Barcode sequencing of E. coli evolving in antibiotics	1649785	82489250	ftp.sra.ebi.ac.uk/vol1/fastq/SRR105/061/SRR10554661/SRR10554661.fastq.gz	fe045ca5d95e5b1232a795ecc6049b52	36530171	SINGLE
SRR10554664	SAMN13424065	SRX7236562	Microbe sample from Escherichia coli	NextSeq 500 sequencing: Barcode sequencing of E. coli evolving in antibiotics	1250181	62509050	ftp.sra.ebi.ac.uk/vol1/fastq/SRR105/064/SRR10554664/SRR10554664.fastq.gz	29eb35863afd12c9c1930a0afed099fc	23216397	SINGLE
SRR10554667	SAMN13424062	SRX7236559	Microbe sample from Escherichia coli	NextSeq 500 sequencing: Barcode sequencing of E. coli evolving in antibiotics	1141366	57068300	ftp.sra.ebi.ac.uk/vol1/fastq/SRR105/067/SRR10554667/SRR10554667.fastq.gz	807efb99f3ee9bb96d2d652e1ed4d33d	22104355	SINGLE
SRR10554674	SAMN13424056	SRX7236552	Microbe sample from Escherichia coli	NextSeq 500 sequencing: Barcode sequencing of E. coli evolving in antibiotics	1396241	69812050	ftp.sra.ebi.ac.uk/vol1/fastq/SRR105/074/SRR10554674/SRR10554674.fastq.gz	1f711e125cd71df9204b7e44f0668ae0	24333245	SINGLE
SRR10554676	SAMN13424054	SRX7236550	Microbe sample from Escherichia coli	NextSeq 500 sequencing: Barcode sequencing of E. coli evolving in antibiotics	1765862	88293100	ftp.sra.ebi.ac.uk/vol1/fastq/SRR105/076/SRR10554676/SRR10554676.fastq.gz	a39861ce134d490cbc8ce033710fdff2	36883365	SINGLE
SRR10554678	SAMN13424052	SRX7236548	Microbe sample from Escherichia coli	NextSeq 500 sequencing: Barcode sequencing of E. coli evolving in antibiotics	1860589	93029450	ftp.sra.ebi.ac.uk/vol1/fastq/SRR105/078/SRR10554678/SRR10554678.fastq.gz	1ff6cc2afcbb03ffc088007f9945cdc9	34858906	SINGLE
SRR10554686	SAMN13424045	SRX7236540	Microbe sample from Escherichia coli	NextSeq 500 sequencing: Barcode sequencing of E. coli evolving in antibiotics	2011751	100587550	ftp.sra.ebi.ac.uk/vol1/fastq/SRR105/086/SRR10554686/SRR10554686.fastq.gz	f4f2165edf74da4d660f2eb2d6dca744	42824764	SINGLE
SRR10554689	SAMN13424042	SRX7236537	Microbe sample from Escherichia coli	NextSeq 500 sequencing: Barcode sequencing of E. coli evolving in antibiotics	2048487	102424350	ftp.sra.ebi.ac.uk/vol1/fastq/SRR105/089/SRR10554689/SRR10554689.fastq.gz	fffe68554e9ea46d780a14fc8839f95e	54165158	SINGLE
SRR10554691	SAMN13424040	SRX7236535	Microbe sample from Escherichia coli	NextSeq 500 sequencing: Barcode sequencing of E. coli evolving in antibiotics	2171211	108560550	ftp.sra.ebi.ac.uk/vol1/fastq/SRR105/091/SRR10554691/SRR10554691.fastq.gz	1c5a1c3fee73ac51db80884c20340aa2	52998537	SINGLE
SRR10554696	SAMN13424036	SRX7236530	Microbe sample from Escherichia coli	NextSeq 500 sequencing: Barcode sequencing of E. coli evolving in antibiotics	2031701	101585050	ftp.sra.ebi.ac.uk/vol1/fastq/SRR105/096/SRR10554696/SRR10554696.fastq.gz	d165be2103a1810308776863daeddf7b	51129868	SINGLE
SRR10554701	SAMN13424031	SRX7236525	Microbe sample from Escherichia coli	NextSeq 500 sequencing: Barcode sequencing of E. coli evolving in antibiotics	610741	30537050	ftp.sra.ebi.ac.uk/vol1/fastq/SRR105/001/SRR10554701/SRR10554701.fastq.gz	09b2b57c8d7c2d5d8222ecb76862c0ca	7136045	SINGLE
SRR10554713	SAMN13424021	SRX7236513	Microbe sample from Escherichia coli	NextSeq 500 sequencing: Barcode sequencing of E. coli evolving in antibiotics	603402	30170100	ftp.sra.ebi.ac.uk/vol1/fastq/SRR105/013/SRR10554713/SRR10554713.fastq.gz	183ed8a5ddf7e25db45613e0dc6ce436	6964402	SINGLE
SRR10554721	SAMN13424014	SRX7236505	Microbe sample from Escherichia coli	NextSeq 500 sequencing: Barcode sequencing of E. coli evolving in antibiotics	575592	28779600	ftp.sra.ebi.ac.uk/vol1/fastq/SRR105/021/SRR10554721/SRR10554721.fastq.gz	3b8e5caa4200baa1c08a74e536b2d6ae	6908966	SINGLE
SRR10554722	SAMN13424013	SRX7236504	Microbe sample from Escherichia coli	NextSeq 500 sequencing: Barcode sequencing of E. coli evolving in antibiotics	582791	29139550	ftp.sra.ebi.ac.uk/vol1/fastq/SRR105/022/SRR10554722/SRR10554722.fastq.gz	69f9eda341eec2b5e6bbd57a1157c4e5	6966379	SINGLE
SRR10554725	SAMN13424010	SRX7236501	Microbe sample from Escherichia coli	NextSeq 500 sequencing: Barcode sequencing of E. coli evolving in antibiotics	537576	26878800	ftp.sra.ebi.ac.uk/vol1/fastq/SRR105/025/SRR10554725/SRR10554725.fastq.gz	3f8882120ec83c9aac7869d2c1b22fab	6370024	SINGLE
SRR10554730	SAMN13424006	SRX7236496	Microbe sample from Escherichia coli	NextSeq 500 sequencing: Barcode sequencing of E. coli evolving in antibiotics	1672	83600	ftp.sra.ebi.ac.uk/vol1/fastq/SRR105/030/SRR10554730/SRR10554730.fastq.gz	d2cdaca14c22e59ebc2ad6266213f722	18760	SINGLE
SRR10554742	SAMN13423995	SRX7236484	Microbe sample from Escherichia coli	NextSeq 500 sequencing: Barcode sequencing of E. coli evolving in antibiotics	485386	24269300	ftp.sra.ebi.ac.uk/vol1/fastq/SRR105/042/SRR10554742/SRR10554742.fastq.gz	0de774c1db8e13afb4bc127cccd27351	7122238	SINGLE
SRR10554743	SAMN13423994	SRX7236483	Microbe sample from Escherichia coli	NextSeq 500 sequencing: Barcode sequencing of E. coli evolving in antibiotics	513194	25659700	ftp.sra.ebi.ac.uk/vol1/fastq/SRR105/043/SRR10554743/SRR10554743.fastq.gz	52290a0a593a50a418117bb420c4ce6f	6714662	SINGLE
SRR10554746	SAMN13423991	SRX7236480	Microbe sample from Escherichia coli	NextSeq 500 sequencing: Barcode sequencing of E. coli evolving in antibiotics	507563	25378150	ftp.sra.ebi.ac.uk/vol1/fastq/SRR105/046/SRR10554746/SRR10554746.fastq.gz	7d27b5d8ff32d82fa97d0ab1b09931b2	6872158	SINGLE
SRR10554747	SAMN13423990	SRX7236479	Microbe sample from Escherichia coli	NextSeq 500 sequencing: Barcode sequencing of E. coli evolving in antibiotics	738942	36947100	ftp.sra.ebi.ac.uk/vol1/fastq/SRR105/047/SRR10554747/SRR10554747.fastq.gz	d7563d9d16ee0f63f20fae2589dd4436	8981310	SINGLE
SRR10553806	SAMN13423685	SRX7236140	Microbe sample from Escherichia coli	NextSeq 500 sequencing: Barcode sequencing of E. coli evolving in antibiotics	535111	31571549	ftp.sra.ebi.ac.uk/vol1/fastq/SRR105/006/SRR10553806/SRR10553806.fastq.gz	c16e8c963e4c784a67daa1bd80b941ab	8046935	SINGLE
SRR10553807	SAMN13423684	SRX7236139	Microbe sample from Escherichia coli	NextSeq 500 sequencing: Barcode sequencing of E. coli evolving in antibiotics	537391	31706069	ftp.sra.ebi.ac.uk/vol1/fastq/SRR105/007/SRR10553807/SRR10553807.fastq.gz	eb00510824a60749a5939ce5b73347b1	7407037	SINGLE
SRR10553809	SAMN13423682	SRX7236137	Microbe sample from Escherichia coli	NextSeq 500 sequencing: Barcode sequencing of E. coli evolving in antibiotics	718828	42410852	ftp.sra.ebi.ac.uk/vol1/fastq/SRR105/009/SRR10553809/SRR10553809.fastq.gz	9b9377cc03337fadd149c8c3a2ea6be8	8295649	SINGLE
SRR10553814	SAMN13423677	SRX7236132	Microbe sample from Escherichia coli	NextSeq 500 sequencing: Barcode sequencing of E. coli evolving in antibiotics	763736	45060424	ftp.sra.ebi.ac.uk/vol1/fastq/SRR105/014/SRR10553814/SRR10553814.fastq.gz	a32dd194742903b30f95a0f58dcdc088	10907976	SINGLE
SRR10553817	SAMN13423675	SRX7236129	Microbe sample from Escherichia coli	NextSeq 500 sequencing: Barcode sequencing of E. coli evolving in antibiotics	770337	45449883	ftp.sra.ebi.ac.uk/vol1/fastq/SRR105/017/SRR10553817/SRR10553817.fastq.gz	fc6265772e7ed2f40c704da195d4e36c	10536001	SINGLE
SRR10553823	SAMN13423669	SRX7236123	Microbe sample from Escherichia coli	NextSeq 500 sequencing: Barcode sequencing of E. coli evolving in antibiotics	748166	44141794	ftp.sra.ebi.ac.uk/vol1/fastq/SRR105/023/SRR10553823/SRR10553823.fastq.gz	b5bdcb41ffa9fac2cef2ccfee2ea024a	9867561	SINGLE
SRR10553826	SAMN13423541	SRX7236120	Microbe sample from Escherichia coli	NextSeq 500 sequencing: Barcode sequencing of E. coli evolving in antibiotics	516210	25810500	ftp.sra.ebi.ac.uk/vol1/fastq/SRR105/026/SRR10553826/SRR10553826.fastq.gz	fcecc37ddea8cadd93afec376e56089e	5051258	SINGLE
SRR10553836	SAMN13423657	SRX7236110	Microbe sample from Escherichia coli	NextSeq 500 sequencing: Barcode sequencing of E. coli evolving in antibiotics	17453	1029727	ftp.sra.ebi.ac.uk/vol1/fastq/SRR105/036/SRR10553836/SRR10553836.fastq.gz	94341e901eb7a0303b58dafc950c9b70	327310	SINGLE
SRR10553849	SAMN13423646	SRX7236097	Microbe sample from Escherichia coli	NextSeq 500 sequencing: Barcode sequencing of E. coli evolving in antibiotics	470371	23518550	ftp.sra.ebi.ac.uk/vol1/fastq/SRR105/049/SRR10553849/SRR10553849.fastq.gz	d92324f0f83e36b1d8a9e4e7bcf464b8	4853536	SINGLE
SRR10553856	SAMN13423639	SRX7236090	Microbe sample from Escherichia coli	NextSeq 500 sequencing: Barcode sequencing of E. coli evolving in antibiotics	68708	3435400	ftp.sra.ebi.ac.uk/vol1/fastq/SRR105/056/SRR10553856/SRR10553856.fastq.gz	1ecad6701062f8b655a08257031d42e7	711718	SINGLE
SRR10553870	SAMN13423625	SRX7236076	Microbe sample from Escherichia coli	NextSeq 500 sequencing: Barcode sequencing of E. coli evolving in antibiotics	451935	22596750	ftp.sra.ebi.ac.uk/vol1/fastq/SRR105/070/SRR10553870/SRR10553870.fastq.gz	da55b41802d12ff6ac0a0cc2aa36b0bc	4414112	SINGLE
SRR10553876	SAMN13424468	SRX7236070	Microbe sample from Escherichia coli	NextSeq 500 sequencing: Barcode sequencing of E. coli evolving in antibiotics	2640977	132048850	ftp.sra.ebi.ac.uk/vol1/fastq/SRR105/076/SRR10553876/SRR10553876.fastq.gz	d8b9cf9517082005cafcdee0ab748289	46758042	SINGLE
SRR10553881	SAMN13424464	SRX7236065	Microbe sample from Escherichia coli	NextSeq 500 sequencing: Barcode sequencing of E. coli evolving in antibiotics	2047537	102376850	ftp.sra.ebi.ac.uk/vol1/fastq/SRR105/081/SRR10553881/SRR10553881.fastq.gz	e4e7cf95734d615b05b6f6eae731efc8	38740273	SINGLE
SRR10553887	SAMN13424458	SRX7236059	Microbe sample from Escherichia coli	NextSeq 500 sequencing: Barcode sequencing of E. coli evolving in antibiotics	3325081	166254050	ftp.sra.ebi.ac.uk/vol1/fastq/SRR105/087/SRR10553887/SRR10553887.fastq.gz	035df578b65ec41c3510a344c29df448	69941861	SINGLE
SRR10553888	SAMN13424457	SRX7236058	Microbe sample from Escherichia coli	NextSeq 500 sequencing: Barcode sequencing of E. coli evolving in antibiotics	3518564	175928200	ftp.sra.ebi.ac.uk/vol1/fastq/SRR105/088/SRR10553888/SRR10553888.fastq.gz	648172ed7b08d63cbf28eb0ef4fffd13	71381096	SINGLE
SRR10553889	SAMN13423620	SRX7236057	Microbe sample from Escherichia coli	NextSeq 500 sequencing: Barcode sequencing of E. coli evolving in antibiotics	447152	22357600	ftp.sra.ebi.ac.uk/vol1/fastq/SRR105/089/SRR10553889/SRR10553889.fastq.gz	bc87159a3345b1ff95accd0d5d474b8a	4459225	SINGLE
SRR10553892	SAMN13424454	SRX7236054	Microbe sample from Escherichia coli	NextSeq 500 sequencing: Barcode sequencing of E. coli evolving in antibiotics	1959405	97970250	ftp.sra.ebi.ac.uk/vol1/fastq/SRR105/092/SRR10553892/SRR10553892.fastq.gz	fbb4afa399c3e7b2feaa2d80593c7c04	42565059	SINGLE
SRR10553901	SAMN13424446	SRX7236045	Microbe sample from Escherichia coli	NextSeq 500 sequencing: Barcode sequencing of E. coli evolving in antibiotics	1834362	91718100	ftp.sra.ebi.ac.uk/vol1/fastq/SRR105/001/SRR10553901/SRR10553901.fastq.gz	bbeeaf95191164bae2bc020f014765f8	37308024	SINGLE
SRR10553909	SAMN13424438	SRX7236037	Microbe sample from Escherichia coli	NextSeq 500 sequencing: Barcode sequencing of E. coli evolving in antibiotics	2021131	101056550	ftp.sra.ebi.ac.uk/vol1/fastq/SRR105/009/SRR10553909/SRR10553909.fastq.gz	cae71fdd08595eae266803aa3be71a00	41807058	SINGLE
SRR10553910	SAMN13424437	SRX7236036	Microbe sample from Escherichia coli	NextSeq 500 sequencing: Barcode sequencing of E. coli evolving in antibiotics	2111041	105552050	ftp.sra.ebi.ac.uk/vol1/fastq/SRR105/010/SRR10553910/SRR10553910.fastq.gz	da630ad8fc62fcf2adb1024c56b3c503	42282093	SINGLE
SRR10553912	SAMN13424436	SRX7236034	Microbe sample from Escherichia coli	NextSeq 500 sequencing: Barcode sequencing of E. coli evolving in antibiotics	2128501	106425050	ftp.sra.ebi.ac.uk/vol1/fastq/SRR105/012/SRR10553912/SRR10553912.fastq.gz	0abcf16e2d5bca9434a170de446ecb67	39441093	SINGLE
SRR10553915	SAMN13424433	SRX7236031	Microbe sample from Escherichia coli	NextSeq 500 sequencing: Barcode sequencing of E. coli evolving in antibiotics	1864577	93228850	ftp.sra.ebi.ac.uk/vol1/fastq/SRR105/015/SRR10553915/SRR10553915.fastq.gz	1a0afcf9bd27220f055815b1d2201c25	37054486	SINGLE
SRR10553921	SAMN13424427	SRX7236025	Microbe sample from Escherichia coli	NextSeq 500 sequencing: Barcode sequencing of E. coli evolving in antibiotics	2256257	112812850	ftp.sra.ebi.ac.uk/vol1/fastq/SRR105/021/SRR10553921/SRR10553921.fastq.gz	a7e7527466e0df56c4633efde193bad9	44080190	SINGLE
SRR10553928	SAMN13424422	SRX7236018	Microbe sample from Escherichia coli	NextSeq 500 sequencing: Barcode sequencing of E. coli evolving in antibiotics	2882700	144135000	ftp.sra.ebi.ac.uk/vol1/fastq/SRR105/028/SRR10553928/SRR10553928.fastq.gz	06a2e81264b8c86ae5b46db10ce58c57	67608980	SINGLE
SRR10553931	SAMN13424419	SRX7236015	Microbe sample from Escherichia coli	NextSeq 500 sequencing: Barcode sequencing of E. coli evolving in antibiotics	3105567	155278350	ftp.sra.ebi.ac.uk/vol1/fastq/SRR105/031/SRR10553931/SRR10553931.fastq.gz	e7b39323d33812acb97382b0680ad3cc	68862466	SINGLE
SRR10553932	SAMN13424418	SRX7236014	Microbe sample from Escherichia coli	NextSeq 500 sequencing: Barcode sequencing of E. coli evolving in antibiotics	2323767	116188350	ftp.sra.ebi.ac.uk/vol1/fastq/SRR105/032/SRR10553932/SRR10553932.fastq.gz	dcc3050ef5269488532b786155b5d1ab	62719724	SINGLE
SRR10553936	SAMN13424415	SRX7236010	Microbe sample from Escherichia coli	NextSeq 500 sequencing: Barcode sequencing of E. coli evolving in antibiotics	2555289	127764450	ftp.sra.ebi.ac.uk/vol1/fastq/SRR105/036/SRR10553936/SRR10553936.fastq.gz	ea7cb21727fd1d80a6d0cda33a9e62ab	65472308	SINGLE
SRR10553940	SAMN13424411	SRX7236006	Microbe sample from Escherichia coli	NextSeq 500 sequencing: Barcode sequencing of E. coli evolving in antibiotics	3346321	167316050	ftp.sra.ebi.ac.uk/vol1/fastq/SRR105/040/SRR10553940/SRR10553940.fastq.gz	54caabbc9b8d648700dba55edd96cfb9	84042456	SINGLE
SRR10553946	SAMN13424406	SRX7236000	Microbe sample from Escherichia coli	NextSeq 500 sequencing: Barcode sequencing of E. coli evolving in antibiotics	903429	53302311	ftp.sra.ebi.ac.uk/vol1/fastq/SRR105/046/SRR10553946/SRR10553946.fastq.gz	052d7030fdb60a8167f50fac368b2b9d	12523887	SINGLE
SRR10553948	SAMN13424404	SRX7235998	Microbe sample from Escherichia coli	NextSeq 500 sequencing: Barcode sequencing of E. coli evolving in antibiotics	904205	53348095	ftp.sra.ebi.ac.uk/vol1/fastq/SRR105/048/SRR10553948/SRR10553948.fastq.gz	51aacfb36252aa0ad9ee7e9db11ec77f	11742300	SINGLE
SRR10553949	SAMN13424403	SRX7235997	Microbe sample from Escherichia coli	NextSeq 500 sequencing: Barcode sequencing of E. coli evolving in antibiotics	924468	54543612	ftp.sra.ebi.ac.uk/vol1/fastq/SRR105/049/SRR10553949/SRR10553949.fastq.gz	1d15b761b4a6648d74f19994f539db8b	12343023	SINGLE
SRR10553952	SAMN13424400	SRX7235994	Microbe sample from Escherichia coli	NextSeq 500 sequencing: Barcode sequencing of E. coli evolving in antibiotics	915708	54026772	ftp.sra.ebi.ac.uk/vol1/fastq/SRR105/052/SRR10553952/SRR10553952.fastq.gz	6c3d378a24f4c661d2f297420b968425	11641022	SINGLE
SRR10553954	SAMN13424398	SRX7235992	Microbe sample from Escherichia coli	NextSeq 500 sequencing: Barcode sequencing of E. coli evolving in antibiotics	848794	50078846	ftp.sra.ebi.ac.uk/vol1/fastq/SRR105/054/SRR10553954/SRR10553954.fastq.gz	195d758de0597a5584ba7fc20c15abdd	11837044	SINGLE
SRR10553956	SAMN13423614	SRX7235990	Microbe sample from Escherichia coli	NextSeq 500 sequencing: Barcode sequencing of E. coli evolving in antibiotics	366367	18318350	ftp.sra.ebi.ac.uk/vol1/fastq/SRR105/056/SRR10553956/SRR10553956.fastq.gz	2b796c1f37b363114f3d611f6417639d	4428738	SINGLE
SRR10553961	SAMN13424392	SRX7235985	Microbe sample from Escherichia coli	NextSeq 500 sequencing: Barcode sequencing of E. coli evolving in antibiotics	892774	52673666	ftp.sra.ebi.ac.uk/vol1/fastq/SRR105/061/SRR10553961/SRR10553961.fastq.gz	795f752b675d3a0325012fcee7d83461	11579473	SINGLE
SRR10553965	SAMN13424388	SRX7235981	Microbe sample from Escherichia coli	NextSeq 500 sequencing: Barcode sequencing of E. coli evolving in antibiotics	855548	50477332	ftp.sra.ebi.ac.uk/vol1/fastq/SRR105/065/SRR10553965/SRR10553965.fastq.gz	a2698a51dae4a96ec5655ab91304870f	11527723	SINGLE
SRR10553969	SAMN13424385	SRX7235977	Microbe sample from Escherichia coli	NextSeq 500 sequencing: Barcode sequencing of E. coli evolving in antibiotics	888480	52420320	ftp.sra.ebi.ac.uk/vol1/fastq/SRR105/069/SRR10553969/SRR10553969.fastq.gz	998404c425712e40eefe69aa364106b4	12553983	SINGLE
SRR10553970	SAMN13424384	SRX7235976	Microbe sample from Escherichia coli	NextSeq 500 sequencing: Barcode sequencing of E. coli evolving in antibiotics	880447	51946373	ftp.sra.ebi.ac.uk/vol1/fastq/SRR105/070/SRR10553970/SRR10553970.fastq.gz	58852bc01dc7223669f7c2b0d0b8d9d6	11507192	SINGLE
SRR10553972	SAMN13424382	SRX7235974	Microbe sample from Escherichia coli	NextSeq 500 sequencing: Barcode sequencing of E. coli evolving in antibiotics	884759	52200781	ftp.sra.ebi.ac.uk/vol1/fastq/SRR105/072/SRR10553972/SRR10553972.fastq.gz	d81e7600e80a944bb4b57f414cacca08	12980967	SINGLE
SRR10553973	SAMN13424381	SRX7235973	Microbe sample from Escherichia coli	NextSeq 500 sequencing: Barcode sequencing of E. coli evolving in antibiotics	895189	52816151	ftp.sra.ebi.ac.uk/vol1/fastq/SRR105/073/SRR10553973/SRR10553973.fastq.gz	395eb061c8e521b2fa1a749f40b9edd8	13263156	SINGLE
SRR10553979	SAMN13424376	SRX7235967	Microbe sample from Escherichia coli	NextSeq 500 sequencing: Barcode sequencing of E. coli evolving in antibiotics	844336	49815824	ftp.sra.ebi.ac.uk/vol1/fastq/SRR105/079/SRR10553979/SRR10553979.fastq.gz	d35c4d18df8a1b0d8a3bc03680838127	12269499	SINGLE
SRR10553982	SAMN13424373	SRX7235964	Microbe sample from Escherichia coli	NextSeq 500 sequencing: Barcode sequencing of E. coli evolving in antibiotics	873431	51532429	ftp.sra.ebi.ac.uk/vol1/fastq/SRR105/082/SRR10553982/SRR10553982.fastq.gz	312668fca44c717c1f9fbd102255a617	14491785	SINGLE
SRR10553985	SAMN13424370	SRX7235961	Microbe sample from Escherichia coli	NextSeq 500 sequencing: Barcode sequencing of E. coli evolving in antibiotics	377119	22250021	ftp.sra.ebi.ac.uk/vol1/fastq/SRR105/085/SRR10553985/SRR10553985.fastq.gz	4d1c5a2f51fa449b0f72e4216d958d57	5619432	SINGLE
SRR10553996	SAMN13424360	SRX7235950	Microbe sample from Escherichia coli	NextSeq 500 sequencing: Barcode sequencing of E. coli evolving in antibiotics	1189809	70198731	ftp.sra.ebi.ac.uk/vol1/fastq/SRR105/096/SRR10553996/SRR10553996.fastq.gz	a65abd36456c4a3873d64049c9019da6	17689870	SINGLE
SRR10553999	SAMN13424357	SRX7235947	Microbe sample from Escherichia coli	NextSeq 500 sequencing: Barcode sequencing of E. coli evolving in antibiotics	909375	53653125	ftp.sra.ebi.ac.uk/vol1/fastq/SRR105/099/SRR10553999/SRR10553999.fastq.gz	bab1dd02076b7f83dcf196bddeb7836d	16054674	SINGLE
SRR10554004	SAMN13424353	SRX7235942	Microbe sample from Escherichia coli	NextSeq 500 sequencing: Barcode sequencing of E. coli evolving in antibiotics	1187684	70073356	ftp.sra.ebi.ac.uk/vol1/fastq/SRR105/004/SRR10554004/SRR10554004.fastq.gz	22c1d192ffcc02e9485ecbb8482b3734	24476231	SINGLE
SRR10554025	SAMN13424334	SRX7235921	Microbe sample from Escherichia coli	NextSeq 500 sequencing: Barcode sequencing of E. coli evolving in antibiotics	1026265	60549635	ftp.sra.ebi.ac.uk/vol1/fastq/SRR105/025/SRR10554025/SRR10554025.fastq.gz	be14e44cf4d261d6a2d7d6ed47758af0	13772391	SINGLE
SRR10554033	SAMN13423607	SRX7235913	Microbe sample from Escherichia coli	NextSeq 500 sequencing: Barcode sequencing of E. coli evolving in antibiotics	555818	27790900	ftp.sra.ebi.ac.uk/vol1/fastq/SRR105/033/SRR10554033/SRR10554033.fastq.gz	ea7925b3dbc43400fbcd913e05679c5f	6968508	SINGLE
SRR10554042	SAMN13424319	SRX7235904	Microbe sample from Escherichia coli	NextSeq 500 sequencing: Barcode sequencing of E. coli evolving in antibiotics	1061734	62642306	ftp.sra.ebi.ac.uk/vol1/fastq/SRR105/042/SRR10554042/SRR10554042.fastq.gz	3b34edb9f94faa7a3b91f77a60b2ad14	14165901	SINGLE
SRR10554043	SAMN13424318	SRX7235903	Microbe sample from Escherichia coli	NextSeq 500 sequencing: Barcode sequencing of E. coli evolving in antibiotics	954016	56286944	ftp.sra.ebi.ac.uk/vol1/fastq/SRR105/043/SRR10554043/SRR10554043.fastq.gz	8a934a0e8690b47e80f1c62652722913	13221841	SINGLE
SRR10554044	SAMN13424317	SRX7235902	Microbe sample from Escherichia coli	NextSeq 500 sequencing: Barcode sequencing of E. coli evolving in antibiotics	967764	57098076	ftp.sra.ebi.ac.uk/vol1/fastq/SRR105/044/SRR10554044/SRR10554044.fastq.gz	1d1ca4e999592b1cbd669e4bd48bdd85	13369737	SINGLE
SRR10554049	SAMN13424313	SRX7235897	Microbe sample from Escherichia coli	NextSeq 500 sequencing: Barcode sequencing of E. coli evolving in antibiotics	341212	20131508	ftp.sra.ebi.ac.uk/vol1/fastq/SRR105/049/SRR10554049/SRR10554049.fastq.gz	196ddd29492b72fc12ce42c47220e188	5313394	SINGLE
SRR10554056	SAMN13423605	SRX7235890	Microbe sample from Escherichia coli	NextSeq 500 sequencing: Barcode sequencing of E. coli evolving in antibiotics	452768	22638400	ftp.sra.ebi.ac.uk/vol1/fastq/SRR105/056/SRR10554056/SRR10554056.fastq.gz	cbc9099b80e4fe3f4350aa9c753d3acb	4454963	SINGLE
SRR10554058	SAMN13424305	SRX7235888	Microbe sample from Escherichia coli	NextSeq 500 sequencing: Barcode sequencing of E. coli evolving in antibiotics	1128245	66566455	ftp.sra.ebi.ac.uk/vol1/fastq/SRR105/058/SRR10554058/SRR10554058.fastq.gz	c3b4458bd8e49425fbc188d738120a0c	16544555	SINGLE
SRR10554074	SAMN13424290	SRX7235872	Microbe sample from Escherichia coli	NextSeq 500 sequencing: Barcode sequencing of E. coli evolving in antibiotics	1231183	72639797	ftp.sra.ebi.ac.uk/vol1/fastq/SRR105/074/SRR10554074/SRR10554074.fastq.gz	0debd152c80d3eb3319a5ebf418179b5	25826595	SINGLE
SRR10554075	SAMN13424289	SRX7235871	Microbe sample from Escherichia coli	NextSeq 500 sequencing: Barcode sequencing of E. coli evolving in antibiotics	1251532	73840388	ftp.sra.ebi.ac.uk/vol1/fastq/SRR105/075/SRR10554075/SRR10554075.fastq.gz	15b776c2db701ae5608abec599dd709a	26272854	SINGLE
SRR10554077	SAMN13424287	SRX7235869	Microbe sample from Escherichia coli	NextSeq 500 sequencing: Barcode sequencing of E. coli evolving in antibiotics	1275244	75239396	ftp.sra.ebi.ac.uk/vol1/fastq/SRR105/077/SRR10554077/SRR10554077.fastq.gz	3af0905e50850b3384213cba2fab2a66	25850373	SINGLE
SRR10554078	SAMN13423603	SRX7235868	Microbe sample from Escherichia coli	NextSeq 500 sequencing: Barcode sequencing of E. coli evolving in antibiotics	442652	22132600	ftp.sra.ebi.ac.uk/vol1/fastq/SRR105/078/SRR10554078/SRR10554078.fastq.gz	3ec12c9727aeffbb6f2d6a8145796c65	4492782	SINGLE
SRR10554086	SAMN13424279	SRX7235860	Microbe sample from Escherichia coli	NextSeq 500 sequencing: Barcode sequencing of E. coli evolving in antibiotics	1263587	74551633	ftp.sra.ebi.ac.uk/vol1/fastq/SRR105/086/SRR10554086/SRR10554086.fastq.gz	5b05b19d041180ecd1884556effb86ef	25282712	SINGLE
SRR10554092	SAMN13424274	SRX7235854	Microbe sample from Escherichia coli	NextSeq 500 sequencing: Barcode sequencing of E. coli evolving in antibiotics	1807675	90383750	ftp.sra.ebi.ac.uk/vol1/fastq/SRR105/092/SRR10554092/SRR10554092.fastq.gz	18acecb9ad4054eea0ccd172f5b0f0dd	38957867	SINGLE
SRR10554099	SAMN13424267	SRX7235847	Microbe sample from Escherichia coli	NextSeq 500 sequencing: Barcode sequencing of E. coli evolving in antibiotics	2445870	122293500	ftp.sra.ebi.ac.uk/vol1/fastq/SRR105/099/SRR10554099/SRR10554099.fastq.gz	55f4aaf7060b62344f5407123696b27a	48525828	SINGLE
SRR10554100	SAMN13423601	SRX7235846	Microbe sample from Escherichia coli	NextSeq 500 sequencing: Barcode sequencing of E. coli evolving in antibiotics	559152	27957600	ftp.sra.ebi.ac.uk/vol1/fastq/SRR105/000/SRR10554100/SRR10554100.fastq.gz	c631b9b96ccf5ae2afdc9c1a78004519	5773296	SINGLE
SRR10554105	SAMN13424262	SRX7235841	Microbe sample from Escherichia coli	NextSeq 500 sequencing: Barcode sequencing of E. coli evolving in antibiotics	2154063	107703150	ftp.sra.ebi.ac.uk/vol1/fastq/SRR105/005/SRR10554105/SRR10554105.fastq.gz	821d32a5ac25f5b6842d333869a9f83f	47903760	SINGLE
SRR10554108	SAMN13424259	SRX7235838	Microbe sample from Escherichia coli	NextSeq 500 sequencing: Barcode sequencing of E. coli evolving in antibiotics	2407533	120376650	ftp.sra.ebi.ac.uk/vol1/fastq/SRR105/008/SRR10554108/SRR10554108.fastq.gz	8181bc8dfb46312b36c1dadca9c9b5b9	50893898	SINGLE
SRR10554110	SAMN13424257	SRX7235836	Microbe sample from Escherichia coli	NextSeq 500 sequencing: Barcode sequencing of E. coli evolving in antibiotics	2008340	100417000	ftp.sra.ebi.ac.uk/vol1/fastq/SRR105/010/SRR10554110/SRR10554110.fastq.gz	9490d0c1a02b1c9cf7df181eaef6c157	42572640	SINGLE
SRR10554111	SAMN13423600	SRX7235835	Microbe sample from Escherichia coli	NextSeq 500 sequencing: Barcode sequencing of E. coli evolving in antibiotics	550037	27501850	ftp.sra.ebi.ac.uk/vol1/fastq/SRR105/011/SRR10554111/SRR10554111.fastq.gz	d417f131cdee64061292debb636beb12	5307445	SINGLE
SRR10554113	SAMN13424255	SRX7235833	Microbe sample from Escherichia coli	NextSeq 500 sequencing: Barcode sequencing of E. coli evolving in antibiotics	2096990	104849500	ftp.sra.ebi.ac.uk/vol1/fastq/SRR105/013/SRR10554113/SRR10554113.fastq.gz	7edfe161d439792def1e2c5edc5e246b	43733297	SINGLE
SRR10554117	SAMN13424251	SRX7235829	Microbe sample from Escherichia coli	NextSeq 500 sequencing: Barcode sequencing of E. coli evolving in antibiotics	2175711	108785550	ftp.sra.ebi.ac.uk/vol1/fastq/SRR105/017/SRR10554117/SRR10554117.fastq.gz	c36e27c363386a0495b308daa43e4d3c	42691748	SINGLE
SRR10554130	SAMN13424239	SRX7235816	Microbe sample from Escherichia coli	NextSeq 500 sequencing: Barcode sequencing of E. coli evolving in antibiotics	2800277	140013850	ftp.sra.ebi.ac.uk/vol1/fastq/SRR105/030/SRR10554130/SRR10554130.fastq.gz	1ba10cec5071575e3db8ae3574ed2154	57388857	SINGLE
SRR10554135	SAMN13424235	SRX7235811	Microbe sample from Escherichia coli	NextSeq 500 sequencing: Barcode sequencing of E. coli evolving in antibiotics	2370343	118517150	ftp.sra.ebi.ac.uk/vol1/fastq/SRR105/035/SRR10554135/SRR10554135.fastq.gz	980faf809f35ac8096bf49a724d8afd2	51745670	SINGLE
SRR10554136	SAMN13424234	SRX7235810	Microbe sample from Escherichia coli	NextSeq 500 sequencing: Barcode sequencing of E. coli evolving in antibiotics	1886574	94328700	ftp.sra.ebi.ac.uk/vol1/fastq/SRR105/036/SRR10554136/SRR10554136.fastq.gz	0d5acd9b48edfaa97e29c680dda90700	47284984	SINGLE
SRR10554143	SAMN13423573	SRX7236475	Microbe sample from Escherichia coli	NextSeq 500 sequencing: Barcode sequencing of E. coli evolving in antibiotics	568295	28414750	ftp.sra.ebi.ac.uk/vol1/fastq/SRR105/043/SRR10554143/SRR10554143.fastq.gz	146784306799cebbf341aaa2cc67677e	5862971	SINGLE
SRR10554149	SAMN13423981	SRX7236469	Microbe sample from Escherichia coli	NextSeq 500 sequencing: Barcode sequencing of E. coli evolving in antibiotics	788365	39418250	ftp.sra.ebi.ac.uk/vol1/fastq/SRR105/049/SRR10554149/SRR10554149.fastq.gz	67a646320843acadd240fd0eb8ffcf60	10129746	SINGLE
SRR10554153	SAMN13423977	SRX7236465	Microbe sample from Escherichia coli	NextSeq 500 sequencing: Barcode sequencing of E. coli evolving in antibiotics	641266	32063300	ftp.sra.ebi.ac.uk/vol1/fastq/SRR105/053/SRR10554153/SRR10554153.fastq.gz	e28339be9a5229692191880de1ae9c1b	11048755	SINGLE
SRR10554154	SAMN13423572	SRX7236464	Microbe sample from Escherichia coli	NextSeq 500 sequencing: Barcode sequencing of E. coli evolving in antibiotics	559359	27967950	ftp.sra.ebi.ac.uk/vol1/fastq/SRR105/054/SRR10554154/SRR10554154.fastq.gz	f1ee74b9111e7cb14bcf4298855a390a	5376657	SINGLE
SRR10554162	SAMN13423969	SRX7236456	Microbe sample from Escherichia coli	NextSeq 500 sequencing: Barcode sequencing of E. coli evolving in antibiotics	636243	31812150	ftp.sra.ebi.ac.uk/vol1/fastq/SRR105/062/SRR10554162/SRR10554162.fastq.gz	06b21295ef31acbea96ee78b485cbdf6	7114296	SINGLE
SRR10554163	SAMN13423968	SRX7236455	Microbe sample from Escherichia coli	NextSeq 500 sequencing: Barcode sequencing of E. coli evolving in antibiotics	631489	31574450	ftp.sra.ebi.ac.uk/vol1/fastq/SRR105/063/SRR10554163/SRR10554163.fastq.gz	77af33de6260564e0f052e07ab3dc7c4	6602973	SINGLE
SRR10554167	SAMN13423965	SRX7236451	Microbe sample from Escherichia coli	NextSeq 500 sequencing: Barcode sequencing of E. coli evolving in antibiotics	806214	40310700	ftp.sra.ebi.ac.uk/vol1/fastq/SRR105/067/SRR10554167/SRR10554167.fastq.gz	980a1e5eeda80a7be4915256b58be2f9	9037793	SINGLE
SRR10554168	SAMN13423964	SRX7236450	Microbe sample from Escherichia coli	NextSeq 500 sequencing: Barcode sequencing of E. coli evolving in antibiotics	794097	39704850	ftp.sra.ebi.ac.uk/vol1/fastq/SRR105/068/SRR10554168/SRR10554168.fastq.gz	0424168da2b216f9d6f4469d6fcb25de	8323440	SINGLE
SRR10554176	SAMN13423570	SRX7236442	Microbe sample from Escherichia coli	NextSeq 500 sequencing: Barcode sequencing of E. coli evolving in antibiotics	627295	31364750	ftp.sra.ebi.ac.uk/vol1/fastq/SRR105/076/SRR10554176/SRR10554176.fastq.gz	15c162ba8984a1e2aadb7a7822c406b0	7272133	SINGLE
SRR10554178	SAMN13423955	SRX7236440	Microbe sample from Escherichia coli	NextSeq 500 sequencing: Barcode sequencing of E. coli evolving in antibiotics	658815	32940750	ftp.sra.ebi.ac.uk/vol1/fastq/SRR105/078/SRR10554178/SRR10554178.fastq.gz	f17d26cd17aef2695bf278dbf3976ca2	7833465	SINGLE
SRR10554202	SAMN13423933	SRX7236416	Microbe sample from Escherichia coli	NextSeq 500 sequencing: Barcode sequencing of E. coli evolving in antibiotics	660654	33032700	ftp.sra.ebi.ac.uk/vol1/fastq/SRR105/002/SRR10554202/SRR10554202.fastq.gz	e052f737fa1ce95f8dd591e0e9d09a75	8701812	SINGLE
SRR10554210	SAMN13423531	SRX7236408	Microbe sample from Escherichia coli	NextSeq 500 sequencing: Barcode sequencing of E. coli evolving in antibiotics	609843	30492150	ftp.sra.ebi.ac.uk/vol1/fastq/SRR105/010/SRR10554210/SRR10554210.fastq.gz	335e84c802ff1267eeaa85ecd290aae4	7525639	SINGLE
SRR10554213	SAMN13423924	SRX7236405	Microbe sample from Escherichia coli	NextSeq 500 sequencing: Barcode sequencing of E. coli evolving in antibiotics	364503	18225150	ftp.sra.ebi.ac.uk/vol1/fastq/SRR105/013/SRR10554213/SRR10554213.fastq.gz	bd780b68f90a63153e523da91f0a253d	4238081	SINGLE
SRR10554216	SAMN13423921	SRX7236402	Microbe sample from Escherichia coli	NextSeq 500 sequencing: Barcode sequencing of E. coli evolving in antibiotics	719586	35979300	ftp.sra.ebi.ac.uk/vol1/fastq/SRR105/016/SRR10554216/SRR10554216.fastq.gz	41e2c33122657c93b4cd8ecf132fffc7	9912513	SINGLE
SRR10554219	SAMN13423918	SRX7236399	Microbe sample from Escherichia coli	NextSeq 500 sequencing: Barcode sequencing of E. coli evolving in antibiotics	730481	36524050	ftp.sra.ebi.ac.uk/vol1/fastq/SRR105/019/SRR10554219/SRR10554219.fastq.gz	8a8059af572751f1729dd8cb109591d2	10885308	SINGLE
SRR10554224	SAMN13423914	SRX7236394	Microbe sample from Escherichia coli	NextSeq 500 sequencing: Barcode sequencing of E. coli evolving in antibiotics	719403	35970150	ftp.sra.ebi.ac.uk/vol1/fastq/SRR105/024/SRR10554224/SRR10554224.fastq.gz	76ea9da479def77e0908496a094e0ff9	12488926	SINGLE
SRR10554228	SAMN13423910	SRX7236390	Microbe sample from Escherichia coli	NextSeq 500 sequencing: Barcode sequencing of E. coli evolving in antibiotics	756255	37812750	ftp.sra.ebi.ac.uk/vol1/fastq/SRR105/028/SRR10554228/SRR10554228.fastq.gz	63c5b21fedc7e72d5ca15085bebc6b72	13449289	SINGLE
SRR10554231	SAMN13423907	SRX7236387	Microbe sample from Escherichia coli	NextSeq 500 sequencing: Barcode sequencing of E. coli evolving in antibiotics	748256	37412800	ftp.sra.ebi.ac.uk/vol1/fastq/SRR105/031/SRR10554231/SRR10554231.fastq.gz	c48d1e6ba0c212ce3b382897c795a1a2	13397427	SINGLE
SRR10554235	SAMN13423904	SRX7236383	Microbe sample from Escherichia coli	NextSeq 500 sequencing: Barcode sequencing of E. coli evolving in antibiotics	626561	36967099	ftp.sra.ebi.ac.uk/vol1/fastq/SRR105/035/SRR10554235/SRR10554235.fastq.gz	692ccaaedb78de24a27c936d3f946403	7067309	SINGLE
SRR10554237	SAMN13423902	SRX7236381	Microbe sample from Escherichia coli	NextSeq 500 sequencing: Barcode sequencing of E. coli evolving in antibiotics	689402	40674718	ftp.sra.ebi.ac.uk/vol1/fastq/SRR105/037/SRR10554237/SRR10554237.fastq.gz	4318668c4f710ab259c560aa7122ce48	8523975	SINGLE
SRR10554244	SAMN13423896	SRX7236374	Microbe sample from Escherichia coli	NextSeq 500 sequencing: Barcode sequencing of E. coli evolving in antibiotics	687857	40583563	ftp.sra.ebi.ac.uk/vol1/fastq/SRR105/044/SRR10554244/SRR10554244.fastq.gz	77f40f46ae5173bdf550785f9228dd08	7792073	SINGLE
SRR10554248	SAMN13423892	SRX7236370	Microbe sample from Escherichia coli	NextSeq 500 sequencing: Barcode sequencing of E. coli evolving in antibiotics	729381	43033479	ftp.sra.ebi.ac.uk/vol1/fastq/SRR105/048/SRR10554248/SRR10554248.fastq.gz	2071f050cc2608ed0c2c214cbf1c0ed1	8583816	SINGLE
SRR10554249	SAMN13423891	SRX7236369	Microbe sample from Escherichia coli	NextSeq 500 sequencing: Barcode sequencing of E. coli evolving in antibiotics	741975	43776525	ftp.sra.ebi.ac.uk/vol1/fastq/SRR105/049/SRR10554249/SRR10554249.fastq.gz	c9741e42ac207dde0740226ad26bfdc9	9008268	SINGLE
SRR10554261	SAMN13423880	SRX7236357	Microbe sample from Escherichia coli	NextSeq 500 sequencing: Barcode sequencing of E. coli evolving in antibiotics	809596	47766164	ftp.sra.ebi.ac.uk/vol1/fastq/SRR105/061/SRR10554261/SRR10554261.fastq.gz	9f867a63c6a9c06723bcaec065c71266	10289605	SINGLE
SRR10554264	SAMN13423877	SRX7236354	Microbe sample from Escherichia coli	NextSeq 500 sequencing: Barcode sequencing of E. coli evolving in antibiotics	961065	56702835	ftp.sra.ebi.ac.uk/vol1/fastq/SRR105/064/SRR10554264/SRR10554264.fastq.gz	6303bf038a49a326dcbec5e8654e7b27	14926109	SINGLE
SRR10554265	SAMN13423562	SRX7236353	Microbe sample from Escherichia coli	NextSeq 500 sequencing: Barcode sequencing of E. coli evolving in antibiotics	627890	31394500	ftp.sra.ebi.ac.uk/vol1/fastq/SRR105/065/SRR10554265/SRR10554265.fastq.gz	26830202fe7b6cbcec69cc251de6d6ea	6610373	SINGLE
SRR10554271	SAMN13423871	SRX7236347	Microbe sample from Escherichia coli	NextSeq 500 sequencing: Barcode sequencing of E. coli evolving in antibiotics	1014924	59880516	ftp.sra.ebi.ac.uk/vol1/fastq/SRR105/071/SRR10554271/SRR10554271.fastq.gz	3030327cc8c2d68c33c02b7f9abaa619	15156071	SINGLE
SRR10554274	SAMN13423868	SRX7236344	Microbe sample from Escherichia coli	NextSeq 500 sequencing: Barcode sequencing of E. coli evolving in antibiotics	1165837	68784383	ftp.sra.ebi.ac.uk/vol1/fastq/SRR105/074/SRR10554274/SRR10554274.fastq.gz	4d6e110128e52bfee53cc9e524d54c56	15882104	SINGLE
SRR10554283	SAMN13423860	SRX7236335	Microbe sample from Escherichia coli	NextSeq 500 sequencing: Barcode sequencing of E. coli evolving in antibiotics	1108765	65417135	ftp.sra.ebi.ac.uk/vol1/fastq/SRR105/083/SRR10554283/SRR10554283.fastq.gz	754e09d36224a4714841c5e6b8c16484	16175212	SINGLE
SRR10554284	SAMN13423859	SRX7236334	Microbe sample from Escherichia coli	NextSeq 500 sequencing: Barcode sequencing of E. coli evolving in antibiotics	1136954	67080286	ftp.sra.ebi.ac.uk/vol1/fastq/SRR105/084/SRR10554284/SRR10554284.fastq.gz	ba452a68e24f6c0b35c168bdd3c6dd1b	17013448	SINGLE
SRR10554302	SAMN13423843	SRX7236316	Microbe sample from Escherichia coli	NextSeq 500 sequencing: Barcode sequencing of E. coli evolving in antibiotics	1035438	61090842	ftp.sra.ebi.ac.uk/vol1/fastq/SRR105/002/SRR10554302/SRR10554302.fastq.gz	f3c2ac702b06e794a33b25dcbf8a6649	20634738	SINGLE
SRR10554304	SAMN13423841	SRX7236314	Microbe sample from Escherichia coli	NextSeq 500 sequencing: Barcode sequencing of E. coli evolving in antibiotics	586763	29338150	ftp.sra.ebi.ac.uk/vol1/fastq/SRR105/004/SRR10554304/SRR10554304.fastq.gz	5edde4356502ce08d57cc16fec581bbd	6123365	SINGLE
SRR10554305	SAMN13423840	SRX7236313	Microbe sample from Escherichia coli	NextSeq 500 sequencing: Barcode sequencing of E. coli evolving in antibiotics	579825	28991250	ftp.sra.ebi.ac.uk/vol1/fastq/SRR105/005/SRR10554305/SRR10554305.fastq.gz	65d87d63797ce3e25c4e4edcb6373573	5648680	SINGLE
SRR10554319	SAMN13423827	SRX7236299	Microbe sample from Escherichia coli	NextSeq 500 sequencing: Barcode sequencing of E. coli evolving in antibiotics	555083	27754150	ftp.sra.ebi.ac.uk/vol1/fastq/SRR105/019/SRR10554319/SRR10554319.fastq.gz	acab6bd67056863aa9cf456d3d98c7ae	5912025	SINGLE
SRR10554320	SAMN13423557	SRX7236298	Microbe sample from Escherichia coli	NextSeq 500 sequencing: Barcode sequencing of E. coli evolving in antibiotics	512962	25648100	ftp.sra.ebi.ac.uk/vol1/fastq/SRR105/020/SRR10554320/SRR10554320.fastq.gz	4da569df91992d88dba61f5f01d86455	5519621	SINGLE
SRR10554330	SAMN13423818	SRX7236288	Microbe sample from Escherichia coli	NextSeq 500 sequencing: Barcode sequencing of E. coli evolving in antibiotics	544004	27200200	ftp.sra.ebi.ac.uk/vol1/fastq/SRR105/030/SRR10554330/SRR10554330.fastq.gz	734feb3aeb121876725f43fcc7609f37	6128514	SINGLE
SRR10554331	SAMN13423817	SRX7236287	Microbe sample from Escherichia coli	NextSeq 500 sequencing: Barcode sequencing of E. coli evolving in antibiotics	553527	27676350	ftp.sra.ebi.ac.uk/vol1/fastq/SRR105/031/SRR10554331/SRR10554331.fastq.gz	832a8262134cb3d677d2226e5e7feb92	6165143	SINGLE
SRR10554341	SAMN13423808	SRX7236277	Microbe sample from Escherichia coli	NextSeq 500 sequencing: Barcode sequencing of E. coli evolving in antibiotics	549942	27497100	ftp.sra.ebi.ac.uk/vol1/fastq/SRR105/041/SRR10554341/SRR10554341.fastq.gz	a6d7a09e24fd8694c78bf3de07bc576a	5200316	SINGLE
SRR10554354	SAMN13423554	SRX7236264	Microbe sample from Escherichia coli	NextSeq 500 sequencing: Barcode sequencing of E. coli evolving in antibiotics	491493	24574650	ftp.sra.ebi.ac.uk/vol1/fastq/SRR105/054/SRR10554354/SRR10554354.fastq.gz	ead33441f4bf61ada1fa4de273916667	5941485	SINGLE
SRR10554359	SAMN13423792	SRX7236259	Microbe sample from Escherichia coli	NextSeq 500 sequencing: Barcode sequencing of E. coli evolving in antibiotics	608820	30441000	ftp.sra.ebi.ac.uk/vol1/fastq/SRR105/059/SRR10554359/SRR10554359.fastq.gz	b3b552075f58938d8b84badb26dc4057	6042978	SINGLE
SRR10554360	SAMN13423791	SRX7236258	Microbe sample from Escherichia coli	NextSeq 500 sequencing: Barcode sequencing of E. coli evolving in antibiotics	596234	29811700	ftp.sra.ebi.ac.uk/vol1/fastq/SRR105/060/SRR10554360/SRR10554360.fastq.gz	1461f07c92087a09ce0f1f8fc17c1cf0	6527481	SINGLE
SRR10554367	SAMN13423785	SRX7236251	Microbe sample from Escherichia coli	NextSeq 500 sequencing: Barcode sequencing of E. coli evolving in antibiotics	724184	36209200	ftp.sra.ebi.ac.uk/vol1/fastq/SRR105/067/SRR10554367/SRR10554367.fastq.gz	0d5f3ac4d5cc31ded129ca3121034b44	12420151	SINGLE
SRR10554370	SAMN13423782	SRX7236248	Microbe sample from Escherichia coli	NextSeq 500 sequencing: Barcode sequencing of E. coli evolving in antibiotics	895357	44767850	ftp.sra.ebi.ac.uk/vol1/fastq/SRR105/070/SRR10554370/SRR10554370.fastq.gz	0e352bbdcbea36569299f7bbd3992589	15947354	SINGLE
SRR10554375	SAMN13423777	SRX7236243	Microbe sample from Escherichia coli	NextSeq 500 sequencing: Barcode sequencing of E. coli evolving in antibiotics	626459	31322950	ftp.sra.ebi.ac.uk/vol1/fastq/SRR105/075/SRR10554375/SRR10554375.fastq.gz	d1968143120687572d49c3f5290778cc	7123868	SINGLE
SRR10554377	SAMN13423776	SRX7236241	Microbe sample from Escherichia coli	NextSeq 500 sequencing: Barcode sequencing of E. coli evolving in antibiotics	620152	31007600	ftp.sra.ebi.ac.uk/vol1/fastq/SRR105/077/SRR10554377/SRR10554377.fastq.gz	d944f653279e628d941e9a33a5f4face	6628116	SINGLE
SRR10554392	SAMN13423762	SRX7236226	Microbe sample from Escherichia coli	NextSeq 500 sequencing: Barcode sequencing of E. coli evolving in antibiotics	590245	29512250	ftp.sra.ebi.ac.uk/vol1/fastq/SRR105/092/SRR10554392/SRR10554392.fastq.gz	d84e2cc1e9d2664d0bc5100eaa4d5b84	6970122	SINGLE
SRR10554393	SAMN13423761	SRX7236225	Microbe sample from Escherichia coli	NextSeq 500 sequencing: Barcode sequencing of E. coli evolving in antibiotics	599075	29953750	ftp.sra.ebi.ac.uk/vol1/fastq/SRR105/093/SRR10554393/SRR10554393.fastq.gz	7d389bd70292875b764df2fb89d5733c	6911806	SINGLE
SRR10554396	SAMN13423758	SRX7236222	Microbe sample from Escherichia coli	NextSeq 500 sequencing: Barcode sequencing of E. coli evolving in antibiotics	582521	29126050	ftp.sra.ebi.ac.uk/vol1/fastq/SRR105/096/SRR10554396/SRR10554396.fastq.gz	15c5089df5145ac8c5df071c26f5ee5b	8606049	SINGLE
SRR10554398	SAMN13423550	SRX7236220	Microbe sample from Escherichia coli	NextSeq 500 sequencing: Barcode sequencing of E. coli evolving in antibiotics	536827	26841350	ftp.sra.ebi.ac.uk/vol1/fastq/SRR105/098/SRR10554398/SRR10554398.fastq.gz	bd26d38021347500f5d7fa796aedd54e	5603146	SINGLE
SRR10554409	SAMN13423549	SRX7236209	Microbe sample from Escherichia coli	NextSeq 500 sequencing: Barcode sequencing of E. coli evolving in antibiotics	547620	27381000	ftp.sra.ebi.ac.uk/vol1/fastq/SRR105/009/SRR10554409/SRR10554409.fastq.gz	d3db3e7afd6c226f4148a54c1a23f598	5579095	SINGLE
SRR10554417	SAMN13423739	SRX7236201	Microbe sample from Escherichia coli	NextSeq 500 sequencing: Barcode sequencing of E. coli evolving in antibiotics	613798	30689900	ftp.sra.ebi.ac.uk/vol1/fastq/SRR105/017/SRR10554417/SRR10554417.fastq.gz	2c58eac32ee6cd4c6812b92b01559d3a	8284473	SINGLE
SRR10554428	SAMN13423729	SRX7236190	Microbe sample from Escherichia coli	NextSeq 500 sequencing: Barcode sequencing of E. coli evolving in antibiotics	904821	45241050	ftp.sra.ebi.ac.uk/vol1/fastq/SRR105/028/SRR10554428/SRR10554428.fastq.gz	f53838f281b480e0df3cfb5c692bc074	14147321	SINGLE
SRR10554434	SAMN13423725	SRX7236184	Microbe sample from Escherichia coli	NextSeq 500 sequencing: Barcode sequencing of E. coli evolving in antibiotics	942492	47124600	ftp.sra.ebi.ac.uk/vol1/fastq/SRR105/034/SRR10554434/SRR10554434.fastq.gz	bf1f90a884cf101a31c3d59f1cd98521	16488660	SINGLE
SRR10554439	SAMN13423720	SRX7236179	Microbe sample from Escherichia coli	NextSeq 500 sequencing: Barcode sequencing of E. coli evolving in antibiotics	706886	35344300	ftp.sra.ebi.ac.uk/vol1/fastq/SRR105/039/SRR10554439/SRR10554439.fastq.gz	16c1042971a9abaf653b4dffe0864deb	11646482	SINGLE
SRR10554441	SAMN13423718	SRX7236177	Microbe sample from Escherichia coli	NextSeq 500 sequencing: Barcode sequencing of E. coli evolving in antibiotics	665642	39272878	ftp.sra.ebi.ac.uk/vol1/fastq/SRR105/041/SRR10554441/SRR10554441.fastq.gz	5b02ae40189c91358552334d112c7a29	7755708	SINGLE
SRR10554449	SAMN13423711	SRX7236169	Microbe sample from Escherichia coli	NextSeq 500 sequencing: Barcode sequencing of E. coli evolving in antibiotics	670366	39551594	ftp.sra.ebi.ac.uk/vol1/fastq/SRR105/049/SRR10554449/SRR10554449.fastq.gz	3a0e989fefeb2a855bd45ca3a92a410f	7568012	SINGLE
SRR10554452	SAMN13423708	SRX7236166	Microbe sample from Escherichia coli	NextSeq 500 sequencing: Barcode sequencing of E. coli evolving in antibiotics	649134	38298906	ftp.sra.ebi.ac.uk/vol1/fastq/SRR105/052/SRR10554452/SRR10554452.fastq.gz	c00001fb3616490c665434365fa7a299	6952582	SINGLE
SRR10554466	SAMN13423696	SRX7236152	Microbe sample from Escherichia coli	NextSeq 500 sequencing: Barcode sequencing of E. coli evolving in antibiotics	1734569	102339571	ftp.sra.ebi.ac.uk/vol1/fastq/SRR105/066/SRR10554466/SRR10554466.fastq.gz	6b90977aabe0ed5df52767c353607abf	23634540	SINGLE
SRR10554472	SAMN13423690	SRX7236146	Microbe sample from Escherichia coli	NextSeq 500 sequencing: Barcode sequencing of E. coli evolving in antibiotics	532619	31424521	ftp.sra.ebi.ac.uk/vol1/fastq/SRR105/072/SRR10554472/SRR10554472.fastq.gz	80c88a9b3871ebccafaa5b91b755572f	7208103	SINGLE
SRR10554484	SAMN13423597	SRX7236742	Microbe sample from Escherichia coli	NextSeq 500 sequencing: Barcode sequencing of E. coli evolving in antibiotics	626201	31310050	ftp.sra.ebi.ac.uk/vol1/fastq/SRR105/084/SRR10554484/SRR10554484.fastq.gz	9a4c4beea34ca173b5ad2baef13afbf3	7395096	SINGLE
SRR10554486	SAMN13424226	SRX7236740	Microbe sample from Escherichia coli	NextSeq 500 sequencing: Barcode sequencing of E. coli evolving in antibiotics	2305783	115289150	ftp.sra.ebi.ac.uk/vol1/fastq/SRR105/086/SRR10554486/SRR10554486.fastq.gz	2ad0a5a29ac7183bae55c94e61fb117d	60827065	SINGLE
SRR10554489	SAMN13424223	SRX7236737	Microbe sample from Escherichia coli	NextSeq 500 sequencing: Barcode sequencing of E. coli evolving in antibiotics	2490076	124503800	ftp.sra.ebi.ac.uk/vol1/fastq/SRR105/089/SRR10554489/SRR10554489.fastq.gz	b67b9f31174ef3f69247cbee45375ec3	62754974	SINGLE
SRR10554490	SAMN13424222	SRX7236736	Microbe sample from Escherichia coli	NextSeq 500 sequencing: Barcode sequencing of E. coli evolving in antibiotics	2441546	122077300	ftp.sra.ebi.ac.uk/vol1/fastq/SRR105/090/SRR10554490/SRR10554490.fastq.gz	16f506f01ac2b7c78e6b0c8caccc7c94	64656629	SINGLE
SRR10554498	SAMN13424215	SRX7236728	Microbe sample from Escherichia coli	NextSeq 500 sequencing: Barcode sequencing of E. coli evolving in antibiotics	2399501	119975050	ftp.sra.ebi.ac.uk/vol1/fastq/SRR105/098/SRR10554498/SRR10554498.fastq.gz	7f32593c84f6a0d0e1eb8627538500eb	60690090	SINGLE
SRR10554502	SAMN13424211	SRX7236724	Microbe sample from Escherichia coli	NextSeq 500 sequencing: Barcode sequencing of E. coli evolving in antibiotics	826182	48744738	ftp.sra.ebi.ac.uk/vol1/fastq/SRR105/002/SRR10554502/SRR10554502.fastq.gz	1735a5e2683787805ebd8548653ec88e	10795160	SINGLE
SRR10554505	SAMN13424208	SRX7236721	Microbe sample from Escherichia coli	NextSeq 500 sequencing: Barcode sequencing of E. coli evolving in antibiotics	808294	47689346	ftp.sra.ebi.ac.uk/vol1/fastq/SRR105/005/SRR10554505/SRR10554505.fastq.gz	b23c73d929a7d39cf9398a9f66c394dd	10011222	SINGLE
SRR10554512	SAMN13424202	SRX7236714	Microbe sample from Escherichia coli	NextSeq 500 sequencing: Barcode sequencing of E. coli evolving in antibiotics	850135	50157965	ftp.sra.ebi.ac.uk/vol1/fastq/SRR105/012/SRR10554512/SRR10554512.fastq.gz	6b5e125bb26710df89eed336e6309cfb	11981041	SINGLE
SRR10554514	SAMN13424200	SRX7236712	Microbe sample from Escherichia coli	NextSeq 500 sequencing: Barcode sequencing of E. coli evolving in antibiotics	849815	50139085	ftp.sra.ebi.ac.uk/vol1/fastq/SRR105/014/SRR10554514/SRR10554514.fastq.gz	c70deefd0b951df50639b7cdfb88a07e	11127500	SINGLE
SRR10554518	SAMN13423594	SRX7236708	Microbe sample from Escherichia coli	NextSeq 500 sequencing: Barcode sequencing of E. coli evolving in antibiotics	799536	39976800	ftp.sra.ebi.ac.uk/vol1/fastq/SRR105/018/SRR10554518/SRR10554518.fastq.gz	cc4670c153e18cfb23df72281fda6dfb	11906666	SINGLE
SRR10554521	SAMN13424194	SRX7236705	Microbe sample from Escherichia coli	NextSeq 500 sequencing: Barcode sequencing of E. coli evolving in antibiotics	943508	55666972	ftp.sra.ebi.ac.uk/vol1/fastq/SRR105/021/SRR10554521/SRR10554521.fastq.gz	b20f2559264e4f9b5d34c9d2dda9db37	13365509	SINGLE
SRR10554528	SAMN13424187	SRX7236698	Microbe sample from Escherichia coli	NextSeq 500 sequencing: Barcode sequencing of E. coli evolving in antibiotics	879096	51866664	ftp.sra.ebi.ac.uk/vol1/fastq/SRR105/028/SRR10554528/SRR10554528.fastq.gz	799fbded919ecf5bfb19eafbe8d8362f	12358355	SINGLE
SRR10554529	SAMN13423593	SRX7236697	Microbe sample from Escherichia coli	NextSeq 500 sequencing: Barcode sequencing of E. coli evolving in antibiotics	809381	40469050	ftp.sra.ebi.ac.uk/vol1/fastq/SRR105/029/SRR10554529/SRR10554529.fastq.gz	60465211274b64398d5cf0bf7a85bcb1	11846619	SINGLE
SRR10554537	SAMN13424179	SRX7236689	Microbe sample from Escherichia coli	NextSeq 500 sequencing: Barcode sequencing of E. coli evolving in antibiotics	1012000	59708000	ftp.sra.ebi.ac.uk/vol1/fastq/SRR105/037/SRR10554537/SRR10554537.fastq.gz	806373e770a76a94a8c597a3c7caaee4	16181294	SINGLE
SRR10554551	SAMN13423591	SRX7236675	Microbe sample from Escherichia coli	NextSeq 500 sequencing: Barcode sequencing of E. coli evolving in antibiotics	784347	39217350	ftp.sra.ebi.ac.uk/vol1/fastq/SRR105/051/SRR10554551/SRR10554551.fastq.gz	e7d53b960eb6f470f41efbfb28eb1590	11798385	SINGLE
SRR10554555	SAMN13424163	SRX7236671	Microbe sample from Escherichia coli	NextSeq 500 sequencing: Barcode sequencing of E. coli evolving in antibiotics	1253417	73951603	ftp.sra.ebi.ac.uk/vol1/fastq/SRR105/055/SRR10554555/SRR10554555.fastq.gz	f91658671d919b72ad803c22d09e40e4	24982539	SINGLE
SRR10554558	SAMN13424160	SRX7236668	Microbe sample from Escherichia coli	NextSeq 500 sequencing: Barcode sequencing of E. coli evolving in antibiotics	1153178	68037502	ftp.sra.ebi.ac.uk/vol1/fastq/SRR105/058/SRR10554558/SRR10554558.fastq.gz	9c572d7da7d10de55061700156415dd7	22382296	SINGLE
SRR10554561	SAMN13424157	SRX7236665	Microbe sample from Escherichia coli	NextSeq 500 sequencing: Barcode sequencing of E. coli evolving in antibiotics	1185734	69958306	ftp.sra.ebi.ac.uk/vol1/fastq/SRR105/061/SRR10554561/SRR10554561.fastq.gz	81470ee2071430a6584c7c73d735508e	24648969	SINGLE
SRR10554565	SAMN13424154	SRX7236661	Microbe sample from Escherichia coli	NextSeq 500 sequencing: Barcode sequencing of E. coli evolving in antibiotics	1095958	64661522	ftp.sra.ebi.ac.uk/vol1/fastq/SRR105/065/SRR10554565/SRR10554565.fastq.gz	f59e087f4d924223ded553f5b9ee637a	22953808	SINGLE
SRR10554574	SAMN13424146	SRX7236652	Microbe sample from Escherichia coli	NextSeq 500 sequencing: Barcode sequencing of E. coli evolving in antibiotics	1107362	65334358	ftp.sra.ebi.ac.uk/vol1/fastq/SRR105/074/SRR10554574/SRR10554574.fastq.gz	e7a40ca06e98b31146e760985ad7e43a	15154839	SINGLE
SRR10554575	SAMN13424145	SRX7236651	Microbe sample from Escherichia coli	NextSeq 500 sequencing: Barcode sequencing of E. coli evolving in antibiotics	1122570	66231630	ftp.sra.ebi.ac.uk/vol1/fastq/SRR105/075/SRR10554575/SRR10554575.fastq.gz	9393f21e615675e9edcf35d26d593d52	15372679	SINGLE
SRR10554586	SAMN13424135	SRX7236640	Microbe sample from Escherichia coli	NextSeq 500 sequencing: Barcode sequencing of E. coli evolving in antibiotics	1245242	73469278	ftp.sra.ebi.ac.uk/vol1/fastq/SRR105/086/SRR10554586/SRR10554586.fastq.gz	007dcb24e16cd2609604501398cf708d	18396288	SINGLE
SRR10554587	SAMN13424134	SRX7236639	Microbe sample from Escherichia coli	NextSeq 500 sequencing: Barcode sequencing of E. coli evolving in antibiotics	1194827	70494793	ftp.sra.ebi.ac.uk/vol1/fastq/SRR105/087/SRR10554587/SRR10554587.fastq.gz	fe224c68962ff56e18303eeb5b7e4e04	18560367	SINGLE
SRR10554593	SAMN13424128	SRX7236633	Microbe sample from Escherichia coli	NextSeq 500 sequencing: Barcode sequencing of E. coli evolving in antibiotics	878786	51848374	ftp.sra.ebi.ac.uk/vol1/fastq/SRR105/093/SRR10554593/SRR10554593.fastq.gz	eaab9ea80913c689057e0858264aa38b	12575428	SINGLE
SRR10554595	SAMN13423587	SRX7236631	Microbe sample from Escherichia coli	NextSeq 500 sequencing: Barcode sequencing of E. coli evolving in antibiotics	463330	23166500	ftp.sra.ebi.ac.uk/vol1/fastq/SRR105/095/SRR10554595/SRR10554595.fastq.gz	9758768670535c854f36b1122471fd79	5638311	SINGLE
SRR10554604	SAMN13424119	SRX7236622	Microbe sample from Escherichia coli	NextSeq 500 sequencing: Barcode sequencing of E. coli evolving in antibiotics	1126099	66439841	ftp.sra.ebi.ac.uk/vol1/fastq/SRR105/004/SRR10554604/SRR10554604.fastq.gz	04d2146688bff91bf088e067776a5802	17615001	SINGLE
SRR10554606	SAMN13424117	SRX7236620	Microbe sample from Escherichia coli	NextSeq 500 sequencing: Barcode sequencing of E. coli evolving in antibiotics	1120202	66091918	ftp.sra.ebi.ac.uk/vol1/fastq/SRR105/006/SRR10554606/SRR10554606.fastq.gz	f0c50f5e1e135fa4ff605abac207146a	19496513	SINGLE
SRR10554610	SAMN13424114	SRX7236616	Microbe sample from Escherichia coli	NextSeq 500 sequencing: Barcode sequencing of E. coli evolving in antibiotics	1167684	68893356	ftp.sra.ebi.ac.uk/vol1/fastq/SRR105/010/SRR10554610/SRR10554610.fastq.gz	b7092b9d8ee2cbcd02a68db7712a8497	18158899	SINGLE
SRR10554611	SAMN13424113	SRX7236615	Microbe sample from Escherichia coli	NextSeq 500 sequencing: Barcode sequencing of E. coli evolving in antibiotics	1184847	69905973	ftp.sra.ebi.ac.uk/vol1/fastq/SRR105/011/SRR10554611/SRR10554611.fastq.gz	87e6efa38e6374c649e27ff896cfd481	18455831	SINGLE
SRR10554613	SAMN13424111	SRX7236613	Microbe sample from Escherichia coli	NextSeq 500 sequencing: Barcode sequencing of E. coli evolving in antibiotics	1200072	70804248	ftp.sra.ebi.ac.uk/vol1/fastq/SRR105/013/SRR10554613/SRR10554613.fastq.gz	e08ce3f68976987728ae941327a0058c	17908648	SINGLE
SRR10554616	SAMN13424108	SRX7236610	Microbe sample from Escherichia coli	NextSeq 500 sequencing: Barcode sequencing of E. coli evolving in antibiotics	1203388	70999892	ftp.sra.ebi.ac.uk/vol1/fastq/SRR105/016/SRR10554616/SRR10554616.fastq.gz	080730e614fbe8d86bd8085db6894731	21097140	SINGLE
SRR10554620	SAMN13424105	SRX7236606	Microbe sample from Escherichia coli	NextSeq 500 sequencing: Barcode sequencing of E. coli evolving in antibiotics	1259892	74333628	ftp.sra.ebi.ac.uk/vol1/fastq/SRR105/020/SRR10554620/SRR10554620.fastq.gz	5e9d8366195a7448308727720012d4e3	24355234	SINGLE
SRR10554621	SAMN13424104	SRX7236605	Microbe sample from Escherichia coli	NextSeq 500 sequencing: Barcode sequencing of E. coli evolving in antibiotics	1239469	73128671	ftp.sra.ebi.ac.uk/vol1/fastq/SRR105/021/SRR10554621/SRR10554621.fastq.gz	939d4cf693f676364cf4293c125a0f8a	22561276	SINGLE
SRR10554636	SAMN13424090	SRX7236590	Microbe sample from Escherichia coli	NextSeq 500 sequencing: Barcode sequencing of E. coli evolving in antibiotics	880149	51928791	ftp.sra.ebi.ac.uk/vol1/fastq/SRR105/036/SRR10554636/SRR10554636.fastq.gz	03d032fbec905822de25fc345cffcd18	18422156	SINGLE
SRR10554643	SAMN13424084	SRX7236583	Microbe sample from Escherichia coli	NextSeq 500 sequencing: Barcode sequencing of E. coli evolving in antibiotics	1311474	65573700	ftp.sra.ebi.ac.uk/vol1/fastq/SRR105/043/SRR10554643/SRR10554643.fastq.gz	67b80b36f8345438f5aed0c3266d34da	22413927	SINGLE
SRR10554644	SAMN13424083	SRX7236582	Microbe sample from Escherichia coli	NextSeq 500 sequencing: Barcode sequencing of E. coli evolving in antibiotics	1303889	65194450	ftp.sra.ebi.ac.uk/vol1/fastq/SRR105/044/SRR10554644/SRR10554644.fastq.gz	ff07c8ba8409f0b1cdff49dc34a32cdb	23343185	SINGLE
SRR10554647	SAMN13424080	SRX7236579	Microbe sample from Escherichia coli	NextSeq 500 sequencing: Barcode sequencing of E. coli evolving in antibiotics	1748052	87402600	ftp.sra.ebi.ac.uk/vol1/fastq/SRR105/047/SRR10554647/SRR10554647.fastq.gz	f7055bd60904ea247ae23d9f4a6aaf10	31824557	SINGLE
SRR10554648	SAMN13424079	SRX7236578	Microbe sample from Escherichia coli	NextSeq 500 sequencing: Barcode sequencing of E. coli evolving in antibiotics	1838830	91941500	ftp.sra.ebi.ac.uk/vol1/fastq/SRR105/048/SRR10554648/SRR10554648.fastq.gz	3495e7afd3b34a97ff5f333fb11b1aa7	34810930	SINGLE
SRR10554650	SAMN13424077	SRX7236576	Microbe sample from Escherichia coli	NextSeq 500 sequencing: Barcode sequencing of E. coli evolving in antibiotics	1135694	56784700	ftp.sra.ebi.ac.uk/vol1/fastq/SRR105/050/SRR10554650/SRR10554650.fastq.gz	d4969f2277afef73d650c42b03127933	22057087	SINGLE
SRR10554658	SAMN13424070	SRX7236568	Microbe sample from Escherichia coli	NextSeq 500 sequencing: Barcode sequencing of E. coli evolving in antibiotics	1499643	74982150	ftp.sra.ebi.ac.uk/vol1/fastq/SRR105/058/SRR10554658/SRR10554658.fastq.gz	9a2b499ff8839b28b5b25e1f9063ed45	34875062	SINGLE
SRR10554662	SAMN13423581	SRX7236564	Microbe sample from Escherichia coli	NextSeq 500 sequencing: Barcode sequencing of E. coli evolving in antibiotics	558386	27919300	ftp.sra.ebi.ac.uk/vol1/fastq/SRR105/062/SRR10554662/SRR10554662.fastq.gz	143201f35164d2556d06b41bdeb89178	5613315	SINGLE
SRR10554665	SAMN13424064	SRX7236561	Microbe sample from Escherichia coli	NextSeq 500 sequencing: Barcode sequencing of E. coli evolving in antibiotics	1271822	63591100	ftp.sra.ebi.ac.uk/vol1/fastq/SRR105/065/SRR10554665/SRR10554665.fastq.gz	1ac731c7ae6bb834069d11d2e970a25a	21680338	SINGLE
SRR10554669	SAMN13424060	SRX7236557	Microbe sample from Escherichia coli	NextSeq 500 sequencing: Barcode sequencing of E. coli evolving in antibiotics	1210301	60515050	ftp.sra.ebi.ac.uk/vol1/fastq/SRR105/069/SRR10554669/SRR10554669.fastq.gz	bca20eb6fab9641bd7a6c318d7d03d76	20760809	SINGLE
SRR10554677	SAMN13424053	SRX7236549	Microbe sample from Escherichia coli	NextSeq 500 sequencing: Barcode sequencing of E. coli evolving in antibiotics	1852250	92612500	ftp.sra.ebi.ac.uk/vol1/fastq/SRR105/077/SRR10554677/SRR10554677.fastq.gz	2e00ab730018a5a0aecdd8da5e95e123	37521024	SINGLE
SRR10554690	SAMN13424041	SRX7236536	Microbe sample from Escherichia coli	NextSeq 500 sequencing: Barcode sequencing of E. coli evolving in antibiotics	2151639	107581950	ftp.sra.ebi.ac.uk/vol1/fastq/SRR105/090/SRR10554690/SRR10554690.fastq.gz	11db18249674dd44e7273734c8dda876	55450951	SINGLE
SRR10554697	SAMN13424035	SRX7236529	Microbe sample from Escherichia coli	NextSeq 500 sequencing: Barcode sequencing of E. coli evolving in antibiotics	2123432	106171600	ftp.sra.ebi.ac.uk/vol1/fastq/SRR105/097/SRR10554697/SRR10554697.fastq.gz	35e33612bdcb930286ad1ed5bb89bafe	54469228	SINGLE
SRR10554698	SAMN13424034	SRX7236528	Microbe sample from Escherichia coli	NextSeq 500 sequencing: Barcode sequencing of E. coli evolving in antibiotics	616983	30849150	ftp.sra.ebi.ac.uk/vol1/fastq/SRR105/098/SRR10554698/SRR10554698.fastq.gz	e5cbb6ef1ebbf535c0b1dda8393a431d	6953103	SINGLE
SRR10554699	SAMN13424033	SRX7236527	Microbe sample from Escherichia coli	NextSeq 500 sequencing: Barcode sequencing of E. coli evolving in antibiotics	623737	31186850	ftp.sra.ebi.ac.uk/vol1/fastq/SRR105/099/SRR10554699/SRR10554699.fastq.gz	46708580619bab7cbfaf614fa6c86ccb	7086450	SINGLE
SRR10554700	SAMN13424032	SRX7236526	Microbe sample from Escherichia coli	NextSeq 500 sequencing: Barcode sequencing of E. coli evolving in antibiotics	617829	30891450	ftp.sra.ebi.ac.uk/vol1/fastq/SRR105/000/SRR10554700/SRR10554700.fastq.gz	d7978b453b8803ff3e22637d70cdc295	6406738	SINGLE
SRR10554705	SAMN13424027	SRX7236521	Microbe sample from Escherichia coli	NextSeq 500 sequencing: Barcode sequencing of E. coli evolving in antibiotics	515092	25754600	ftp.sra.ebi.ac.uk/vol1/fastq/SRR105/005/SRR10554705/SRR10554705.fastq.gz	a368e66b3c414bbb3b195c0efd405006	5947921	SINGLE
SRR10554708	SAMN13424026	SRX7236518	Microbe sample from Escherichia coli	NextSeq 500 sequencing: Barcode sequencing of E. coli evolving in antibiotics	348646	17432300	ftp.sra.ebi.ac.uk/vol1/fastq/SRR105/008/SRR10554708/SRR10554708.fastq.gz	b29653df35c1795bc09f09dbb530863c	4111263	SINGLE
SRR10554711	SAMN13424023	SRX7236515	Microbe sample from Escherichia coli	NextSeq 500 sequencing: Barcode sequencing of E. coli evolving in antibiotics	346761	17338050	ftp.sra.ebi.ac.uk/vol1/fastq/SRR105/011/SRR10554711/SRR10554711.fastq.gz	e84772fa9f113356b9471af3a2f0efc7	4212974	SINGLE
SRR10554723	SAMN13424012	SRX7236503	Microbe sample from Escherichia coli	NextSeq 500 sequencing: Barcode sequencing of E. coli evolving in antibiotics	574819	28740950	ftp.sra.ebi.ac.uk/vol1/fastq/SRR105/023/SRR10554723/SRR10554723.fastq.gz	8d1f3b4c11912ef49040320aff03e27d	6372344	SINGLE
SRR10554727	SAMN13424008	SRX7236499	Microbe sample from Escherichia coli	NextSeq 500 sequencing: Barcode sequencing of E. coli evolving in antibiotics	537466	26873300	ftp.sra.ebi.ac.uk/vol1/fastq/SRR105/027/SRR10554727/SRR10554727.fastq.gz	1104c1705919b5ea4df9906b69b9fc66	5869582	SINGLE
SRR10554728	SAMN13424007	SRX7236498	Microbe sample from Escherichia coli	NextSeq 500 sequencing: Barcode sequencing of E. coli evolving in antibiotics	536445	26822250	ftp.sra.ebi.ac.uk/vol1/fastq/SRR105/028/SRR10554728/SRR10554728.fastq.gz	853f6f45a56a2e15109373b812af0760	6605789	SINGLE
SRR10554732	SAMN13424004	SRX7236494	Microbe sample from Escherichia coli	NextSeq 500 sequencing: Barcode sequencing of E. coli evolving in antibiotics	1586	79300	ftp.sra.ebi.ac.uk/vol1/fastq/SRR105/032/SRR10554732/SRR10554732.fastq.gz	a74c6963b4b41be1f48ec6472030553d	16677	SINGLE
SRR10554734	SAMN13424002	SRX7236492	Microbe sample from Escherichia coli	NextSeq 500 sequencing: Barcode sequencing of E. coli evolving in antibiotics	621563	31078150	ftp.sra.ebi.ac.uk/vol1/fastq/SRR105/034/SRR10554734/SRR10554734.fastq.gz	ea5d12a288465f52d786c3ac9a2d7228	7021667	SINGLE
SRR10554740	SAMN13423574	SRX7236486	Microbe sample from Escherichia coli	NextSeq 500 sequencing: Barcode sequencing of E. coli evolving in antibiotics	561472	28073600	ftp.sra.ebi.ac.uk/vol1/fastq/SRR105/040/SRR10554740/SRR10554740.fastq.gz	8d0f27fe298204777fd2618d939cfea1	5931754	SINGLE
SRR10554744	SAMN13423993	SRX7236482	Microbe sample from Escherichia coli	NextSeq 500 sequencing: Barcode sequencing of E. coli evolving in antibiotics	518851	25942550	ftp.sra.ebi.ac.uk/vol1/fastq/SRR105/044/SRR10554744/SRR10554744.fastq.gz	b26ae8346809bd309076137b3f890ad7	6780008	SINGLE
SRR10553808	SAMN13423683	SRX7236138	Microbe sample from Escherichia coli	NextSeq 500 sequencing: Barcode sequencing of E. coli evolving in antibiotics	547939	32328401	ftp.sra.ebi.ac.uk/vol1/fastq/SRR105/008/SRR10553808/SRR10553808.fastq.gz	b922510a5eb1b6b7050193f23f6daa88	7758717	SINGLE
SRR10553810	SAMN13423681	SRX7236136	Microbe sample from Escherichia coli	NextSeq 500 sequencing: Barcode sequencing of E. coli evolving in antibiotics	730116	43076844	ftp.sra.ebi.ac.uk/vol1/fastq/SRR105/010/SRR10553810/SRR10553810.fastq.gz	c3d8fbe8fa5906041764fce80041e439	8393298	SINGLE
SRR10553813	SAMN13423678	SRX7236133	Microbe sample from Escherichia coli	NextSeq 500 sequencing: Barcode sequencing of E. coli evolving in antibiotics	754166	44495794	ftp.sra.ebi.ac.uk/vol1/fastq/SRR105/013/SRR10553813/SRR10553813.fastq.gz	07feabd2aabe7df1adbda756b8e91d0b	10762176	SINGLE
SRR10553818	SAMN13423674	SRX7236128	Microbe sample from Escherichia coli	NextSeq 500 sequencing: Barcode sequencing of E. coli evolving in antibiotics	782143	46146437	ftp.sra.ebi.ac.uk/vol1/fastq/SRR105/018/SRR10553818/SRR10553818.fastq.gz	475b99e832bb70397d6e4629e2e76665	10131532	SINGLE
SRR10553824	SAMN13423668	SRX7236122	Microbe sample from Escherichia coli	NextSeq 500 sequencing: Barcode sequencing of E. coli evolving in antibiotics	737211	43495449	ftp.sra.ebi.ac.uk/vol1/fastq/SRR105/024/SRR10553824/SRR10553824.fastq.gz	661838d91122db5eae7923b591c80743	8971600	SINGLE
SRR10553825	SAMN13423667	SRX7236121	Microbe sample from Escherichia coli	NextSeq 500 sequencing: Barcode sequencing of E. coli evolving in antibiotics	752913	44421867	ftp.sra.ebi.ac.uk/vol1/fastq/SRR105/025/SRR10553825/SRR10553825.fastq.gz	46b9c55aed496813370b8bf33d6f82b8	9440702	SINGLE
SRR10553828	SAMN13423665	SRX7236118	Microbe sample from Escherichia coli	NextSeq 500 sequencing: Barcode sequencing of E. coli evolving in antibiotics	831753	49073427	ftp.sra.ebi.ac.uk/vol1/fastq/SRR105/028/SRR10553828/SRR10553828.fastq.gz	8ca61f291c6cef59cfc1ff0a21c67614	12602049	SINGLE
SRR10553833	SAMN13423660	SRX7236113	Microbe sample from Escherichia coli	NextSeq 500 sequencing: Barcode sequencing of E. coli evolving in antibiotics	1007228	59426452	ftp.sra.ebi.ac.uk/vol1/fastq/SRR105/033/SRR10553833/SRR10553833.fastq.gz	0777b05b750b8620bab797f6c247bc02	15542201	SINGLE
SRR10553838	SAMN13423656	SRX7236108	Microbe sample from Escherichia coli	NextSeq 500 sequencing: Barcode sequencing of E. coli evolving in antibiotics	17494	1032146	ftp.sra.ebi.ac.uk/vol1/fastq/SRR105/038/SRR10553838/SRR10553838.fastq.gz	f3849ebcd9ac4bd48bde7b855d08fa0f	311553	SINGLE
SRR10553844	SAMN13423650	SRX7236102	Microbe sample from Escherichia coli	NextSeq 500 sequencing: Barcode sequencing of E. coli evolving in antibiotics	438542	21927100	ftp.sra.ebi.ac.uk/vol1/fastq/SRR105/044/SRR10553844/SRR10553844.fastq.gz	2855dcab2892f5c78d0c440a71a421c7	4304434	SINGLE
SRR10553853	SAMN13423642	SRX7236093	Microbe sample from Escherichia coli	NextSeq 500 sequencing: Barcode sequencing of E. coli evolving in antibiotics	68273	3413650	ftp.sra.ebi.ac.uk/vol1/fastq/SRR105/053/SRR10553853/SRR10553853.fastq.gz	8f7e265ac136bbed0d9658e8a746ee45	699784	SINGLE
SRR10553855	SAMN13423640	SRX7236091	Microbe sample from Escherichia coli	NextSeq 500 sequencing: Barcode sequencing of E. coli evolving in antibiotics	67840	3392000	ftp.sra.ebi.ac.uk/vol1/fastq/SRR105/055/SRR10553855/SRR10553855.fastq.gz	e2b80a377808724f012307f25bb011f0	638528	SINGLE
SRR10553860	SAMN13423636	SRX7236086	Microbe sample from Escherichia coli	NextSeq 500 sequencing: Barcode sequencing of E. coli evolving in antibiotics	456298	22814900	ftp.sra.ebi.ac.uk/vol1/fastq/SRR105/060/SRR10553860/SRR10553860.fastq.gz	4851e38170a04ec3c270f65ef333621e	4352495	SINGLE
SRR10553862	SAMN13423634	SRX7236084	Microbe sample from Escherichia coli	NextSeq 500 sequencing: Barcode sequencing of E. coli evolving in antibiotics	473392	23669600	ftp.sra.ebi.ac.uk/vol1/fastq/SRR105/062/SRR10553862/SRR10553862.fastq.gz	ca5ea87d5b8e6443d1e8ddd6341af2b8	5091044	SINGLE
SRR10553872	SAMN13423623	SRX7236074	Microbe sample from Escherichia coli	NextSeq 500 sequencing: Barcode sequencing of E. coli evolving in antibiotics	439314	21965700	ftp.sra.ebi.ac.uk/vol1/fastq/SRR105/072/SRR10553872/SRR10553872.fastq.gz	ead70ea93beeb24dd9f60b24efd0345d	4446244	SINGLE
SRR10553879	SAMN13424466	SRX7236067	Microbe sample from Escherichia coli	NextSeq 500 sequencing: Barcode sequencing of E. coli evolving in antibiotics	1949327	97466350	ftp.sra.ebi.ac.uk/vol1/fastq/SRR105/079/SRR10553879/SRR10553879.fastq.gz	536b0c52633e70a13c578aac9a1c5f56	40674646	SINGLE
SRR10553882	SAMN13424463	SRX7236064	Microbe sample from Escherichia coli	NextSeq 500 sequencing: Barcode sequencing of E. coli evolving in antibiotics	2140662	107033100	ftp.sra.ebi.ac.uk/vol1/fastq/SRR105/082/SRR10553882/SRR10553882.fastq.gz	f9f2e83cac207f7e40b425a2b2d42e27	41989863	SINGLE
SRR10553884	SAMN13424461	SRX7236062	Microbe sample from Escherichia coli	NextSeq 500 sequencing: Barcode sequencing of E. coli evolving in antibiotics	2936237	146811850	ftp.sra.ebi.ac.uk/vol1/fastq/SRR105/084/SRR10553884/SRR10553884.fastq.gz	c693fcd5ceaed99b9b724495f07448cd	56406340	SINGLE
SRR10553885	SAMN13424460	SRX7236061	Microbe sample from Escherichia coli	NextSeq 500 sequencing: Barcode sequencing of E. coli evolving in antibiotics	2940568	147028400	ftp.sra.ebi.ac.uk/vol1/fastq/SRR105/085/SRR10553885/SRR10553885.fastq.gz	f1f6f225722b612876adef0d08311222	52060094	SINGLE
SRR10553893	SAMN13424453	SRX7236053	Microbe sample from Escherichia coli	NextSeq 500 sequencing: Barcode sequencing of E. coli evolving in antibiotics	2068721	103436050	ftp.sra.ebi.ac.uk/vol1/fastq/SRR105/093/SRR10553893/SRR10553893.fastq.gz	862cb322bb27371800cc5c015a2d015b	43307558	SINGLE
SRR10553896	SAMN13424450	SRX7236050	Microbe sample from Escherichia coli	NextSeq 500 sequencing: Barcode sequencing of E. coli evolving in antibiotics	2287960	114398000	ftp.sra.ebi.ac.uk/vol1/fastq/SRR105/096/SRR10553896/SRR10553896.fastq.gz	02c463ea792a066253c0bc0290268071	49761871	SINGLE
SRR10553898	SAMN13424448	SRX7236048	Microbe sample from Escherichia coli	NextSeq 500 sequencing: Barcode sequencing of E. coli evolving in antibiotics	2410146	120507300	ftp.sra.ebi.ac.uk/vol1/fastq/SRR105/098/SRR10553898/SRR10553898.fastq.gz	fe6b183b54bfbfcdbc453e5e8b77b740	47983843	SINGLE
SRR10553899	SAMN13424447	SRX7236047	Microbe sample from Escherichia coli	NextSeq 500 sequencing: Barcode sequencing of E. coli evolving in antibiotics	2546120	127306000	ftp.sra.ebi.ac.uk/vol1/fastq/SRR105/099/SRR10553899/SRR10553899.fastq.gz	62d66f3c46bfa2f2f19b4e3ed03ff0a0	52412447	SINGLE
SRR10553902	SAMN13424445	SRX7236044	Microbe sample from Escherichia coli	NextSeq 500 sequencing: Barcode sequencing of E. coli evolving in antibiotics	1927065	96353250	ftp.sra.ebi.ac.uk/vol1/fastq/SRR105/002/SRR10553902/SRR10553902.fastq.gz	007c0774bbbaa5eec35c614e934e00f7	37754231	SINGLE
SRR10553916	SAMN13424432	SRX7236030	Microbe sample from Escherichia coli	NextSeq 500 sequencing: Barcode sequencing of E. coli evolving in antibiotics	1873275	93663750	ftp.sra.ebi.ac.uk/vol1/fastq/SRR105/016/SRR10553916/SRR10553916.fastq.gz	00797b63aa3cff65904d3a43f05ccef5	34519483	SINGLE
SRR10553919	SAMN13424429	SRX7236027	Microbe sample from Escherichia coli	NextSeq 500 sequencing: Barcode sequencing of E. coli evolving in antibiotics	2203637	110181850	ftp.sra.ebi.ac.uk/vol1/fastq/SRR105/019/SRR10553919/SRR10553919.fastq.gz	3593dad1ca58c54cae5c2c59a2e72745	44395532	SINGLE
SRR10553924	SAMN13424426	SRX7236022	Microbe sample from Escherichia coli	NextSeq 500 sequencing: Barcode sequencing of E. coli evolving in antibiotics	1805655	90282750	ftp.sra.ebi.ac.uk/vol1/fastq/SRR105/024/SRR10553924/SRR10553924.fastq.gz	cee026cb4b8a9c9b06aac39fa2cb9bfd	38045275	SINGLE
SRR10553926	SAMN13424424	SRX7236020	Microbe sample from Escherichia coli	NextSeq 500 sequencing: Barcode sequencing of E. coli evolving in antibiotics	1903823	95191150	ftp.sra.ebi.ac.uk/vol1/fastq/SRR105/026/SRR10553926/SRR10553926.fastq.gz	cda7a5344b7e4d3a1bf4591e69edf9c1	35852446	SINGLE
SRR10553929	SAMN13424421	SRX7236017	Microbe sample from Escherichia coli	NextSeq 500 sequencing: Barcode sequencing of E. coli evolving in antibiotics	3026735	151336750	ftp.sra.ebi.ac.uk/vol1/fastq/SRR105/029/SRR10553929/SRR10553929.fastq.gz	50a004b95655395eebf9a0b3a577e74c	69071069	SINGLE
SRR10553937	SAMN13424414	SRX7236009	Microbe sample from Escherichia coli	NextSeq 500 sequencing: Barcode sequencing of E. coli evolving in antibiotics	3105339	155266950	ftp.sra.ebi.ac.uk/vol1/fastq/SRR105/037/SRR10553937/SRR10553937.fastq.gz	4f9bfc23ca139f2e7be7ba281644d195	81704440	SINGLE
SRR10553938	SAMN13424413	SRX7236008	Microbe sample from Escherichia coli	NextSeq 500 sequencing: Barcode sequencing of E. coli evolving in antibiotics	3258227	162911350	ftp.sra.ebi.ac.uk/vol1/fastq/SRR105/038/SRR10553938/SRR10553938.fastq.gz	c0867d0a35853b6d75711c16c620daab	83648350	SINGLE
SRR10553942	SAMN13424409	SRX7236004	Microbe sample from Escherichia coli	NextSeq 500 sequencing: Barcode sequencing of E. coli evolving in antibiotics	2352690	117634500	ftp.sra.ebi.ac.uk/vol1/fastq/SRR105/042/SRR10553942/SRR10553942.fastq.gz	ccda92cc8c8ed26655034c652d6889d9	61266380	SINGLE
SRR10553951	SAMN13424401	SRX7235995	Microbe sample from Escherichia coli	NextSeq 500 sequencing: Barcode sequencing of E. coli evolving in antibiotics	926551	54666509	ftp.sra.ebi.ac.uk/vol1/fastq/SRR105/051/SRR10553951/SRR10553951.fastq.gz	d2ca5e38424a1c4951bc4b6cdcd200ec	12758224	SINGLE
SRR10553953	SAMN13424399	SRX7235993	Microbe sample from Escherichia coli	NextSeq 500 sequencing: Barcode sequencing of E. coli evolving in antibiotics	935309	55183231	ftp.sra.ebi.ac.uk/vol1/fastq/SRR105/053/SRR10553953/SRR10553953.fastq.gz	937517119b7c5cc26784a05110e4dad2	12233614	SINGLE
SRR10553955	SAMN13424397	SRX7235991	Microbe sample from Escherichia coli	NextSeq 500 sequencing: Barcode sequencing of E. coli evolving in antibiotics	852424	50293016	ftp.sra.ebi.ac.uk/vol1/fastq/SRR105/055/SRR10553955/SRR10553955.fastq.gz	c912e35aee881c55e6f070b54957130e	11966566	SINGLE
SRR10553957	SAMN13424396	SRX7235989	Microbe sample from Escherichia coli	NextSeq 500 sequencing: Barcode sequencing of E. coli evolving in antibiotics	848036	50034124	ftp.sra.ebi.ac.uk/vol1/fastq/SRR105/057/SRR10553957/SRR10553957.fastq.gz	b1ae5554f676f891e00dbfcf7171dfa7	11007316	SINGLE
SRR10553974	SAMN13424380	SRX7235972	Microbe sample from Escherichia coli	NextSeq 500 sequencing: Barcode sequencing of E. coli evolving in antibiotics	887750	52377250	ftp.sra.ebi.ac.uk/vol1/fastq/SRR105/074/SRR10553974/SRR10553974.fastq.gz	df05f9cbf304cc4278dee77b794c79c1	12155183	SINGLE
SRR10553981	SAMN13424374	SRX7235965	Microbe sample from Escherichia coli	NextSeq 500 sequencing: Barcode sequencing of E. coli evolving in antibiotics	856074	50508366	ftp.sra.ebi.ac.uk/vol1/fastq/SRR105/081/SRR10553981/SRR10553981.fastq.gz	dd321ece794972d7888881b294556cfc	14229741	SINGLE
SRR10553983	SAMN13424372	SRX7235963	Microbe sample from Escherichia coli	NextSeq 500 sequencing: Barcode sequencing of E. coli evolving in antibiotics	878434	51827606	ftp.sra.ebi.ac.uk/vol1/fastq/SRR105/083/SRR10553983/SRR10553983.fastq.gz	0372404b75faae08a7a2c7efd0c85804	13450904	SINGLE
SRR10553984	SAMN13424371	SRX7235962	Microbe sample from Escherichia coli	NextSeq 500 sequencing: Barcode sequencing of E. coli evolving in antibiotics	897129	52930611	ftp.sra.ebi.ac.uk/vol1/fastq/SRR105/084/SRR10553984/SRR10553984.fastq.gz	44331346c5d2dd04eb37da5fd0d001a4	14060449	SINGLE
SRR10553987	SAMN13424368	SRX7235959	Microbe sample from Escherichia coli	NextSeq 500 sequencing: Barcode sequencing of E. coli evolving in antibiotics	378575	22335925	ftp.sra.ebi.ac.uk/vol1/fastq/SRR105/087/SRR10553987/SRR10553987.fastq.gz	b1bf210d9bed8bb4424caa280f7a0df7	5248298	SINGLE
SRR10553989	SAMN13423611	SRX7235957	Microbe sample from Escherichia coli	NextSeq 500 sequencing: Barcode sequencing of E. coli evolving in antibiotics	362064	18103200	ftp.sra.ebi.ac.uk/vol1/fastq/SRR105/089/SRR10553989/SRR10553989.fastq.gz	989fbb37441f14130518953a9bb1e4b1	4453290	SINGLE
SRR10554001	SAMN13424356	SRX7235945	Microbe sample from Escherichia coli	NextSeq 500 sequencing: Barcode sequencing of E. coli evolving in antibiotics	901355	53179945	ftp.sra.ebi.ac.uk/vol1/fastq/SRR105/001/SRR10554001/SRR10554001.fastq.gz	6abff4305ea5a566e095d4c04fdf6ea6	14902241	SINGLE
SRR10554003	SAMN13424354	SRX7235943	Microbe sample from Escherichia coli	NextSeq 500 sequencing: Barcode sequencing of E. coli evolving in antibiotics	1172110	69154490	ftp.sra.ebi.ac.uk/vol1/fastq/SRR105/003/SRR10554003/SRR10554003.fastq.gz	9ce728f9c3c74d7a48ea356e2baaef35	24140395	SINGLE
SRR10554005	SAMN13424352	SRX7235941	Microbe sample from Escherichia coli	NextSeq 500 sequencing: Barcode sequencing of E. coli evolving in antibiotics	1174754	69310486	ftp.sra.ebi.ac.uk/vol1/fastq/SRR105/005/SRR10554005/SRR10554005.fastq.gz	1a3f833fec7401a12375f153ef8258f5	22923018	SINGLE
SRR10554006	SAMN13424351	SRX7235940	Microbe sample from Escherichia coli	NextSeq 500 sequencing: Barcode sequencing of E. coli evolving in antibiotics	1208487	71300733	ftp.sra.ebi.ac.uk/vol1/fastq/SRR105/006/SRR10554006/SRR10554006.fastq.gz	763bb780149d27c9c9ca982f8e5189b9	24078997	SINGLE
SRR10554011	SAMN13423609	SRX7235935	Microbe sample from Escherichia coli	NextSeq 500 sequencing: Barcode sequencing of E. coli evolving in antibiotics	572166	28608300	ftp.sra.ebi.ac.uk/vol1/fastq/SRR105/011/SRR10554011/SRR10554011.fastq.gz	4e426e55f060dbbf0e7ff7156f256f54	6988729	SINGLE
SRR10554020	SAMN13424338	SRX7235926	Microbe sample from Escherichia coli	NextSeq 500 sequencing: Barcode sequencing of E. coli evolving in antibiotics	1093623	64523757	ftp.sra.ebi.ac.uk/vol1/fastq/SRR105/020/SRR10554020/SRR10554020.fastq.gz	6fa5961583d6666753d9e73d257df638	14801703	SINGLE
SRR10554021	SAMN13424337	SRX7235925	Microbe sample from Escherichia coli	NextSeq 500 sequencing: Barcode sequencing of E. coli evolving in antibiotics	1108765	65417135	ftp.sra.ebi.ac.uk/vol1/fastq/SRR105/021/SRR10554021/SRR10554021.fastq.gz	2812115e40a851656b4b4b28b609ae62	14924212	SINGLE
SRR10554022	SAMN13423608	SRX7235924	Microbe sample from Escherichia coli	NextSeq 500 sequencing: Barcode sequencing of E. coli evolving in antibiotics	556143	27807150	ftp.sra.ebi.ac.uk/vol1/fastq/SRR105/022/SRR10554022/SRR10554022.fastq.gz	770ed738dc1855af44d7f9aaf9629f86	6408373	SINGLE
SRR10554024	SAMN13424335	SRX7235922	Microbe sample from Escherichia coli	NextSeq 500 sequencing: Barcode sequencing of E. coli evolving in antibiotics	1123823	66305557	ftp.sra.ebi.ac.uk/vol1/fastq/SRR105/024/SRR10554024/SRR10554024.fastq.gz	cdd3d2461468adcaa28f5f86d802243c	14344604	SINGLE
SRR10554026	SAMN13424333	SRX7235920	Microbe sample from Escherichia coli	NextSeq 500 sequencing: Barcode sequencing of E. coli evolving in antibiotics	1038507	61271913	ftp.sra.ebi.ac.uk/vol1/fastq/SRR105/026/SRR10554026/SRR10554026.fastq.gz	a7a08d84d00de6987be943c9b0f901d0	13854195	SINGLE
SRR10554027	SAMN13424332	SRX7235919	Microbe sample from Escherichia coli	NextSeq 500 sequencing: Barcode sequencing of E. coli evolving in antibiotics	1027923	60647457	ftp.sra.ebi.ac.uk/vol1/fastq/SRR105/027/SRR10554027/SRR10554027.fastq.gz	72bd4b608df0fec2ae16aaf104236e1b	12620907	SINGLE
SRR10554028	SAMN13424331	SRX7235918	Microbe sample from Escherichia coli	NextSeq 500 sequencing: Barcode sequencing of E. coli evolving in antibiotics	1049930	61945870	ftp.sra.ebi.ac.uk/vol1/fastq/SRR105/028/SRR10554028/SRR10554028.fastq.gz	12fe3d788b69f3b307fb7b9da287a290	13270615	SINGLE
SRR10554034	SAMN13423535	SRX7235912	Microbe sample from Escherichia coli	NextSeq 500 sequencing: Barcode sequencing of E. coli evolving in antibiotics	538108	26905400	ftp.sra.ebi.ac.uk/vol1/fastq/SRR105/034/SRR10554034/SRR10554034.fastq.gz	1ea5f83578055fc0d37d6a0e1a6721fa	5615837	SINGLE
SRR10554035	SAMN13424326	SRX7235911	Microbe sample from Escherichia coli	NextSeq 500 sequencing: Barcode sequencing of E. coli evolving in antibiotics	1053076	62131484	ftp.sra.ebi.ac.uk/vol1/fastq/SRR105/035/SRR10554035/SRR10554035.fastq.gz	baa6d37b3231bf9c8c3bf1dde9b673ad	14058153	SINGLE
SRR10554047	SAMN13424315	SRX7235899	Microbe sample from Escherichia coli	NextSeq 500 sequencing: Barcode sequencing of E. coli evolving in antibiotics	977873	57694507	ftp.sra.ebi.ac.uk/vol1/fastq/SRR105/047/SRR10554047/SRR10554047.fastq.gz	aee592ceeb873e155a8b558f582214fb	12822324	SINGLE
SRR10554048	SAMN13424314	SRX7235898	Microbe sample from Escherichia coli	NextSeq 500 sequencing: Barcode sequencing of E. coli evolving in antibiotics	333902	19700218	ftp.sra.ebi.ac.uk/vol1/fastq/SRR105/048/SRR10554048/SRR10554048.fastq.gz	a13f199731b086cc757f306c7cec43c4	5257627	SINGLE
SRR10554060	SAMN13424303	SRX7235886	Microbe sample from Escherichia coli	NextSeq 500 sequencing: Barcode sequencing of E. coli evolving in antibiotics	1145931	67609929	ftp.sra.ebi.ac.uk/vol1/fastq/SRR105/060/SRR10554060/SRR10554060.fastq.gz	cf0edd2c6076fa47a8a724d65d5caf2e	15964389	SINGLE
SRR10554065	SAMN13424298	SRX7235881	Microbe sample from Escherichia coli	NextSeq 500 sequencing: Barcode sequencing of E. coli evolving in antibiotics	1200176	70810384	ftp.sra.ebi.ac.uk/vol1/fastq/SRR105/065/SRR10554065/SRR10554065.fastq.gz	a64a3a85ed22cf8de045242e895aa0f0	18105137	SINGLE
SRR10554068	SAMN13424296	SRX7235878	Microbe sample from Escherichia coli	NextSeq 500 sequencing: Barcode sequencing of E. coli evolving in antibiotics	1205227	71108393	ftp.sra.ebi.ac.uk/vol1/fastq/SRR105/068/SRR10554068/SRR10554068.fastq.gz	a7eb750d4d5bd8001f502019cba8cd7b	16881120	SINGLE
SRR10554073	SAMN13424291	SRX7235873	Microbe sample from Escherichia coli	NextSeq 500 sequencing: Barcode sequencing of E. coli evolving in antibiotics	1293662	76326058	ftp.sra.ebi.ac.uk/vol1/fastq/SRR105/073/SRR10554073/SRR10554073.fastq.gz	b64faea73611d10236f70a9bcede201d	21390545	SINGLE
SRR10554079	SAMN13424286	SRX7235867	Microbe sample from Escherichia coli	NextSeq 500 sequencing: Barcode sequencing of E. coli evolving in antibiotics	1244966	73452994	ftp.sra.ebi.ac.uk/vol1/fastq/SRR105/079/SRR10554079/SRR10554079.fastq.gz	1b9f756822840dc59b8260e8cea64895	25580306	SINGLE
SRR10554081	SAMN13424284	SRX7235865	Microbe sample from Escherichia coli	NextSeq 500 sequencing: Barcode sequencing of E. coli evolving in antibiotics	1245414	73479426	ftp.sra.ebi.ac.uk/vol1/fastq/SRR105/081/SRR10554081/SRR10554081.fastq.gz	07a04d33fbf2e6cb7a522df9ef440972	24317005	SINGLE
SRR10554085	SAMN13424280	SRX7235861	Microbe sample from Escherichia coli	NextSeq 500 sequencing: Barcode sequencing of E. coli evolving in antibiotics	1227085	72398015	ftp.sra.ebi.ac.uk/vol1/fastq/SRR105/085/SRR10554085/SRR10554085.fastq.gz	a3a0760e5b55aa0cec4664144b29ff64	24041685	SINGLE
SRR10554088	SAMN13424277	SRX7235858	Microbe sample from Escherichia coli	NextSeq 500 sequencing: Barcode sequencing of E. coli evolving in antibiotics	2178791	108939550	ftp.sra.ebi.ac.uk/vol1/fastq/SRR105/088/SRR10554088/SRR10554088.fastq.gz	8987608244d04825a60ef534323cada0	41706737	SINGLE
SRR10554109	SAMN13424258	SRX7235837	Microbe sample from Escherichia coli	NextSeq 500 sequencing: Barcode sequencing of E. coli evolving in antibiotics	1887514	94375700	ftp.sra.ebi.ac.uk/vol1/fastq/SRR105/009/SRR10554109/SRR10554109.fastq.gz	c5c5713a3b7fc805acd77a4c6b6036bb	41460587	SINGLE
SRR10554118	SAMN13424250	SRX7235828	Microbe sample from Escherichia coli	NextSeq 500 sequencing: Barcode sequencing of E. coli evolving in antibiotics	2142089	107104450	ftp.sra.ebi.ac.uk/vol1/fastq/SRR105/018/SRR10554118/SRR10554118.fastq.gz	d075e6ada14fe6f69d63253c14d81998	45866174	SINGLE
SRR10554119	SAMN13424249	SRX7235827	Microbe sample from Escherichia coli	NextSeq 500 sequencing: Barcode sequencing of E. coli evolving in antibiotics	2297443	114872150	ftp.sra.ebi.ac.uk/vol1/fastq/SRR105/019/SRR10554119/SRR10554119.fastq.gz	8eb4b5f5a214af12244969f41408acf8	47010186	SINGLE
SRR10554121	SAMN13424247	SRX7235825	Microbe sample from Escherichia coli	NextSeq 500 sequencing: Barcode sequencing of E. coli evolving in antibiotics	2342809	117140450	ftp.sra.ebi.ac.uk/vol1/fastq/SRR105/021/SRR10554121/SRR10554121.fastq.gz	3defb2b1d5ec3ecdb4b3845a0f6b8943	46398075	SINGLE
SRR10554123	SAMN13424246	SRX7235823	Microbe sample from Escherichia coli	NextSeq 500 sequencing: Barcode sequencing of E. coli evolving in antibiotics	2044691	102234550	ftp.sra.ebi.ac.uk/vol1/fastq/SRR105/023/SRR10554123/SRR10554123.fastq.gz	ff284d5b89d10f91dfefba82254a2d52	43116143	SINGLE
SRR10554124	SAMN13424245	SRX7235822	Microbe sample from Escherichia coli	NextSeq 500 sequencing: Barcode sequencing of E. coli evolving in antibiotics	2159235	107961750	ftp.sra.ebi.ac.uk/vol1/fastq/SRR105/024/SRR10554124/SRR10554124.fastq.gz	706333ab7eaa032624ec98a8df67d646	44138795	SINGLE
SRR10554126	SAMN13424243	SRX7235820	Microbe sample from Escherichia coli	NextSeq 500 sequencing: Barcode sequencing of E. coli evolving in antibiotics	2197299	109864950	ftp.sra.ebi.ac.uk/vol1/fastq/SRR105/026/SRR10554126/SRR10554126.fastq.gz	f9f74ed8fe6de5cc432cd70f9e6b3f1e	43579872	SINGLE
SRR10554129	SAMN13424240	SRX7235817	Microbe sample from Escherichia coli	NextSeq 500 sequencing: Barcode sequencing of E. coli evolving in antibiotics	2760864	138043200	ftp.sra.ebi.ac.uk/vol1/fastq/SRR105/029/SRR10554129/SRR10554129.fastq.gz	9fe46620dd6545958a7cd435edc9faf5	54426850	SINGLE
SRR10554134	SAMN13424236	SRX7235812	Microbe sample from Escherichia coli	NextSeq 500 sequencing: Barcode sequencing of E. coli evolving in antibiotics	2331635	116581750	ftp.sra.ebi.ac.uk/vol1/fastq/SRR105/034/SRR10554134/SRR10554134.fastq.gz	92f9cd47a4a6337d151b623967259072	48792283	SINGLE
SRR10554147	SAMN13423983	SRX7236471	Microbe sample from Escherichia coli	NextSeq 500 sequencing: Barcode sequencing of E. coli evolving in antibiotics	582634	29131700	ftp.sra.ebi.ac.uk/vol1/fastq/SRR105/047/SRR10554147/SRR10554147.fastq.gz	c4355059aefb85ffc9ca21f2732d21f8	7221095	SINGLE
SRR10554160	SAMN13423971	SRX7236458	Microbe sample from Escherichia coli	NextSeq 500 sequencing: Barcode sequencing of E. coli evolving in antibiotics	830383	41519150	ftp.sra.ebi.ac.uk/vol1/fastq/SRR105/060/SRR10554160/SRR10554160.fastq.gz	46c8da618942d895dc75ad7563e72344	14745663	SINGLE
SRR10554173	SAMN13423959	SRX7236445	Microbe sample from Escherichia coli	NextSeq 500 sequencing: Barcode sequencing of E. coli evolving in antibiotics	580786	29039300	ftp.sra.ebi.ac.uk/vol1/fastq/SRR105/073/SRR10554173/SRR10554173.fastq.gz	069c603165d768d33979bb0a195d54b9	6866691	SINGLE
SRR10554183	SAMN13423950	SRX7236435	Microbe sample from Escherichia coli	NextSeq 500 sequencing: Barcode sequencing of E. coli evolving in antibiotics	540809	27040450	ftp.sra.ebi.ac.uk/vol1/fastq/SRR105/083/SRR10554183/SRR10554183.fastq.gz	0b830bd6279528a29509a679ddb95f07	5933454	SINGLE
SRR10554187	SAMN13423569	SRX7236431	Microbe sample from Escherichia coli	NextSeq 500 sequencing: Barcode sequencing of E. coli evolving in antibiotics	636206	31810300	ftp.sra.ebi.ac.uk/vol1/fastq/SRR105/087/SRR10554187/SRR10554187.fastq.gz	d40ca69216145ec688d05c14ebcf059a	7234431	SINGLE
SRR10554191	SAMN13423943	SRX7236427	Microbe sample from Escherichia coli	NextSeq 500 sequencing: Barcode sequencing of E. coli evolving in antibiotics	882946	44147300	ftp.sra.ebi.ac.uk/vol1/fastq/SRR105/091/SRR10554191/SRR10554191.fastq.gz	9f1be115315ea848ca71649dfd166ba0	10344606	SINGLE
SRR10554198	SAMN13423568	SRX7236420	Microbe sample from Escherichia coli	NextSeq 500 sequencing: Barcode sequencing of E. coli evolving in antibiotics	626609	31330450	ftp.sra.ebi.ac.uk/vol1/fastq/SRR105/098/SRR10554198/SRR10554198.fastq.gz	9ac2ade9e654547b1617672a8dbedd2c	6667481	SINGLE
SRR10554217	SAMN13423920	SRX7236401	Microbe sample from Escherichia coli	NextSeq 500 sequencing: Barcode sequencing of E. coli evolving in antibiotics	700298	35014900	ftp.sra.ebi.ac.uk/vol1/fastq/SRR105/017/SRR10554217/SRR10554217.fastq.gz	694dbd4fc9df9c2a5ae83faa428a5456	9193600	SINGLE
SRR10554229	SAMN13423909	SRX7236389	Microbe sample from Escherichia coli	NextSeq 500 sequencing: Barcode sequencing of E. coli evolving in antibiotics	766698	38334900	ftp.sra.ebi.ac.uk/vol1/fastq/SRR105/029/SRR10554229/SRR10554229.fastq.gz	f944b59f2dc604eba6b51030b8cf2b0d	13406756	SINGLE
SRR10554230	SAMN13423908	SRX7236388	Microbe sample from Escherichia coli	NextSeq 500 sequencing: Barcode sequencing of E. coli evolving in antibiotics	757324	37866200	ftp.sra.ebi.ac.uk/vol1/fastq/SRR105/030/SRR10554230/SRR10554230.fastq.gz	69c0f70762a999c69da5c36efd3083ac	12676396	SINGLE
SRR10554236	SAMN13423903	SRX7236382	Microbe sample from Escherichia coli	NextSeq 500 sequencing: Barcode sequencing of E. coli evolving in antibiotics	636176	37534384	ftp.sra.ebi.ac.uk/vol1/fastq/SRR105/036/SRR10554236/SRR10554236.fastq.gz	a44e26ea0dad595ced42f4719dc35e1e	7390353	SINGLE
SRR10554239	SAMN13423900	SRX7236379	Microbe sample from Escherichia coli	NextSeq 500 sequencing: Barcode sequencing of E. coli evolving in antibiotics	691425	40794075	ftp.sra.ebi.ac.uk/vol1/fastq/SRR105/039/SRR10554239/SRR10554239.fastq.gz	f516bddf3b94018798a1f2ede3595242	7870097	SINGLE
SRR10554245	SAMN13423895	SRX7236373	Microbe sample from Escherichia coli	NextSeq 500 sequencing: Barcode sequencing of E. coli evolving in antibiotics	691950	40825050	ftp.sra.ebi.ac.uk/vol1/fastq/SRR105/045/SRR10554245/SRR10554245.fastq.gz	937654dd25de86d00f594a2c058a8fcb	8063836	SINGLE
SRR10554258	SAMN13423883	SRX7236360	Microbe sample from Escherichia coli	NextSeq 500 sequencing: Barcode sequencing of E. coli evolving in antibiotics	762653	44996527	ftp.sra.ebi.ac.uk/vol1/fastq/SRR105/058/SRR10554258/SRR10554258.fastq.gz	6f750e91a13762edd813a1ab7f840791	9761380	SINGLE
SRR10554259	SAMN13423882	SRX7236359	Microbe sample from Escherichia coli	NextSeq 500 sequencing: Barcode sequencing of E. coli evolving in antibiotics	804643	47473937	ftp.sra.ebi.ac.uk/vol1/fastq/SRR105/059/SRR10554259/SRR10554259.fastq.gz	7e9d6b817bedbe59b55cb1bec8dd6ada	11061002	SINGLE
SRR10554263	SAMN13423878	SRX7236355	Microbe sample from Escherichia coli	NextSeq 500 sequencing: Barcode sequencing of E. coli evolving in antibiotics	944832	55745088	ftp.sra.ebi.ac.uk/vol1/fastq/SRR105/063/SRR10554263/SRR10554263.fastq.gz	88f338d307cc5d4573f65e850577f2c0	14761639	SINGLE
SRR10554266	SAMN13423876	SRX7236352	Microbe sample from Escherichia coli	NextSeq 500 sequencing: Barcode sequencing of E. coli evolving in antibiotics	962133	56765847	ftp.sra.ebi.ac.uk/vol1/fastq/SRR105/066/SRR10554266/SRR10554266.fastq.gz	8e13413f563161d4fe4c770b1351e3ff	13735711	SINGLE
SRR10554268	SAMN13423874	SRX7236350	Microbe sample from Escherichia coli	NextSeq 500 sequencing: Barcode sequencing of E. coli evolving in antibiotics	975593	57559987	ftp.sra.ebi.ac.uk/vol1/fastq/SRR105/068/SRR10554268/SRR10554268.fastq.gz	cdc31e36a1ecdd457ca1c32883939157	15431938	SINGLE
SRR10554279	SAMN13423864	SRX7236339	Microbe sample from Escherichia coli	NextSeq 500 sequencing: Barcode sequencing of E. coli evolving in antibiotics	1132484	66816556	ftp.sra.ebi.ac.uk/vol1/fastq/SRR105/079/SRR10554279/SRR10554279.fastq.gz	28a3de6c1df874dd1206bd9f6556c7cc	15659106	SINGLE
SRR10554281	SAMN13423862	SRX7236337	Microbe sample from Escherichia coli	NextSeq 500 sequencing: Barcode sequencing of E. coli evolving in antibiotics	1105186	65205974	ftp.sra.ebi.ac.uk/vol1/fastq/SRR105/081/SRR10554281/SRR10554281.fastq.gz	f9efcdd92b378db7122da24eb9c11feb	17327941	SINGLE
SRR10554287	SAMN13423560	SRX7236331	Microbe sample from Escherichia coli	NextSeq 500 sequencing: Barcode sequencing of E. coli evolving in antibiotics	627843	31392150	ftp.sra.ebi.ac.uk/vol1/fastq/SRR105/087/SRR10554287/SRR10554287.fastq.gz	66adcc4eab88ef3cd3581509d2795d04	6005046	SINGLE
SRR10554289	SAMN13423855	SRX7236329	Microbe sample from Escherichia coli	NextSeq 500 sequencing: Barcode sequencing of E. coli evolving in antibiotics	1197778	70668902	ftp.sra.ebi.ac.uk/vol1/fastq/SRR105/089/SRR10554289/SRR10554289.fastq.gz	ddb636b5b325c18c31a4c33c13efed8f	20494072	SINGLE
SRR10554292	SAMN13423852	SRX7236326	Microbe sample from Escherichia coli	NextSeq 500 sequencing: Barcode sequencing of E. coli evolving in antibiotics	158	9322	ftp.sra.ebi.ac.uk/vol1/fastq/SRR105/092/SRR10554292/SRR10554292.fastq.gz	b85a81b70c6f18c6aca33c2a73f481b1	2879	SINGLE
SRR10554293	SAMN13423851	SRX7236325	Microbe sample from Escherichia coli	NextSeq 500 sequencing: Barcode sequencing of E. coli evolving in antibiotics	141	8319	ftp.sra.ebi.ac.uk/vol1/fastq/SRR105/093/SRR10554293/SRR10554293.fastq.gz	8bf4c0c734bff552ab6193fc4e432a4e	2630	SINGLE
SRR10554294	SAMN13423850	SRX7236324	Microbe sample from Escherichia coli	NextSeq 500 sequencing: Barcode sequencing of E. coli evolving in antibiotics	1297638	76560642	ftp.sra.ebi.ac.uk/vol1/fastq/SRR105/094/SRR10554294/SRR10554294.fastq.gz	f439a3d6fa339434f2c047e5ae6f8e45	26571349	SINGLE
SRR10554296	SAMN13423848	SRX7236322	Microbe sample from Escherichia coli	NextSeq 500 sequencing: Barcode sequencing of E. coli evolving in antibiotics	1302085	76823015	ftp.sra.ebi.ac.uk/vol1/fastq/SRR105/096/SRR10554296/SRR10554296.fastq.gz	a0d79441e07b622dd85dd4f81f85d300	25286009	SINGLE
SRR10554298	SAMN13423559	SRX7236320	Microbe sample from Escherichia coli	NextSeq 500 sequencing: Barcode sequencing of E. coli evolving in antibiotics	621084	31054200	ftp.sra.ebi.ac.uk/vol1/fastq/SRR105/098/SRR10554298/SRR10554298.fastq.gz	78cff0b6e6ea45fee8169278abebb4fe	6601196	SINGLE
SRR10554299	SAMN13423846	SRX7236319	Microbe sample from Escherichia coli	NextSeq 500 sequencing: Barcode sequencing of E. coli evolving in antibiotics	1002461	59145199	ftp.sra.ebi.ac.uk/vol1/fastq/SRR105/099/SRR10554299/SRR10554299.fastq.gz	d096c6d325f1db968799135714bab319	20638021	SINGLE
SRR10554300	SAMN13423845	SRX7236318	Microbe sample from Escherichia coli	NextSeq 500 sequencing: Barcode sequencing of E. coli evolving in antibiotics	1015392	59908128	ftp.sra.ebi.ac.uk/vol1/fastq/SRR105/000/SRR10554300/SRR10554300.fastq.gz	044c2a8c947f00cbdefcfdade000bfb3	20940778	SINGLE
SRR10554309	SAMN13423558	SRX7236309	Microbe sample from Escherichia coli	NextSeq 500 sequencing: Barcode sequencing of E. coli evolving in antibiotics	505301	25265050	ftp.sra.ebi.ac.uk/vol1/fastq/SRR105/009/SRR10554309/SRR10554309.fastq.gz	3ff60f3e35dd4dcc1d09218079d947e1	5552280	SINGLE
SRR10554313	SAMN13423833	SRX7236305	Microbe sample from Escherichia coli	NextSeq 500 sequencing: Barcode sequencing of E. coli evolving in antibiotics	547846	27392300	ftp.sra.ebi.ac.uk/vol1/fastq/SRR105/013/SRR10554313/SRR10554313.fastq.gz	af57bea5d94ac6620e6be85189c72553	5830531	SINGLE
SRR10554314	SAMN13423832	SRX7236304	Microbe sample from Escherichia coli	NextSeq 500 sequencing: Barcode sequencing of E. coli evolving in antibiotics	540700	27035000	ftp.sra.ebi.ac.uk/vol1/fastq/SRR105/014/SRR10554314/SRR10554314.fastq.gz	3875bcaf5142254b0de8652ccec02285	5337987	SINGLE
SRR10554318	SAMN13423828	SRX7236300	Microbe sample from Escherichia coli	NextSeq 500 sequencing: Barcode sequencing of E. coli evolving in antibiotics	560991	28049550	ftp.sra.ebi.ac.uk/vol1/fastq/SRR105/018/SRR10554318/SRR10554318.fastq.gz	8807c1ed00001c01b4dbba57a6291794	5359707	SINGLE
SRR10554326	SAMN13423822	SRX7236292	Microbe sample from Escherichia coli	NextSeq 500 sequencing: Barcode sequencing of E. coli evolving in antibiotics	649918	32495900	ftp.sra.ebi.ac.uk/vol1/fastq/SRR105/026/SRR10554326/SRR10554326.fastq.gz	bbbfd28daa02de301af893309d4500a4	7591643	SINGLE
SRR10554333	SAMN13423816	SRX7236285	Microbe sample from Escherichia coli	NextSeq 500 sequencing: Barcode sequencing of E. coli evolving in antibiotics	543857	27192850	ftp.sra.ebi.ac.uk/vol1/fastq/SRR105/033/SRR10554333/SRR10554333.fastq.gz	5f7702718f4e41d1a800de3e814f1fd1	5634392	SINGLE
SRR10554336	SAMN13423813	SRX7236282	Microbe sample from Escherichia coli	NextSeq 500 sequencing: Barcode sequencing of E. coli evolving in antibiotics	649793	32489650	ftp.sra.ebi.ac.uk/vol1/fastq/SRR105/036/SRR10554336/SRR10554336.fastq.gz	07ef909a0f6f7cd8b92a99e354398d6e	7512891	SINGLE
SRR10554338	SAMN13423811	SRX7236280	Microbe sample from Escherichia coli	NextSeq 500 sequencing: Barcode sequencing of E. coli evolving in antibiotics	636618	31830900	ftp.sra.ebi.ac.uk/vol1/fastq/SRR105/038/SRR10554338/SRR10554338.fastq.gz	1127b9e3721b2de95efb90684bad83e3	7564427	SINGLE
SRR10554339	SAMN13423810	SRX7236279	Microbe sample from Escherichia coli	NextSeq 500 sequencing: Barcode sequencing of E. coli evolving in antibiotics	549163	27458150	ftp.sra.ebi.ac.uk/vol1/fastq/SRR105/039/SRR10554339/SRR10554339.fastq.gz	e4811f14cc25a7b31d7e233364b76932	5710495	SINGLE
SRR10554340	SAMN13423809	SRX7236278	Microbe sample from Escherichia coli	NextSeq 500 sequencing: Barcode sequencing of E. coli evolving in antibiotics	555515	27775750	ftp.sra.ebi.ac.uk/vol1/fastq/SRR105/040/SRR10554340/SRR10554340.fastq.gz	b9450a47b10122659d7c732cccf2a2b6	5663180	SINGLE
SRR10554342	SAMN13423807	SRX7236276	Microbe sample from Escherichia coli	NextSeq 500 sequencing: Barcode sequencing of E. coli evolving in antibiotics	541056	27052800	ftp.sra.ebi.ac.uk/vol1/fastq/SRR105/042/SRR10554342/SRR10554342.fastq.gz	52914b10315f6b0d2dfabfcc0854b11c	5696555	SINGLE
SRR10554344	SAMN13423806	SRX7236274	Microbe sample from Escherichia coli	NextSeq 500 sequencing: Barcode sequencing of E. coli evolving in antibiotics	530765	26538250	ftp.sra.ebi.ac.uk/vol1/fastq/SRR105/044/SRR10554344/SRR10554344.fastq.gz	c3806e9fc07692a625b3254417667cef	5895141	SINGLE
SRR10554352	SAMN13423798	SRX7236266	Microbe sample from Escherichia coli	NextSeq 500 sequencing: Barcode sequencing of E. coli evolving in antibiotics	612839	30641950	ftp.sra.ebi.ac.uk/vol1/fastq/SRR105/052/SRR10554352/SRR10554352.fastq.gz	74288eca0a30d1ed595842f00f890852	6731430	SINGLE
SRR10554355	SAMN13423796	SRX7236263	Microbe sample from Escherichia coli	NextSeq 500 sequencing: Barcode sequencing of E. coli evolving in antibiotics	612914	30645700	ftp.sra.ebi.ac.uk/vol1/fastq/SRR105/055/SRR10554355/SRR10554355.fastq.gz	2c6d39044c69810a202fb57237c25eae	6158900	SINGLE
SRR10554356	SAMN13423795	SRX7236262	Microbe sample from Escherichia coli	NextSeq 500 sequencing: Barcode sequencing of E. coli evolving in antibiotics	604825	30241250	ftp.sra.ebi.ac.uk/vol1/fastq/SRR105/056/SRR10554356/SRR10554356.fastq.gz	8314f3755b288453ea79516914d6329e	6714461	SINGLE
SRR10554357	SAMN13423794	SRX7236261	Microbe sample from Escherichia coli	NextSeq 500 sequencing: Barcode sequencing of E. coli evolving in antibiotics	605232	30261600	ftp.sra.ebi.ac.uk/vol1/fastq/SRR105/057/SRR10554357/SRR10554357.fastq.gz	f452887638a0a7b845939190ff4dd824	6560046	SINGLE
SRR10554365	SAMN13423553	SRX7236253	Microbe sample from Escherichia coli	NextSeq 500 sequencing: Barcode sequencing of E. coli evolving in antibiotics	494477	24723850	ftp.sra.ebi.ac.uk/vol1/fastq/SRR105/065/SRR10554365/SRR10554365.fastq.gz	7b2d9356253a9bf657420928039fc622	5879618	SINGLE
SRR10554368	SAMN13423784	SRX7236250	Microbe sample from Escherichia coli	NextSeq 500 sequencing: Barcode sequencing of E. coli evolving in antibiotics	714001	35700050	ftp.sra.ebi.ac.uk/vol1/fastq/SRR105/068/SRR10554368/SRR10554368.fastq.gz	2f2d19795bce5954554acecea3bca92a	11729220	SINGLE
SRR10554373	SAMN13423779	SRX7236245	Microbe sample from Escherichia coli	NextSeq 500 sequencing: Barcode sequencing of E. coli evolving in antibiotics	879812	43990600	ftp.sra.ebi.ac.uk/vol1/fastq/SRR105/073/SRR10554373/SRR10554373.fastq.gz	71259537bde453d5c64abf5a01809bc3	15765859	SINGLE
SRR10554374	SAMN13423778	SRX7236244	Microbe sample from Escherichia coli	NextSeq 500 sequencing: Barcode sequencing of E. coli evolving in antibiotics	619156	30957800	ftp.sra.ebi.ac.uk/vol1/fastq/SRR105/074/SRR10554374/SRR10554374.fastq.gz	097b2dd251f085f861bf366c0b3bc409	7197848	SINGLE
SRR10554376	SAMN13423552	SRX7236242	Microbe sample from Escherichia coli	NextSeq 500 sequencing: Barcode sequencing of E. coli evolving in antibiotics	493506	24675300	ftp.sra.ebi.ac.uk/vol1/fastq/SRR105/076/SRR10554376/SRR10554376.fastq.gz	3b4042322e1ced05b4ca462707c5646d	5392377	SINGLE
SRR10554380	SAMN13423773	SRX7236238	Microbe sample from Escherichia coli	NextSeq 500 sequencing: Barcode sequencing of E. coli evolving in antibiotics	597243	29862150	ftp.sra.ebi.ac.uk/vol1/fastq/SRR105/080/SRR10554380/SRR10554380.fastq.gz	ff9eceeeed6ef949fb4231e7039f2ed3	6830728	SINGLE
SRR10554384	SAMN13423769	SRX7236234	Microbe sample from Escherichia coli	NextSeq 500 sequencing: Barcode sequencing of E. coli evolving in antibiotics	719708	35985400	ftp.sra.ebi.ac.uk/vol1/fastq/SRR105/084/SRR10554384/SRR10554384.fastq.gz	7cd2b9928ada5119c2c558d43a3411b4	8085115	SINGLE
SRR10554389	SAMN13423765	SRX7236229	Microbe sample from Escherichia coli	NextSeq 500 sequencing: Barcode sequencing of E. coli evolving in antibiotics	715062	35753100	ftp.sra.ebi.ac.uk/vol1/fastq/SRR105/089/SRR10554389/SRR10554389.fastq.gz	0d370ea08929e1933a5c7a62a53cb304	8343863	SINGLE
SRR10554390	SAMN13423764	SRX7236228	Microbe sample from Escherichia coli	NextSeq 500 sequencing: Barcode sequencing of E. coli evolving in antibiotics	707111	35355550	ftp.sra.ebi.ac.uk/vol1/fastq/SRR105/090/SRR10554390/SRR10554390.fastq.gz	d6d2f67f347f2b668962c82c8da7417b	7741875	SINGLE
SRR10554391	SAMN13423763	SRX7236227	Microbe sample from Escherichia coli	NextSeq 500 sequencing: Barcode sequencing of E. coli evolving in antibiotics	698168	34908400	ftp.sra.ebi.ac.uk/vol1/fastq/SRR105/091/SRR10554391/SRR10554391.fastq.gz	cae289e5712d197e492dea0b12c11d6f	8390426	SINGLE
SRR10554405	SAMN13423750	SRX7236213	Microbe sample from Escherichia coli	NextSeq 500 sequencing: Barcode sequencing of E. coli evolving in antibiotics	612162	30608100	ftp.sra.ebi.ac.uk/vol1/fastq/SRR105/005/SRR10554405/SRR10554405.fastq.gz	8acd426d06f097b245b5823f5625ec1c	7238670	SINGLE
SRR10554407	SAMN13423748	SRX7236211	Microbe sample from Escherichia coli	NextSeq 500 sequencing: Barcode sequencing of E. coli evolving in antibiotics	615325	30766250	ftp.sra.ebi.ac.uk/vol1/fastq/SRR105/007/SRR10554407/SRR10554407.fastq.gz	4fcba46ac471963de200960405dc769b	6688624	SINGLE
SRR10554408	SAMN13423747	SRX7236210	Microbe sample from Escherichia coli	NextSeq 500 sequencing: Barcode sequencing of E. coli evolving in antibiotics	603328	30166400	ftp.sra.ebi.ac.uk/vol1/fastq/SRR105/008/SRR10554408/SRR10554408.fastq.gz	03019498e256dc4b155cb72936ddb1c6	7190479	SINGLE
SRR10554413	SAMN13423743	SRX7236205	Microbe sample from Escherichia coli	NextSeq 500 sequencing: Barcode sequencing of E. coli evolving in antibiotics	621793	31089650	ftp.sra.ebi.ac.uk/vol1/fastq/SRR105/013/SRR10554413/SRR10554413.fastq.gz	7ec3a4ef8d8b392527a5e89c5b3a67a1	8368683	SINGLE
SRR10554415	SAMN13423741	SRX7236203	Microbe sample from Escherichia coli	NextSeq 500 sequencing: Barcode sequencing of E. coli evolving in antibiotics	627523	31376150	ftp.sra.ebi.ac.uk/vol1/fastq/SRR105/015/SRR10554415/SRR10554415.fastq.gz	6f463b5a1ff3b0a2f1105f386ab1257b	8230506	SINGLE
SRR10554423	SAMN13423734	SRX7236195	Microbe sample from Escherichia coli	NextSeq 500 sequencing: Barcode sequencing of E. coli evolving in antibiotics	724765	36238250	ftp.sra.ebi.ac.uk/vol1/fastq/SRR105/023/SRR10554423/SRR10554423.fastq.gz	4df7c71ff6e3d07ab3fa549b537a8fda	8943532	SINGLE
SRR10554427	SAMN13423730	SRX7236191	Microbe sample from Escherichia coli	NextSeq 500 sequencing: Barcode sequencing of E. coli evolving in antibiotics	892905	44645250	ftp.sra.ebi.ac.uk/vol1/fastq/SRR105/027/SRR10554427/SRR10554427.fastq.gz	b77eb5005c09f3f3db1adfb6834c3c54	14166218	SINGLE
SRR10554431	SAMN13423547	SRX7236187	Microbe sample from Escherichia coli	NextSeq 500 sequencing: Barcode sequencing of E. coli evolving in antibiotics	536208	26810400	ftp.sra.ebi.ac.uk/vol1/fastq/SRR105/031/SRR10554431/SRR10554431.fastq.gz	dfe156eaecf456719ae200f7dc24736c	5621847	SINGLE
SRR10554435	SAMN13423724	SRX7236183	Microbe sample from Escherichia coli	NextSeq 500 sequencing: Barcode sequencing of E. coli evolving in antibiotics	927310	46365500	ftp.sra.ebi.ac.uk/vol1/fastq/SRR105/035/SRR10554435/SRR10554435.fastq.gz	f1eb9dc601f1c4675c2ae7dd1d00d6cc	15500818	SINGLE
SRR10554437	SAMN13423722	SRX7236181	Microbe sample from Escherichia coli	NextSeq 500 sequencing: Barcode sequencing of E. coli evolving in antibiotics	705454	35272700	ftp.sra.ebi.ac.uk/vol1/fastq/SRR105/037/SRR10554437/SRR10554437.fastq.gz	ffc81003e52ba76e44b70f295cfafb17	12310183	SINGLE
SRR10554445	SAMN13423715	SRX7236173	Microbe sample from Escherichia coli	NextSeq 500 sequencing: Barcode sequencing of E. coli evolving in antibiotics	674955	39822345	ftp.sra.ebi.ac.uk/vol1/fastq/SRR105/045/SRR10554445/SRR10554445.fastq.gz	aef97945fd58aeda53dc36e742a3510a	7343575	SINGLE
SRR10554448	SAMN13423712	SRX7236170	Microbe sample from Escherichia coli	NextSeq 500 sequencing: Barcode sequencing of E. coli evolving in antibiotics	665323	39254057	ftp.sra.ebi.ac.uk/vol1/fastq/SRR105/048/SRR10554448/SRR10554448.fastq.gz	08a8642a39d411195b036567a8120fea	7268654	SINGLE
SRR10554456	SAMN13423705	SRX7236162	Microbe sample from Escherichia coli	NextSeq 500 sequencing: Barcode sequencing of E. coli evolving in antibiotics	658799	38869141	ftp.sra.ebi.ac.uk/vol1/fastq/SRR105/056/SRR10554456/SRR10554456.fastq.gz	db24320ab4440549574b8ac382be5766	7839874	SINGLE
SRR10554477	SAMN13424233	SRX7236749	Microbe sample from Escherichia coli	NextSeq 500 sequencing: Barcode sequencing of E. coli evolving in antibiotics	1995337	99766850	ftp.sra.ebi.ac.uk/vol1/fastq/SRR105/077/SRR10554477/SRR10554477.fastq.gz	623e249c269d4bdc19d2d8bb15197eac	48653468	SINGLE
SRR10554488	SAMN13424224	SRX7236738	Microbe sample from Escherichia coli	NextSeq 500 sequencing: Barcode sequencing of E. coli evolving in antibiotics	2434031	121701550	ftp.sra.ebi.ac.uk/vol1/fastq/SRR105/088/SRR10554488/SRR10554488.fastq.gz	f44b467cf9fee5bcb9b97c4285e6455e	59244847	SINGLE
SRR10554496	SAMN13423596	SRX7236730	Microbe sample from Escherichia coli	NextSeq 500 sequencing: Barcode sequencing of E. coli evolving in antibiotics	615907	30795350	ftp.sra.ebi.ac.uk/vol1/fastq/SRR105/096/SRR10554496/SRR10554496.fastq.gz	c686b21c2d1f01a6097e84b3ff0b2e9c	6810446	SINGLE
SRR10554497	SAMN13424216	SRX7236729	Microbe sample from Escherichia coli	NextSeq 500 sequencing: Barcode sequencing of E. coli evolving in antibiotics	2358639	117931950	ftp.sra.ebi.ac.uk/vol1/fastq/SRR105/097/SRR10554497/SRR10554497.fastq.gz	3793463d2378b52f61f5e3abaa85c402	57670913	SINGLE
SRR10554499	SAMN13424214	SRX7236727	Microbe sample from Escherichia coli	NextSeq 500 sequencing: Barcode sequencing of E. coli evolving in antibiotics	808777	47717843	ftp.sra.ebi.ac.uk/vol1/fastq/SRR105/099/SRR10554499/SRR10554499.fastq.gz	a80fae8a4f8f2e05bf8d7c2d36755826	11083236	SINGLE
SRR10554503	SAMN13424210	SRX7236723	Microbe sample from Escherichia coli	NextSeq 500 sequencing: Barcode sequencing of E. coli evolving in antibiotics	807085	47618015	ftp.sra.ebi.ac.uk/vol1/fastq/SRR105/003/SRR10554503/SRR10554503.fastq.gz	ff1ca761243ec361c8cedd5a34c42eb3	10802874	SINGLE
SRR10554506	SAMN13424207	SRX7236720	Microbe sample from Escherichia coli	NextSeq 500 sequencing: Barcode sequencing of E. coli evolving in antibiotics	819743	48364837	ftp.sra.ebi.ac.uk/vol1/fastq/SRR105/006/SRR10554506/SRR10554506.fastq.gz	3b0efd08c7d4d19976509209b5a1c62a	10468634	SINGLE
SRR10554509	SAMN13424205	SRX7236717	Microbe sample from Escherichia coli	NextSeq 500 sequencing: Barcode sequencing of E. coli evolving in antibiotics	701396	41382364	ftp.sra.ebi.ac.uk/vol1/fastq/SRR105/009/SRR10554509/SRR10554509.fastq.gz	dbd21f77757c2d3856f5f80e53301cd9	11055870	SINGLE
SRR10554511	SAMN13424203	SRX7236715	Microbe sample from Escherichia coli	NextSeq 500 sequencing: Barcode sequencing of E. coli evolving in antibiotics	718475	42390025	ftp.sra.ebi.ac.uk/vol1/fastq/SRR105/011/SRR10554511/SRR10554511.fastq.gz	bac9be91ab1067af7fcee5fa034ec8e3	10575967	SINGLE
SRR10554513	SAMN13424201	SRX7236713	Microbe sample from Escherichia coli	NextSeq 500 sequencing: Barcode sequencing of E. coli evolving in antibiotics	859826	50729734	ftp.sra.ebi.ac.uk/vol1/fastq/SRR105/013/SRR10554513/SRR10554513.fastq.gz	484ee4e60520378a898737af82af1612	12126368	SINGLE
SRR10554523	SAMN13424192	SRX7236703	Microbe sample from Escherichia coli	NextSeq 500 sequencing: Barcode sequencing of E. coli evolving in antibiotics	946114	55820726	ftp.sra.ebi.ac.uk/vol1/fastq/SRR105/023/SRR10554523/SRR10554523.fastq.gz	74e212ac29a3c396a2dbef28f29dcdd2	12418384	SINGLE
SRR10554526	SAMN13424189	SRX7236700	Microbe sample from Escherichia coli	NextSeq 500 sequencing: Barcode sequencing of E. coli evolving in antibiotics	870247	51344573	ftp.sra.ebi.ac.uk/vol1/fastq/SRR105/026/SRR10554526/SRR10554526.fastq.gz	cb70e4841aa80fb7a05075a22bbd9bd2	12823786	SINGLE
SRR10554532	SAMN13424184	SRX7236694	Microbe sample from Escherichia coli	NextSeq 500 sequencing: Barcode sequencing of E. coli evolving in antibiotics	931482	54957438	ftp.sra.ebi.ac.uk/vol1/fastq/SRR105/032/SRR10554532/SRR10554532.fastq.gz	df06ff2e6f0531acede9e3c8da4b3ff6	13781559	SINGLE
SRR10554534	SAMN13424182	SRX7236692	Microbe sample from Escherichia coli	NextSeq 500 sequencing: Barcode sequencing of E. coli evolving in antibiotics	970665	57269235	ftp.sra.ebi.ac.uk/vol1/fastq/SRR105/034/SRR10554534/SRR10554534.fastq.gz	118d0ee321ea5551db5b7596037096c3	16404328	SINGLE
SRR10554535	SAMN13424181	SRX7236691	Microbe sample from Escherichia coli	NextSeq 500 sequencing: Barcode sequencing of E. coli evolving in antibiotics	988819	58340321	ftp.sra.ebi.ac.uk/vol1/fastq/SRR105/035/SRR10554535/SRR10554535.fastq.gz	28f5be5fa825b8018bd293e20a129a7b	16610789	SINGLE
SRR10554536	SAMN13424180	SRX7236690	Microbe sample from Escherichia coli	NextSeq 500 sequencing: Barcode sequencing of E. coli evolving in antibiotics	988366	58313594	ftp.sra.ebi.ac.uk/vol1/fastq/SRR105/036/SRR10554536/SRR10554536.fastq.gz	cd53426478d1c4aae3e53c8fe2ddf12a	15398624	SINGLE
SRR10554541	SAMN13424176	SRX7236685	Microbe sample from Escherichia coli	NextSeq 500 sequencing: Barcode sequencing of E. coli evolving in antibiotics	1279050	75463950	ftp.sra.ebi.ac.uk/vol1/fastq/SRR105/041/SRR10554541/SRR10554541.fastq.gz	24a0566095ee6cf210afb7bf6c09758c	19191968	SINGLE
SRR10554542	SAMN13424175	SRX7236684	Microbe sample from Escherichia coli	NextSeq 500 sequencing: Barcode sequencing of E. coli evolving in antibiotics	1309844	77280796	ftp.sra.ebi.ac.uk/vol1/fastq/SRR105/042/SRR10554542/SRR10554542.fastq.gz	b6fa94cec89dc5c1b2e32436e0869456	20205043	SINGLE
SRR10554543	SAMN13424174	SRX7236683	Microbe sample from Escherichia coli	NextSeq 500 sequencing: Barcode sequencing of E. coli evolving in antibiotics	1319627	77857993	ftp.sra.ebi.ac.uk/vol1/fastq/SRR105/043/SRR10554543/SRR10554543.fastq.gz	76c48c93fd06cf4ce65bbba9e1e05999	25500852	SINGLE
SRR10554549	SAMN13424168	SRX7236677	Microbe sample from Escherichia coli	NextSeq 500 sequencing: Barcode sequencing of E. coli evolving in antibiotics	1225427	72300193	ftp.sra.ebi.ac.uk/vol1/fastq/SRR105/049/SRR10554549/SRR10554549.fastq.gz	7d93ce6675919be654b52f1d83605696	22576122	SINGLE
SRR10554557	SAMN13424161	SRX7236669	Microbe sample from Escherichia coli	NextSeq 500 sequencing: Barcode sequencing of E. coli evolving in antibiotics	1166251	68808809	ftp.sra.ebi.ac.uk/vol1/fastq/SRR105/057/SRR10554557/SRR10554557.fastq.gz	32da867687ffc2ad1ff8c80e10813e75	23904843	SINGLE
SRR10554560	SAMN13424158	SRX7236666	Microbe sample from Escherichia coli	NextSeq 500 sequencing: Barcode sequencing of E. coli evolving in antibiotics	1168149	68920791	ftp.sra.ebi.ac.uk/vol1/fastq/SRR105/060/SRR10554560/SRR10554560.fastq.gz	61a5d0233b3cbd9304b270a04882dd22	24209762	SINGLE
SRR10554563	SAMN13424156	SRX7236663	Microbe sample from Escherichia coli	NextSeq 500 sequencing: Barcode sequencing of E. coli evolving in antibiotics	1170221	69043039	ftp.sra.ebi.ac.uk/vol1/fastq/SRR105/063/SRR10554563/SRR10554563.fastq.gz	3753269c7bfeaef7b71858cf12d8109a	23005391	SINGLE
SRR10554564	SAMN13424155	SRX7236662	Microbe sample from Escherichia coli	NextSeq 500 sequencing: Barcode sequencing of E. coli evolving in antibiotics	1201419	70883721	ftp.sra.ebi.ac.uk/vol1/fastq/SRR105/064/SRR10554564/SRR10554564.fastq.gz	5748037c64ebb69aa5b7b0770f44074f	24158025	SINGLE
SRR10554570	SAMN13424149	SRX7236656	Microbe sample from Escherichia coli	NextSeq 500 sequencing: Barcode sequencing of E. coli evolving in antibiotics	1097641	64760819	ftp.sra.ebi.ac.uk/vol1/fastq/SRR105/070/SRR10554570/SRR10554570.fastq.gz	f387d00a7a4eb9660d44ac402ba18b91	15059177	SINGLE
SRR10554571	SAMN13424148	SRX7236655	Microbe sample from Escherichia coli	NextSeq 500 sequencing: Barcode sequencing of E. coli evolving in antibiotics	1079724	63703716	ftp.sra.ebi.ac.uk/vol1/fastq/SRR105/071/SRR10554571/SRR10554571.fastq.gz	47be165599a9b0fe015944db4009ffc9	13627336	SINGLE
SRR10554573	SAMN13423589	SRX7236653	Microbe sample from Escherichia coli	NextSeq 500 sequencing: Barcode sequencing of E. coli evolving in antibiotics	469110	23455500	ftp.sra.ebi.ac.uk/vol1/fastq/SRR105/073/SRR10554573/SRR10554573.fastq.gz	75f9acce33e1d6e173289855a7625fea	5521110	SINGLE
SRR10554576	SAMN13424144	SRX7236650	Microbe sample from Escherichia coli	NextSeq 500 sequencing: Barcode sequencing of E. coli evolving in antibiotics	1104220	65148980	ftp.sra.ebi.ac.uk/vol1/fastq/SRR105/076/SRR10554576/SRR10554576.fastq.gz	6d07c304e365656351879e6fc27f34c3	13925383	SINGLE
SRR10554579	SAMN13424141	SRX7236647	Microbe sample from Escherichia coli	NextSeq 500 sequencing: Barcode sequencing of E. coli evolving in antibiotics	1152450	67994550	ftp.sra.ebi.ac.uk/vol1/fastq/SRR105/079/SRR10554579/SRR10554579.fastq.gz	2c3d6357dd7c28500a66726c1bbdd9ea	17056928	SINGLE
SRR10554583	SAMN13424137	SRX7236643	Microbe sample from Escherichia coli	NextSeq 500 sequencing: Barcode sequencing of E. coli evolving in antibiotics	1225919	72329221	ftp.sra.ebi.ac.uk/vol1/fastq/SRR105/083/SRR10554583/SRR10554583.fastq.gz	58d75f05af94fd3f37dc60d1957ab659	18932014	SINGLE
SRR10554591	SAMN13424130	SRX7236635	Microbe sample from Escherichia coli	NextSeq 500 sequencing: Barcode sequencing of E. coli evolving in antibiotics	878659	51840881	ftp.sra.ebi.ac.uk/vol1/fastq/SRR105/091/SRR10554591/SRR10554591.fastq.gz	db79b78a2e1fffa2bec704cfd4fd292d	13543133	SINGLE
SRR10554600	SAMN13424123	SRX7236626	Microbe sample from Escherichia coli	NextSeq 500 sequencing: Barcode sequencing of E. coli evolving in antibiotics	184	10856	ftp.sra.ebi.ac.uk/vol1/fastq/SRR105/000/SRR10554600/SRR10554600.fastq.gz	1743caa4c2f18280bde8da65ab43eae6	5490	SINGLE
SRR10554601	SAMN13424122	SRX7236625	Microbe sample from Escherichia coli	NextSeq 500 sequencing: Barcode sequencing of E. coli evolving in antibiotics	1077925	63597575	ftp.sra.ebi.ac.uk/vol1/fastq/SRR105/001/SRR10554601/SRR10554601.fastq.gz	7392708914000c44e25055ff64b952a6	17842842	SINGLE
SRR10554617	SAMN13424107	SRX7236609	Microbe sample from Escherichia coli	NextSeq 500 sequencing: Barcode sequencing of E. coli evolving in antibiotics	1238576	73075984	ftp.sra.ebi.ac.uk/vol1/fastq/SRR105/017/SRR10554617/SRR10554617.fastq.gz	0dde2e8c0ce63636b52d3b7fa886558f	22190661	SINGLE
SRR10554618	SAMN13423585	SRX7236608	Microbe sample from Escherichia coli	NextSeq 500 sequencing: Barcode sequencing of E. coli evolving in antibiotics	474794	23739700	ftp.sra.ebi.ac.uk/vol1/fastq/SRR105/018/SRR10554618/SRR10554618.fastq.gz	fc46bb87093109860b2a0cc2451204bb	4715073	SINGLE
SRR10554623	SAMN13424102	SRX7236603	Microbe sample from Escherichia coli	NextSeq 500 sequencing: Barcode sequencing of E. coli evolving in antibiotics	1134706	66947654	ftp.sra.ebi.ac.uk/vol1/fastq/SRR105/023/SRR10554623/SRR10554623.fastq.gz	e90edce21a7454ad4497bfea8316198b	23302157	SINGLE
SRR10554642	SAMN13424085	SRX7236584	Microbe sample from Escherichia coli	NextSeq 500 sequencing: Barcode sequencing of E. coli evolving in antibiotics	1284518	64225900	ftp.sra.ebi.ac.uk/vol1/fastq/SRR105/042/SRR10554642/SRR10554642.fastq.gz	dded2da89453d53c6bd576e42ed81c88	23839724	SINGLE
SRR10554645	SAMN13424082	SRX7236581	Microbe sample from Escherichia coli	NextSeq 500 sequencing: Barcode sequencing of E. coli evolving in antibiotics	1707255	85362750	ftp.sra.ebi.ac.uk/vol1/fastq/SRR105/045/SRR10554645/SRR10554645.fastq.gz	d4609ac8f95666fef1b4a0eb8f13cd87	34450483	SINGLE
SRR10554649	SAMN13424078	SRX7236577	Microbe sample from Escherichia coli	NextSeq 500 sequencing: Barcode sequencing of E. coli evolving in antibiotics	1087046	54352300	ftp.sra.ebi.ac.uk/vol1/fastq/SRR105/049/SRR10554649/SRR10554649.fastq.gz	97ce3d4e54c768ddc8d47a97af1dcc70	22017252	SINGLE
SRR10554651	SAMN13423582	SRX7236575	Microbe sample from Escherichia coli	NextSeq 500 sequencing: Barcode sequencing of E. coli evolving in antibiotics	549769	27488450	ftp.sra.ebi.ac.uk/vol1/fastq/SRR105/051/SRR10554651/SRR10554651.fastq.gz	96a6e8e67c310bab4d08b66d214aad4c	5647742	SINGLE
SRR10554652	SAMN13424076	SRX7236574	Microbe sample from Escherichia coli	NextSeq 500 sequencing: Barcode sequencing of E. coli evolving in antibiotics	1121370	56068500	ftp.sra.ebi.ac.uk/vol1/fastq/SRR105/052/SRR10554652/SRR10554652.fastq.gz	09007377ef31653b4025a459e300594b	20481757	SINGLE
SRR10554670	SAMN13424059	SRX7236556	Microbe sample from Escherichia coli	NextSeq 500 sequencing: Barcode sequencing of E. coli evolving in antibiotics	1207758	60387900	ftp.sra.ebi.ac.uk/vol1/fastq/SRR105/070/SRR10554670/SRR10554670.fastq.gz	f13d26d8e371d77ed2047b4d0eb08373	21774461	SINGLE
SRR10554672	SAMN13424057	SRX7236554	Microbe sample from Escherichia coli	NextSeq 500 sequencing: Barcode sequencing of E. coli evolving in antibiotics	1368271	68413550	ftp.sra.ebi.ac.uk/vol1/fastq/SRR105/072/SRR10554672/SRR10554672.fastq.gz	86e3054f9aa41152361cb0c0ab36c324	25950072	SINGLE
SRR10554680	SAMN13424050	SRX7236546	Microbe sample from Escherichia coli	NextSeq 500 sequencing: Barcode sequencing of E. coli evolving in antibiotics	2214785	110739250	ftp.sra.ebi.ac.uk/vol1/fastq/SRR105/080/SRR10554680/SRR10554680.fastq.gz	76f46aa194a2f43517cc54e2bbb18028	47190517	SINGLE
SRR10554682	SAMN13424048	SRX7236544	Microbe sample from Escherichia coli	NextSeq 500 sequencing: Barcode sequencing of E. coli evolving in antibiotics	2341964	117098200	ftp.sra.ebi.ac.uk/vol1/fastq/SRR105/082/SRR10554682/SRR10554682.fastq.gz	b54892b5bd22739740b358966c0faf1b	44746887	SINGLE
SRR10554685	SAMN13424046	SRX7236541	Microbe sample from Escherichia coli	NextSeq 500 sequencing: Barcode sequencing of E. coli evolving in antibiotics	1902638	95131900	ftp.sra.ebi.ac.uk/vol1/fastq/SRR105/085/SRR10554685/SRR10554685.fastq.gz	ec88cf0952e9a4bc0d5c435cc46c9fff	41950547	SINGLE
SRR10554687	SAMN13424044	SRX7236539	Microbe sample from Escherichia coli	NextSeq 500 sequencing: Barcode sequencing of E. coli evolving in antibiotics	2025528	101276400	ftp.sra.ebi.ac.uk/vol1/fastq/SRR105/087/SRR10554687/SRR10554687.fastq.gz	7cd057e216c4399c88380a034217b938	40216809	SINGLE
SRR10554693	SAMN13424038	SRX7236533	Microbe sample from Escherichia coli	NextSeq 500 sequencing: Barcode sequencing of E. coli evolving in antibiotics	1858225	92911250	ftp.sra.ebi.ac.uk/vol1/fastq/SRR105/093/SRR10554693/SRR10554693.fastq.gz	8bdda70252a58f771eb15493a95bcf2f	50723227	SINGLE
SRR10554694	SAMN13424037	SRX7236532	Microbe sample from Escherichia coli	NextSeq 500 sequencing: Barcode sequencing of E. coli evolving in antibiotics	2052178	102608900	ftp.sra.ebi.ac.uk/vol1/fastq/SRR105/094/SRR10554694/SRR10554694.fastq.gz	0d6661651842273f35f50e10bfb772ab	53992820	SINGLE
SRR10554695	SAMN13423578	SRX7236531	Microbe sample from Escherichia coli	NextSeq 500 sequencing: Barcode sequencing of E. coli evolving in antibiotics	514097	25704850	ftp.sra.ebi.ac.uk/vol1/fastq/SRR105/095/SRR10554695/SRR10554695.fastq.gz	9dfe27b0ae19035f49f29a34f1a921aa	5408444	SINGLE
SRR10554702	SAMN13424030	SRX7236524	Microbe sample from Escherichia coli	NextSeq 500 sequencing: Barcode sequencing of E. coli evolving in antibiotics	519115	25955750	ftp.sra.ebi.ac.uk/vol1/fastq/SRR105/002/SRR10554702/SRR10554702.fastq.gz	e1cba07cdb473aa00f4c71f05773b348	5758760	SINGLE
SRR10554707	SAMN13423532	SRX7236519	Microbe sample from Escherichia coli	NextSeq 500 sequencing: Barcode sequencing of E. coli evolving in antibiotics	616271	30813550	ftp.sra.ebi.ac.uk/vol1/fastq/SRR105/007/SRR10554707/SRR10554707.fastq.gz	4a5775c48adacbfeaeb37c6dc10ffb56	6923868	SINGLE
SRR10554718	SAMN13423576	SRX7236508	Microbe sample from Escherichia coli	NextSeq 500 sequencing: Barcode sequencing of E. coli evolving in antibiotics	513283	25664150	ftp.sra.ebi.ac.uk/vol1/fastq/SRR105/018/SRR10554718/SRR10554718.fastq.gz	7ee97a9a192fcc66a176c334b2473b29	4911218	SINGLE
SRR10554719	SAMN13424016	SRX7236507	Microbe sample from Escherichia coli	NextSeq 500 sequencing: Barcode sequencing of E. coli evolving in antibiotics	646670	32333500	ftp.sra.ebi.ac.uk/vol1/fastq/SRR105/019/SRR10554719/SRR10554719.fastq.gz	27516f26fb36f296dde40b4e79877224	6752594	SINGLE
SRR10554735	SAMN13424001	SRX7236491	Microbe sample from Escherichia coli	NextSeq 500 sequencing: Barcode sequencing of E. coli evolving in antibiotics	628806	31440300	ftp.sra.ebi.ac.uk/vol1/fastq/SRR105/035/SRR10554735/SRR10554735.fastq.gz	54aaf639fa80cc708c12cd38ee01d853	7140996	SINGLE
SRR10554736	SAMN13424000	SRX7236490	Microbe sample from Escherichia coli	NextSeq 500 sequencing: Barcode sequencing of E. coli evolving in antibiotics	620568	31028400	ftp.sra.ebi.ac.uk/vol1/fastq/SRR105/036/SRR10554736/SRR10554736.fastq.gz	6e998454de1eef21801214516bc3b0b7	6451119	SINGLE
SRR10554745	SAMN13423992	SRX7236481	Microbe sample from Escherichia coli	NextSeq 500 sequencing: Barcode sequencing of E. coli evolving in antibiotics	519305	25965250	ftp.sra.ebi.ac.uk/vol1/fastq/SRR105/045/SRR10554745/SRR10554745.fastq.gz	e651c9c668f429aa04e8c7f6057fea40	6195358	SINGLE
SRR10553811	SAMN13423680	SRX7236135	Microbe sample from Escherichia coli	NextSeq 500 sequencing: Barcode sequencing of E. coli evolving in antibiotics	719342	42441178	ftp.sra.ebi.ac.uk/vol1/fastq/SRR105/011/SRR10553811/SRR10553811.fastq.gz	9df58594e5eaaa105751c3c88f0eac01	7562994	SINGLE
SRR10553827	SAMN13423666	SRX7236119	Microbe sample from Escherichia coli	NextSeq 500 sequencing: Barcode sequencing of E. coli evolving in antibiotics	816829	48192911	ftp.sra.ebi.ac.uk/vol1/fastq/SRR105/027/SRR10553827/SRR10553827.fastq.gz	e55615a7b36688d73143aafb9941ba54	12415965	SINGLE
SRR10553839	SAMN13423655	SRX7236107	Microbe sample from Escherichia coli	NextSeq 500 sequencing: Barcode sequencing of E. coli evolving in antibiotics	17488	1031792	ftp.sra.ebi.ac.uk/vol1/fastq/SRR105/039/SRR10553839/SRR10553839.fastq.gz	8691324f849e107889985ff54def8cee	316971	SINGLE
SRR10553843	SAMN13423651	SRX7236103	Microbe sample from Escherichia coli	NextSeq 500 sequencing: Barcode sequencing of E. coli evolving in antibiotics	377401	18870050	ftp.sra.ebi.ac.uk/vol1/fastq/SRR105/043/SRR10553843/SRR10553843.fastq.gz	8016a4c132b3d271d4022b8b638ea9d0	4412319	SINGLE
SRR10553845	SAMN13423649	SRX7236101	Microbe sample from Escherichia coli	NextSeq 500 sequencing: Barcode sequencing of E. coli evolving in antibiotics	444411	22220550	ftp.sra.ebi.ac.uk/vol1/fastq/SRR105/045/SRR10553845/SRR10553845.fastq.gz	8c768e649b2a0e0ec4a55230e6d27686	4274043	SINGLE
SRR10553854	SAMN13423641	SRX7236092	Microbe sample from Escherichia coli	NextSeq 500 sequencing: Barcode sequencing of E. coli evolving in antibiotics	70430	3521500	ftp.sra.ebi.ac.uk/vol1/fastq/SRR105/054/SRR10553854/SRR10553854.fastq.gz	ff0ceb9c9e64875e6ccc1206a727e7d1	708247	SINGLE
SRR10553858	SAMN13423637	SRX7236088	Microbe sample from Escherichia coli	NextSeq 500 sequencing: Barcode sequencing of E. coli evolving in antibiotics	468528	23426400	ftp.sra.ebi.ac.uk/vol1/fastq/SRR105/058/SRR10553858/SRR10553858.fastq.gz	19b4e654eb68f2ebab725da7a2c2b2d0	4784717	SINGLE
SRR10553865	SAMN13423631	SRX7236081	Microbe sample from Escherichia coli	NextSeq 500 sequencing: Barcode sequencing of E. coli evolving in antibiotics	469080	23454000	ftp.sra.ebi.ac.uk/vol1/fastq/SRR105/065/SRR10553865/SRR10553865.fastq.gz	35b2c2ea86d40f01b99be3c86dfaa8df	5121454	SINGLE
SRR10553866	SAMN13423630	SRX7236080	Microbe sample from Escherichia coli	NextSeq 500 sequencing: Barcode sequencing of E. coli evolving in antibiotics	461892	23094600	ftp.sra.ebi.ac.uk/vol1/fastq/SRR105/066/SRR10553866/SRR10553866.fastq.gz	8e691b34e284a06a580e2f64cd492353	4806554	SINGLE
SRR10553871	SAMN13423624	SRX7236075	Microbe sample from Escherichia coli	NextSeq 500 sequencing: Barcode sequencing of E. coli evolving in antibiotics	444688	22234400	ftp.sra.ebi.ac.uk/vol1/fastq/SRR105/071/SRR10553871/SRR10553871.fastq.gz	648850810cd7dc58e0fe57098bcffa6c	4035694	SINGLE
SRR10553873	SAMN13423622	SRX7236073	Microbe sample from Escherichia coli	NextSeq 500 sequencing: Barcode sequencing of E. coli evolving in antibiotics	449704	22485200	ftp.sra.ebi.ac.uk/vol1/fastq/SRR105/073/SRR10553873/SRR10553873.fastq.gz	c4dbb6747adaec4c96ef0cc208163764	4915115	SINGLE
SRR10553890	SAMN13424456	SRX7236056	Microbe sample from Escherichia coli	NextSeq 500 sequencing: Barcode sequencing of E. coli evolving in antibiotics	3512352	175617600	ftp.sra.ebi.ac.uk/vol1/fastq/SRR105/090/SRR10553890/SRR10553890.fastq.gz	62ed935612c428c6f85e7a5dd527647a	67048163	SINGLE
SRR10553891	SAMN13424455	SRX7236055	Microbe sample from Escherichia coli	NextSeq 500 sequencing: Barcode sequencing of E. coli evolving in antibiotics	3681084	184054200	ftp.sra.ebi.ac.uk/vol1/fastq/SRR105/091/SRR10553891/SRR10553891.fastq.gz	e931f451120c067c51e7477bc3abf5f2	72840066	SINGLE
SRR10553895	SAMN13424451	SRX7236051	Microbe sample from Escherichia coli	NextSeq 500 sequencing: Barcode sequencing of E. coli evolving in antibiotics	2179365	108968250	ftp.sra.ebi.ac.uk/vol1/fastq/SRR105/095/SRR10553895/SRR10553895.fastq.gz	eeb401863fe6f7277999958140ab974d	44740957	SINGLE
SRR10553900	SAMN13423619	SRX7236046	Microbe sample from Escherichia coli	NextSeq 500 sequencing: Barcode sequencing of E. coli evolving in antibiotics	445853	22292650	ftp.sra.ebi.ac.uk/vol1/fastq/SRR105/000/SRR10553900/SRR10553900.fastq.gz	f4295bfb18abcb05ca0adf7d2745fd37	4944990	SINGLE
SRR10553903	SAMN13424444	SRX7236043	Microbe sample from Escherichia coli	NextSeq 500 sequencing: Barcode sequencing of E. coli evolving in antibiotics	1931465	96573250	ftp.sra.ebi.ac.uk/vol1/fastq/SRR105/003/SRR10553903/SRR10553903.fastq.gz	b551b7f2a902f54dc332e2689fe325f3	34931455	SINGLE
SRR10553906	SAMN13424441	SRX7236040	Microbe sample from Escherichia coli	NextSeq 500 sequencing: Barcode sequencing of E. coli evolving in antibiotics	2540364	127018200	ftp.sra.ebi.ac.uk/vol1/fastq/SRR105/006/SRR10553906/SRR10553906.fastq.gz	0a16982d204fbd3e1f1e5cdadce9e5ad	49858506	SINGLE
SRR10553918	SAMN13424430	SRX7236028	Microbe sample from Escherichia coli	NextSeq 500 sequencing: Barcode sequencing of E. coli evolving in antibiotics	2103885	105194250	ftp.sra.ebi.ac.uk/vol1/fastq/SRR105/018/SRR10553918/SRR10553918.fastq.gz	e9674b70c8db2c0fd1621db491c09ad1	43783950	SINGLE
SRR10553922	SAMN13423617	SRX7236024	Microbe sample from Escherichia coli	NextSeq 500 sequencing: Barcode sequencing of E. coli evolving in antibiotics	389582	19479100	ftp.sra.ebi.ac.uk/vol1/fastq/SRR105/022/SRR10553922/SRR10553922.fastq.gz	4e9e3fd32a25c582ef574c31e344d547	4547815	SINGLE
SRR10553930	SAMN13424420	SRX7236016	Microbe sample from Escherichia coli	NextSeq 500 sequencing: Barcode sequencing of E. coli evolving in antibiotics	3026464	151323200	ftp.sra.ebi.ac.uk/vol1/fastq/SRR105/030/SRR10553930/SRR10553930.fastq.gz	a0f7a2145005f789ec1c3affc1b3ef55	64424774	SINGLE
SRR10553944	SAMN13424407	SRX7236002	Microbe sample from Escherichia coli	NextSeq 500 sequencing: Barcode sequencing of E. coli evolving in antibiotics	2416410	120820500	ftp.sra.ebi.ac.uk/vol1/fastq/SRR105/044/SRR10553944/SRR10553944.fastq.gz	bfb14cc8c88c6c01710c4295c085d57f	61618425	SINGLE
SRR10553947	SAMN13424405	SRX7235999	Microbe sample from Escherichia coli	NextSeq 500 sequencing: Barcode sequencing of E. coli evolving in antibiotics	914282	53942638	ftp.sra.ebi.ac.uk/vol1/fastq/SRR105/047/SRR10553947/SRR10553947.fastq.gz	b195049f9d8b8bca68f6589ce68c3327	12845525	SINGLE
SRR10553958	SAMN13424395	SRX7235988	Microbe sample from Escherichia coli	NextSeq 500 sequencing: Barcode sequencing of E. coli evolving in antibiotics	861776	50844784	ftp.sra.ebi.ac.uk/vol1/fastq/SRR105/058/SRR10553958/SRR10553958.fastq.gz	ef33511df37ed7edcb696d407e415e04	11463733	SINGLE
SRR10553959	SAMN13424394	SRX7235987	Microbe sample from Escherichia coli	NextSeq 500 sequencing: Barcode sequencing of E. coli evolving in antibiotics	896094	52869546	ftp.sra.ebi.ac.uk/vol1/fastq/SRR105/059/SRR10553959/SRR10553959.fastq.gz	aa94147985679388c0412cc9bd650d95	12387564	SINGLE
SRR10553962	SAMN13424391	SRX7235984	Microbe sample from Escherichia coli	NextSeq 500 sequencing: Barcode sequencing of E. coli evolving in antibiotics	915168	53994912	ftp.sra.ebi.ac.uk/vol1/fastq/SRR105/062/SRR10553962/SRR10553962.fastq.gz	9eeac403b9a90a9e2d55dce914f332ac	12213446	SINGLE
SRR10553968	SAMN13424386	SRX7235978	Microbe sample from Escherichia coli	NextSeq 500 sequencing: Barcode sequencing of E. coli evolving in antibiotics	878186	51812974	ftp.sra.ebi.ac.uk/vol1/fastq/SRR105/068/SRR10553968/SRR10553968.fastq.gz	dee77b8d6e531280e1f64194e42e050d	12277477	SINGLE
SRR10553977	SAMN13424377	SRX7235969	Microbe sample from Escherichia coli	NextSeq 500 sequencing: Barcode sequencing of E. coli evolving in antibiotics	843382	49759538	ftp.sra.ebi.ac.uk/vol1/fastq/SRR105/077/SRR10553977/SRR10553977.fastq.gz	8377ada73119624ec270e0afba9c45f0	13295663	SINGLE
SRR10553978	SAMN13423612	SRX7235968	Microbe sample from Escherichia coli	NextSeq 500 sequencing: Barcode sequencing of E. coli evolving in antibiotics	367664	18383200	ftp.sra.ebi.ac.uk/vol1/fastq/SRR105/078/SRR10553978/SRR10553978.fastq.gz	54e88831779fbd5dd9f1c7fb7ccc5eca	3996156	SINGLE
SRR10553990	SAMN13424366	SRX7235956	Microbe sample from Escherichia coli	NextSeq 500 sequencing: Barcode sequencing of E. coli evolving in antibiotics	1103696	65118064	ftp.sra.ebi.ac.uk/vol1/fastq/SRR105/090/SRR10553990/SRR10553990.fastq.gz	21f023fe01ee6ffb8546b4a80c3e01a3	17357280	SINGLE
SRR10553991	SAMN13424365	SRX7235955	Microbe sample from Escherichia coli	NextSeq 500 sequencing: Barcode sequencing of E. coli evolving in antibiotics	1116071	65848189	ftp.sra.ebi.ac.uk/vol1/fastq/SRR105/091/SRR10553991/SRR10553991.fastq.gz	faf511054e6bc72ba00fa01bad06af2f	17610974	SINGLE
SRR10553992	SAMN13424364	SRX7235954	Microbe sample from Escherichia coli	NextSeq 500 sequencing: Barcode sequencing of E. coli evolving in antibiotics	1103900	65130100	ftp.sra.ebi.ac.uk/vol1/fastq/SRR105/092/SRR10553992/SRR10553992.fastq.gz	2535b5b76e5483f3dbbd64988e18b77b	16213560	SINGLE
SRR10553993	SAMN13424363	SRX7235953	Microbe sample from Escherichia coli	NextSeq 500 sequencing: Barcode sequencing of E. coli evolving in antibiotics	1135782	67011138	ftp.sra.ebi.ac.uk/vol1/fastq/SRR105/093/SRR10553993/SRR10553993.fastq.gz	87476ec307d695facbcdb812ccc1498d	17134126	SINGLE
SRR10553997	SAMN13424359	SRX7235949	Microbe sample from Escherichia coli	NextSeq 500 sequencing: Barcode sequencing of E. coli evolving in antibiotics	1224369	72237771	ftp.sra.ebi.ac.uk/vol1/fastq/SRR105/097/SRR10553997/SRR10553997.fastq.gz	93cc84827ce836505985257821d12b1e	18693744	SINGLE
SRR10553998	SAMN13424358	SRX7235948	Microbe sample from Escherichia coli	NextSeq 500 sequencing: Barcode sequencing of E. coli evolving in antibiotics	898369	53003771	ftp.sra.ebi.ac.uk/vol1/fastq/SRR105/098/SRR10553998/SRR10553998.fastq.gz	2e9b92c87e3d0816380a08986eb43861	15819998	SINGLE
SRR10554002	SAMN13424355	SRX7235944	Microbe sample from Escherichia coli	NextSeq 500 sequencing: Barcode sequencing of E. coli evolving in antibiotics	926471	54661789	ftp.sra.ebi.ac.uk/vol1/fastq/SRR105/002/SRR10554002/SRR10554002.fastq.gz	a450ce9b8f79673b31e244b3f582c2ab	15717290	SINGLE
SRR10554007	SAMN13424350	SRX7235939	Microbe sample from Escherichia coli	NextSeq 500 sequencing: Barcode sequencing of E. coli evolving in antibiotics	1228031	72453829	ftp.sra.ebi.ac.uk/vol1/fastq/SRR105/007/SRR10554007/SRR10554007.fastq.gz	3bbad835adeabc81007bc06ba81bfcb9	25657001	SINGLE
SRR10554009	SAMN13424348	SRX7235937	Microbe sample from Escherichia coli	NextSeq 500 sequencing: Barcode sequencing of E. coli evolving in antibiotics	1234283	72822697	ftp.sra.ebi.ac.uk/vol1/fastq/SRR105/009/SRR10554009/SRR10554009.fastq.gz	b4aad8767b27ffd64e993357a79bef75	24394389	SINGLE
SRR10554012	SAMN13424346	SRX7235934	Microbe sample from Escherichia coli	NextSeq 500 sequencing: Barcode sequencing of E. coli evolving in antibiotics	1167134	68860906	ftp.sra.ebi.ac.uk/vol1/fastq/SRR105/012/SRR10554012/SRR10554012.fastq.gz	d8876377e3a0fb521494a76671dc9e5e	24613662	SINGLE
SRR10554014	SAMN13424344	SRX7235932	Microbe sample from Escherichia coli	NextSeq 500 sequencing: Barcode sequencing of E. coli evolving in antibiotics	1175293	69342287	ftp.sra.ebi.ac.uk/vol1/fastq/SRR105/014/SRR10554014/SRR10554014.fastq.gz	31b18311cb2ace2a5452490abeb3856f	23415535	SINGLE
SRR10554019	SAMN13424339	SRX7235927	Microbe sample from Escherichia coli	NextSeq 500 sequencing: Barcode sequencing of E. coli evolving in antibiotics	1100722	64942598	ftp.sra.ebi.ac.uk/vol1/fastq/SRR105/019/SRR10554019/SRR10554019.fastq.gz	c390b49b3f4083849ea7c052645a01a1	14234381	SINGLE
SRR10554023	SAMN13424336	SRX7235923	Microbe sample from Escherichia coli	NextSeq 500 sequencing: Barcode sequencing of E. coli evolving in antibiotics	1099015	64841885	ftp.sra.ebi.ac.uk/vol1/fastq/SRR105/023/SRR10554023/SRR10554023.fastq.gz	fc84cc1f0a6dcf2145506dc564801498	13602162	SINGLE
SRR10554030	SAMN13424329	SRX7235916	Microbe sample from Escherichia coli	NextSeq 500 sequencing: Barcode sequencing of E. coli evolving in antibiotics	958481	56550379	ftp.sra.ebi.ac.uk/vol1/fastq/SRR105/030/SRR10554030/SRR10554030.fastq.gz	007ef75a2e55449fd90a511ef378fea3	13138316	SINGLE
SRR10554040	SAMN13424321	SRX7235906	Microbe sample from Escherichia coli	NextSeq 500 sequencing: Barcode sequencing of E. coli evolving in antibiotics	1052046	62070714	ftp.sra.ebi.ac.uk/vol1/fastq/SRR105/040/SRR10554040/SRR10554040.fastq.gz	23d71ecb5e63b35f1b3eeeab42eb7bd8	14804683	SINGLE
SRR10554051	SAMN13424311	SRX7235895	Microbe sample from Escherichia coli	NextSeq 500 sequencing: Barcode sequencing of E. coli evolving in antibiotics	352069	20772071	ftp.sra.ebi.ac.uk/vol1/fastq/SRR105/051/SRR10554051/SRR10554051.fastq.gz	29acdc46b7bcac45c90c4fd2092a58c6	5167707	SINGLE
SRR10554061	SAMN13424302	SRX7235885	Microbe sample from Escherichia coli	NextSeq 500 sequencing: Barcode sequencing of E. coli evolving in antibiotics	1216319	71762821	ftp.sra.ebi.ac.uk/vol1/fastq/SRR105/061/SRR10554061/SRR10554061.fastq.gz	dfb5826c3c9d2e65caade95deb7cb16e	17706987	SINGLE
SRR10554062	SAMN13424301	SRX7235884	Microbe sample from Escherichia coli	NextSeq 500 sequencing: Barcode sequencing of E. coli evolving in antibiotics	1231466	72656494	ftp.sra.ebi.ac.uk/vol1/fastq/SRR105/062/SRR10554062/SRR10554062.fastq.gz	581a6d2fb34d543572b8d2c2fe198015	17941202	SINGLE
SRR10554063	SAMN13424300	SRX7235883	Microbe sample from Escherichia coli	NextSeq 500 sequencing: Barcode sequencing of E. coli evolving in antibiotics	1217738	71846542	ftp.sra.ebi.ac.uk/vol1/fastq/SRR105/063/SRR10554063/SRR10554063.fastq.gz	f96afd94d7f0b1e82d62f6feeb29d19b	16475172	SINGLE
SRR10554069	SAMN13424295	SRX7235877	Microbe sample from Escherichia coli	NextSeq 500 sequencing: Barcode sequencing of E. coli evolving in antibiotics	1238221	73055039	ftp.sra.ebi.ac.uk/vol1/fastq/SRR105/069/SRR10554069/SRR10554069.fastq.gz	e51fdb43bb1758bda94c2a24d02d3742	17824178	SINGLE
SRR10554071	SAMN13424293	SRX7235875	Microbe sample from Escherichia coli	NextSeq 500 sequencing: Barcode sequencing of E. coli evolving in antibiotics	1273326	75126234	ftp.sra.ebi.ac.uk/vol1/fastq/SRR105/071/SRR10554071/SRR10554071.fastq.gz	cd6dfa1b0b127528a81cdda12b678fc3	21919815	SINGLE
SRR10554072	SAMN13424292	SRX7235874	Microbe sample from Escherichia coli	NextSeq 500 sequencing: Barcode sequencing of E. coli evolving in antibiotics	1258608	74257872	ftp.sra.ebi.ac.uk/vol1/fastq/SRR105/072/SRR10554072/SRR10554072.fastq.gz	002fb6f33637aaa7dd503ccdf9ccfa45	20292283	SINGLE
SRR10554087	SAMN13424278	SRX7235859	Microbe sample from Escherichia coli	NextSeq 500 sequencing: Barcode sequencing of E. coli evolving in antibiotics	2082505	104125250	ftp.sra.ebi.ac.uk/vol1/fastq/SRR105/087/SRR10554087/SRR10554087.fastq.gz	3a99786d6ec31c43583b145828303cfb	41469247	SINGLE
SRR10554091	SAMN13424275	SRX7235855	Microbe sample from Escherichia coli	NextSeq 500 sequencing: Barcode sequencing of E. coli evolving in antibiotics	2204983	110249150	ftp.sra.ebi.ac.uk/vol1/fastq/SRR105/091/SRR10554091/SRR10554091.fastq.gz	e270daf5cb77505ccec1cfb0dd40ff93	40956418	SINGLE
SRR10554098	SAMN13424268	SRX7235848	Microbe sample from Escherichia coli	NextSeq 500 sequencing: Barcode sequencing of E. coli evolving in antibiotics	2423375	121168750	ftp.sra.ebi.ac.uk/vol1/fastq/SRR105/098/SRR10554098/SRR10554098.fastq.gz	d5ffc3be653d1d73d54cafc692973c5a	46034932	SINGLE
SRR10554101	SAMN13424266	SRX7235845	Microbe sample from Escherichia coli	NextSeq 500 sequencing: Barcode sequencing of E. coli evolving in antibiotics	2037120	101856000	ftp.sra.ebi.ac.uk/vol1/fastq/SRR105/001/SRR10554101/SRR10554101.fastq.gz	0a67e5fcd2df079e153d8d24749c499d	44382112	SINGLE
SRR10554104	SAMN13424263	SRX7235842	Microbe sample from Escherichia coli	NextSeq 500 sequencing: Barcode sequencing of E. coli evolving in antibiotics	2262227	113111350	ftp.sra.ebi.ac.uk/vol1/fastq/SRR105/004/SRR10554104/SRR10554104.fastq.gz	7bafa34c4e910c8040d1954d1e8e8553	46784969	SINGLE
SRR10554106	SAMN13424261	SRX7235840	Microbe sample from Escherichia coli	NextSeq 500 sequencing: Barcode sequencing of E. coli evolving in antibiotics	2302346	115117300	ftp.sra.ebi.ac.uk/vol1/fastq/SRR105/006/SRR10554106/SRR10554106.fastq.gz	ad950576e00ef852bc8b2d7f6c917c02	49532363	SINGLE
SRR10554115	SAMN13424253	SRX7235831	Microbe sample from Escherichia coli	NextSeq 500 sequencing: Barcode sequencing of E. coli evolving in antibiotics	2128664	106433200	ftp.sra.ebi.ac.uk/vol1/fastq/SRR105/015/SRR10554115/SRR10554115.fastq.gz	b12b772f2da81d4f1892fcce39f19c34	43086147	SINGLE
SRR10554116	SAMN13424252	SRX7235830	Microbe sample from Escherichia coli	NextSeq 500 sequencing: Barcode sequencing of E. coli evolving in antibiotics	2132914	106645700	ftp.sra.ebi.ac.uk/vol1/fastq/SRR105/016/SRR10554116/SRR10554116.fastq.gz	459f6580e559c32d01fccdee116828b6	40215770	SINGLE
SRR10554120	SAMN13424248	SRX7235826	Microbe sample from Escherichia coli	NextSeq 500 sequencing: Barcode sequencing of E. coli evolving in antibiotics	2293667	114683350	ftp.sra.ebi.ac.uk/vol1/fastq/SRR105/020/SRR10554120/SRR10554120.fastq.gz	2baabe6c280bb8a4652fcbdb7207b743	43908099	SINGLE
SRR10554122	SAMN13423599	SRX7235824	Microbe sample from Escherichia coli	NextSeq 500 sequencing: Barcode sequencing of E. coli evolving in antibiotics	545345	27267250	ftp.sra.ebi.ac.uk/vol1/fastq/SRR105/022/SRR10554122/SRR10554122.fastq.gz	785ce859859d7b9e6f69e42ecf4d21a9	5848724	SINGLE
SRR10554125	SAMN13424244	SRX7235821	Microbe sample from Escherichia coli	NextSeq 500 sequencing: Barcode sequencing of E. coli evolving in antibiotics	2161439	108071950	ftp.sra.ebi.ac.uk/vol1/fastq/SRR105/025/SRR10554125/SRR10554125.fastq.gz	15053d2ac25804ffc7f6492e8bf868dc	40942223	SINGLE
SRR10554127	SAMN13424242	SRX7235819	Microbe sample from Escherichia coli	NextSeq 500 sequencing: Barcode sequencing of E. coli evolving in antibiotics	2607138	130356900	ftp.sra.ebi.ac.uk/vol1/fastq/SRR105/027/SRR10554127/SRR10554127.fastq.gz	703d153cce7e3302eaa5f065cd80051b	56783161	SINGLE
SRR10554128	SAMN13424241	SRX7235818	Microbe sample from Escherichia coli	NextSeq 500 sequencing: Barcode sequencing of E. coli evolving in antibiotics	2738605	136930250	ftp.sra.ebi.ac.uk/vol1/fastq/SRR105/028/SRR10554128/SRR10554128.fastq.gz	7bc33780fa726413fc1d84c69d31bbc7	57656625	SINGLE
SRR10554132	SAMN13424237	SRX7235814	Microbe sample from Escherichia coli	NextSeq 500 sequencing: Barcode sequencing of E. coli evolving in antibiotics	2326394	116319700	ftp.sra.ebi.ac.uk/vol1/fastq/SRR105/032/SRR10554132/SRR10554132.fastq.gz	758ea7ebf604250f1be59adc5cd374e9	52076803	SINGLE
SRR10554138	SAMN13423537	SRX7235808	Microbe sample from Escherichia coli	NextSeq 500 sequencing: Barcode sequencing of E. coli evolving in antibiotics	551518	27575900	ftp.sra.ebi.ac.uk/vol1/fastq/SRR105/038/SRR10554138/SRR10554138.fastq.gz	b664c9c5baac79629179fccee7720e6b	5576746	SINGLE
SRR10554140	SAMN13423527	SRX7235806	Microbe sample from Escherichia coli	NextSeq 500 sequencing: Barcode sequencing of E. coli evolving in antibiotics	670631	33531550	ftp.sra.ebi.ac.uk/vol1/fastq/SRR105/040/SRR10554140/SRR10554140.fastq.gz	6e02180e7e9c334b627da898b9ed896c	10166715	SINGLE
SRR10554141	SAMN13423988	SRX7236477	Microbe sample from Escherichia coli	NextSeq 500 sequencing: Barcode sequencing of E. coli evolving in antibiotics	738193	36909650	ftp.sra.ebi.ac.uk/vol1/fastq/SRR105/041/SRR10554141/SRR10554141.fastq.gz	11d4392dc1c2c9d7f07a9e2b98054b90	8284910	SINGLE
SRR10554145	SAMN13423985	SRX7236473	Microbe sample from Escherichia coli	NextSeq 500 sequencing: Barcode sequencing of E. coli evolving in antibiotics	600458	30022900	ftp.sra.ebi.ac.uk/vol1/fastq/SRR105/045/SRR10554145/SRR10554145.fastq.gz	caec6edbbfa42f0b0291cdfb9bd8a04a	7244953	SINGLE
SRR10554146	SAMN13423984	SRX7236472	Microbe sample from Escherichia coli	NextSeq 500 sequencing: Barcode sequencing of E. coli evolving in antibiotics	591169	29558450	ftp.sra.ebi.ac.uk/vol1/fastq/SRR105/046/SRR10554146/SRR10554146.fastq.gz	a74c42b2ea7e41dddec91da17cee41c3	6648612	SINGLE
SRR10554148	SAMN13423982	SRX7236470	Microbe sample from Escherichia coli	NextSeq 500 sequencing: Barcode sequencing of E. coli evolving in antibiotics	777347	38867350	ftp.sra.ebi.ac.uk/vol1/fastq/SRR105/048/SRR10554148/SRR10554148.fastq.gz	d2506380d97cdc064e658cc2c70c94b2	10092662	SINGLE
SRR10554152	SAMN13423978	SRX7236466	Microbe sample from Escherichia coli	NextSeq 500 sequencing: Barcode sequencing of E. coli evolving in antibiotics	632524	31626200	ftp.sra.ebi.ac.uk/vol1/fastq/SRR105/052/SRR10554152/SRR10554152.fastq.gz	36ed98bf2158df3b10cffc29a3fca9d8	11059846	SINGLE
SRR10554155	SAMN13423976	SRX7236463	Microbe sample from Escherichia coli	NextSeq 500 sequencing: Barcode sequencing of E. coli evolving in antibiotics	634413	31720650	ftp.sra.ebi.ac.uk/vol1/fastq/SRR105/055/SRR10554155/SRR10554155.fastq.gz	46e2fecf2dd3d3fdf680c24bf28be70b	10457624	SINGLE
SRR10554165	SAMN13423571	SRX7236453	Microbe sample from Escherichia coli	NextSeq 500 sequencing: Barcode sequencing of E. coli evolving in antibiotics	556580	27829000	ftp.sra.ebi.ac.uk/vol1/fastq/SRR105/065/SRR10554165/SRR10554165.fastq.gz	d23b8ab503a86badc5152cad5f14dd0b	5930179	SINGLE
SRR10554169	SAMN13423963	SRX7236449	Microbe sample from Escherichia coli	NextSeq 500 sequencing: Barcode sequencing of E. coli evolving in antibiotics	790268	39513400	ftp.sra.ebi.ac.uk/vol1/fastq/SRR105/069/SRR10554169/SRR10554169.fastq.gz	f4aead44bc0c2818078b192e21eb96d1	9156152	SINGLE
SRR10554172	SAMN13423960	SRX7236446	Microbe sample from Escherichia coli	NextSeq 500 sequencing: Barcode sequencing of E. coli evolving in antibiotics	587491	29374550	ftp.sra.ebi.ac.uk/vol1/fastq/SRR105/072/SRR10554172/SRR10554172.fastq.gz	dbd9c3b90043af653b3f2853ddacf612	6274680	SINGLE
SRR10554174	SAMN13423958	SRX7236444	Microbe sample from Escherichia coli	NextSeq 500 sequencing: Barcode sequencing of E. coli evolving in antibiotics	670043	33502150	ftp.sra.ebi.ac.uk/vol1/fastq/SRR105/074/SRR10554174/SRR10554174.fastq.gz	d4c86089d2301739382a7e865522f0b1	7876487	SINGLE
SRR10554184	SAMN13423949	SRX7236434	Microbe sample from Escherichia coli	NextSeq 500 sequencing: Barcode sequencing of E. coli evolving in antibiotics	551141	27557050	ftp.sra.ebi.ac.uk/vol1/fastq/SRR105/084/SRR10554184/SRR10554184.fastq.gz	c1eeee47a0fdd72c2232dfdb80738173	5921061	SINGLE
SRR10554188	SAMN13423946	SRX7236430	Microbe sample from Escherichia coli	NextSeq 500 sequencing: Barcode sequencing of E. coli evolving in antibiotics	895564	44778200	ftp.sra.ebi.ac.uk/vol1/fastq/SRR105/088/SRR10554188/SRR10554188.fastq.gz	d6963441030cdf42e73df2826109981a	10332022	SINGLE
SRR10554189	SAMN13423945	SRX7236429	Microbe sample from Escherichia coli	NextSeq 500 sequencing: Barcode sequencing of E. coli evolving in antibiotics	909377	45468850	ftp.sra.ebi.ac.uk/vol1/fastq/SRR105/089/SRR10554189/SRR10554189.fastq.gz	877ef5f3d4902d54c6830dbf46a2b880	10274126	SINGLE
SRR10554190	SAMN13423944	SRX7236428	Microbe sample from Escherichia coli	NextSeq 500 sequencing: Barcode sequencing of E. coli evolving in antibiotics	896998	44849900	ftp.sra.ebi.ac.uk/vol1/fastq/SRR105/090/SRR10554190/SRR10554190.fastq.gz	225ec0e7bfecad533467124e1c08efbd	9493932	SINGLE
SRR10554193	SAMN13423941	SRX7236425	Microbe sample from Escherichia coli	NextSeq 500 sequencing: Barcode sequencing of E. coli evolving in antibiotics	655300	32765000	ftp.sra.ebi.ac.uk/vol1/fastq/SRR105/093/SRR10554193/SRR10554193.fastq.gz	219d4237ed00fcf370a03040a7d1986a	7304367	SINGLE
SRR10554199	SAMN13423936	SRX7236419	Microbe sample from Escherichia coli	NextSeq 500 sequencing: Barcode sequencing of E. coli evolving in antibiotics	683567	34178350	ftp.sra.ebi.ac.uk/vol1/fastq/SRR105/099/SRR10554199/SRR10554199.fastq.gz	ad0f56f9a40272038f46f4faaa8ef560	7589375	SINGLE
SRR10554201	SAMN13423934	SRX7236417	Microbe sample from Escherichia coli	NextSeq 500 sequencing: Barcode sequencing of E. coli evolving in antibiotics	642618	32130900	ftp.sra.ebi.ac.uk/vol1/fastq/SRR105/001/SRR10554201/SRR10554201.fastq.gz	09a771ac599a56f38dc1da2a04f874d7	8597895	SINGLE
SRR10554206	SAMN13423929	SRX7236412	Microbe sample from Escherichia coli	NextSeq 500 sequencing: Barcode sequencing of E. coli evolving in antibiotics	745657	37282850	ftp.sra.ebi.ac.uk/vol1/fastq/SRR105/006/SRR10554206/SRR10554206.fastq.gz	6e40a0f4b632afd4626e3bd572006853	10194875	SINGLE
SRR10554207	SAMN13423928	SRX7236411	Microbe sample from Escherichia coli	NextSeq 500 sequencing: Barcode sequencing of E. coli evolving in antibiotics	732859	36642950	ftp.sra.ebi.ac.uk/vol1/fastq/SRR105/007/SRR10554207/SRR10554207.fastq.gz	9d483c0e4584de841d6b8e1067658e10	9322072	SINGLE
SRR10554208	SAMN13423927	SRX7236410	Microbe sample from Escherichia coli	NextSeq 500 sequencing: Barcode sequencing of E. coli evolving in antibiotics	725652	36282600	ftp.sra.ebi.ac.uk/vol1/fastq/SRR105/008/SRR10554208/SRR10554208.fastq.gz	f4b0f7f563434f1214a4fd0085639f1c	10222760	SINGLE
SRR10554209	SAMN13423567	SRX7236409	Microbe sample from Escherichia coli	NextSeq 500 sequencing: Barcode sequencing of E. coli evolving in antibiotics	620752	31037600	ftp.sra.ebi.ac.uk/vol1/fastq/SRR105/009/SRR10554209/SRR10554209.fastq.gz	bf9c0ca2322d5f353a2046284cae299d	7283980	SINGLE
SRR10554212	SAMN13423925	SRX7236406	Microbe sample from Escherichia coli	NextSeq 500 sequencing: Barcode sequencing of E. coli evolving in antibiotics	378158	18907900	ftp.sra.ebi.ac.uk/vol1/fastq/SRR105/012/SRR10554212/SRR10554212.fastq.gz	c118415fe1cd83a237673e1eb2e9b3fb	4642120	SINGLE
SRR10554214	SAMN13423923	SRX7236404	Microbe sample from Escherichia coli	NextSeq 500 sequencing: Barcode sequencing of E. coli evolving in antibiotics	367568	18378400	ftp.sra.ebi.ac.uk/vol1/fastq/SRR105/014/SRR10554214/SRR10554214.fastq.gz	f10a6ad97599f9ea1727d54b6c7b3dce	4636921	SINGLE
SRR10554218	SAMN13423919	SRX7236400	Microbe sample from Escherichia coli	NextSeq 500 sequencing: Barcode sequencing of E. coli evolving in antibiotics	696052	34802600	ftp.sra.ebi.ac.uk/vol1/fastq/SRR105/018/SRR10554218/SRR10554218.fastq.gz	94d5fad04ad4ae4ec4f98973f2539f8c	9847116	SINGLE
SRR10554221	SAMN13423566	SRX7236397	Microbe sample from Escherichia coli	NextSeq 500 sequencing: Barcode sequencing of E. coli evolving in antibiotics	587432	29371600	ftp.sra.ebi.ac.uk/vol1/fastq/SRR105/021/SRR10554221/SRR10554221.fastq.gz	36b5d1f7127fa8b65fb6f5cbbc6e6c0f	6237539	SINGLE
SRR10554222	SAMN13423916	SRX7236396	Microbe sample from Escherichia coli	NextSeq 500 sequencing: Barcode sequencing of E. coli evolving in antibiotics	731537	36576850	ftp.sra.ebi.ac.uk/vol1/fastq/SRR105/022/SRR10554222/SRR10554222.fastq.gz	fa91787b1f28b40970893080b0fbfd6a	10268357	SINGLE
SRR10554223	SAMN13423915	SRX7236395	Microbe sample from Escherichia coli	NextSeq 500 sequencing: Barcode sequencing of E. coli evolving in antibiotics	725059	36252950	ftp.sra.ebi.ac.uk/vol1/fastq/SRR105/023/SRR10554223/SRR10554223.fastq.gz	0717fa6d916feee2a95c23f3528b39e8	10902497	SINGLE
SRR10554232	SAMN13423565	SRX7236386	Microbe sample from Escherichia coli	NextSeq 500 sequencing: Barcode sequencing of E. coli evolving in antibiotics	595752	29787600	ftp.sra.ebi.ac.uk/vol1/fastq/SRR105/032/SRR10554232/SRR10554232.fastq.gz	50ffd33bdefcb60e63a70ec89352d858	6186767	SINGLE
SRR10554233	SAMN13423906	SRX7236385	Microbe sample from Escherichia coli	NextSeq 500 sequencing: Barcode sequencing of E. coli evolving in antibiotics	627506	37022854	ftp.sra.ebi.ac.uk/vol1/fastq/SRR105/033/SRR10554233/SRR10554233.fastq.gz	b12976f43c2f128e976a66dcd60f6bb6	7689416	SINGLE
SRR10554234	SAMN13423905	SRX7236384	Microbe sample from Escherichia coli	NextSeq 500 sequencing: Barcode sequencing of E. coli evolving in antibiotics	634934	37461106	ftp.sra.ebi.ac.uk/vol1/fastq/SRR105/034/SRR10554234/SRR10554234.fastq.gz	af2072bdb8cba6f5f6b5a819a1ce127a	7756219	SINGLE
SRR10554247	SAMN13423893	SRX7236371	Microbe sample from Escherichia coli	NextSeq 500 sequencing: Barcode sequencing of E. coli evolving in antibiotics	739472	43628848	ftp.sra.ebi.ac.uk/vol1/fastq/SRR105/047/SRR10554247/SRR10554247.fastq.gz	6c7be4e606dffa8a18a5834cbe1a312e	9425771	SINGLE
SRR10554250	SAMN13423890	SRX7236368	Microbe sample from Escherichia coli	NextSeq 500 sequencing: Barcode sequencing of E. coli evolving in antibiotics	809556	47763804	ftp.sra.ebi.ac.uk/vol1/fastq/SRR105/050/SRR10554250/SRR10554250.fastq.gz	46d45f37815a478e8a78d399c2502f66	10639188	SINGLE
SRR10554251	SAMN13423889	SRX7236367	Microbe sample from Escherichia coli	NextSeq 500 sequencing: Barcode sequencing of E. coli evolving in antibiotics	818963	48318817	ftp.sra.ebi.ac.uk/vol1/fastq/SRR105/051/SRR10554251/SRR10554251.fastq.gz	e6fbf1b81acd1094de7ad3a0600ae3bc	10781465	SINGLE
SRR10554252	SAMN13423888	SRX7236366	Microbe sample from Escherichia coli	NextSeq 500 sequencing: Barcode sequencing of E. coli evolving in antibiotics	813862	48017858	ftp.sra.ebi.ac.uk/vol1/fastq/SRR105/052/SRR10554252/SRR10554252.fastq.gz	582221504853d163ebdb685c9d8831f8	9856289	SINGLE
SRR10554253	SAMN13423887	SRX7236365	Microbe sample from Escherichia coli	NextSeq 500 sequencing: Barcode sequencing of E. coli evolving in antibiotics	827365	48814535	ftp.sra.ebi.ac.uk/vol1/fastq/SRR105/053/SRR10554253/SRR10554253.fastq.gz	5c525b14f1e97e977b39f22b4bf47596	10362637	SINGLE
SRR10554256	SAMN13423885	SRX7236362	Microbe sample from Escherichia coli	NextSeq 500 sequencing: Barcode sequencing of E. coli evolving in antibiotics	756342	44624178	ftp.sra.ebi.ac.uk/vol1/fastq/SRR105/056/SRR10554256/SRR10554256.fastq.gz	90401f239c9e3304b1e7ae43abd25f10	10160521	SINGLE
SRR10554257	SAMN13423884	SRX7236361	Microbe sample from Escherichia coli	NextSeq 500 sequencing: Barcode sequencing of E. coli evolving in antibiotics	750121	44257139	ftp.sra.ebi.ac.uk/vol1/fastq/SRR105/057/SRR10554257/SRR10554257.fastq.gz	451a0877a10995f70c07703a8bb1e375	9307275	SINGLE
SRR10554260	SAMN13423881	SRX7236358	Microbe sample from Escherichia coli	NextSeq 500 sequencing: Barcode sequencing of E. coli evolving in antibiotics	813782	48013138	ftp.sra.ebi.ac.uk/vol1/fastq/SRR105/060/SRR10554260/SRR10554260.fastq.gz	b36d01041a945c93b5edb5cac399ac7a	11195875	SINGLE
SRR10554275	SAMN13423867	SRX7236343	Microbe sample from Escherichia coli	NextSeq 500 sequencing: Barcode sequencing of E. coli evolving in antibiotics	1193371	70408889	ftp.sra.ebi.ac.uk/vol1/fastq/SRR105/075/SRR10554275/SRR10554275.fastq.gz	319f389bc8485a1bd290360b1cf88f86	16724927	SINGLE
SRR10554286	SAMN13423857	SRX7236332	Microbe sample from Escherichia coli	NextSeq 500 sequencing: Barcode sequencing of E. coli evolving in antibiotics	1176026	69385534	ftp.sra.ebi.ac.uk/vol1/fastq/SRR105/086/SRR10554286/SRR10554286.fastq.gz	f521ce8c6a487085aa4baa727827ef24	20896689	SINGLE
SRR10554297	SAMN13423847	SRX7236321	Microbe sample from Escherichia coli	NextSeq 500 sequencing: Barcode sequencing of E. coli evolving in antibiotics	1337140	78891260	ftp.sra.ebi.ac.uk/vol1/fastq/SRR105/097/SRR10554297/SRR10554297.fastq.gz	a818a490139c686f72c24d38f41cf56b	26557254	SINGLE
SRR10554306	SAMN13423839	SRX7236312	Microbe sample from Escherichia coli	NextSeq 500 sequencing: Barcode sequencing of E. coli evolving in antibiotics	571258	28562900	ftp.sra.ebi.ac.uk/vol1/fastq/SRR105/006/SRR10554306/SRR10554306.fastq.gz	af2d792bfe59ca3a1b1ac6cf31e4df5f	6126475	SINGLE
SRR10554308	SAMN13423837	SRX7236310	Microbe sample from Escherichia coli	NextSeq 500 sequencing: Barcode sequencing of E. coli evolving in antibiotics	497226	24861300	ftp.sra.ebi.ac.uk/vol1/fastq/SRR105/008/SRR10554308/SRR10554308.fastq.gz	b292dff0cf46ce9f10e8e90dbf2bda7a	4981273	SINGLE
SRR10554311	SAMN13423835	SRX7236307	Microbe sample from Escherichia coli	NextSeq 500 sequencing: Barcode sequencing of E. coli evolving in antibiotics	487157	24357850	ftp.sra.ebi.ac.uk/vol1/fastq/SRR105/011/SRR10554311/SRR10554311.fastq.gz	8c4b6a932df93f9ce3b3bbdb80f2f5c5	5045147	SINGLE
SRR10554316	SAMN13423830	SRX7236302	Microbe sample from Escherichia coli	NextSeq 500 sequencing: Barcode sequencing of E. coli evolving in antibiotics	561450	28072500	ftp.sra.ebi.ac.uk/vol1/fastq/SRR105/016/SRR10554316/SRR10554316.fastq.gz	7e21a65c11f31481027ed885c48dc0c3	5887833	SINGLE
SRR10554321	SAMN13423530	SRX7236297	Microbe sample from Escherichia coli	NextSeq 500 sequencing: Barcode sequencing of E. coli evolving in antibiotics	679509	33975450	ftp.sra.ebi.ac.uk/vol1/fastq/SRR105/021/SRR10554321/SRR10554321.fastq.gz	4b6aff2d4a44d4f237c903392f3ce70e	10203562	SINGLE
SRR10554328	SAMN13423820	SRX7236290	Microbe sample from Escherichia coli	NextSeq 500 sequencing: Barcode sequencing of E. coli evolving in antibiotics	651448	32572400	ftp.sra.ebi.ac.uk/vol1/fastq/SRR105/028/SRR10554328/SRR10554328.fastq.gz	072918e497d839c2a3c5b0f2aeef605a	6965872	SINGLE
SRR10554329	SAMN13423819	SRX7236289	Microbe sample from Escherichia coli	NextSeq 500 sequencing: Barcode sequencing of E. coli evolving in antibiotics	645953	32297650	ftp.sra.ebi.ac.uk/vol1/fastq/SRR105/029/SRR10554329/SRR10554329.fastq.gz	dc13b25ff67a677a5dac86437918f7ab	7622902	SINGLE
SRR10554343	SAMN13423555	SRX7236275	Microbe sample from Escherichia coli	NextSeq 500 sequencing: Barcode sequencing of E. coli evolving in antibiotics	498963	24948150	ftp.sra.ebi.ac.uk/vol1/fastq/SRR105/043/SRR10554343/SRR10554343.fastq.gz	7169ccdc06fd976cfc6ba3b1ec3ea2a4	5536575	SINGLE
SRR10554345	SAMN13423805	SRX7236273	Microbe sample from Escherichia coli	NextSeq 500 sequencing: Barcode sequencing of E. coli evolving in antibiotics	543804	27190200	ftp.sra.ebi.ac.uk/vol1/fastq/SRR105/045/SRR10554345/SRR10554345.fastq.gz	6648863a6f4cb306ad70108d74437dda	5928834	SINGLE
SRR10554349	SAMN13423801	SRX7236269	Microbe sample from Escherichia coli	NextSeq 500 sequencing: Barcode sequencing of E. coli evolving in antibiotics	766964	38348200	ftp.sra.ebi.ac.uk/vol1/fastq/SRR105/049/SRR10554349/SRR10554349.fastq.gz	ddb022daa53d30d16b060425c99ecd55	9081175	SINGLE
SRR10554358	SAMN13423793	SRX7236260	Microbe sample from Escherichia coli	NextSeq 500 sequencing: Barcode sequencing of E. coli evolving in antibiotics	614903	30745150	ftp.sra.ebi.ac.uk/vol1/fastq/SRR105/058/SRR10554358/SRR10554358.fastq.gz	5860b0df523f14579509376b43e92c95	6540019	SINGLE
SRR10554364	SAMN13423787	SRX7236254	Microbe sample from Escherichia coli	NextSeq 500 sequencing: Barcode sequencing of E. coli evolving in antibiotics	701910	35095500	ftp.sra.ebi.ac.uk/vol1/fastq/SRR105/064/SRR10554364/SRR10554364.fastq.gz	dcaddd4b3fd37046f261741b8978436f	9550078	SINGLE
SRR10554378	SAMN13423775	SRX7236240	Microbe sample from Escherichia coli	NextSeq 500 sequencing: Barcode sequencing of E. coli evolving in antibiotics	612211	30610550	ftp.sra.ebi.ac.uk/vol1/fastq/SRR105/078/SRR10554378/SRR10554378.fastq.gz	9e54ce4081a16c9c3611de602c4b7637	7158772	SINGLE
SRR10554383	SAMN13423770	SRX7236235	Microbe sample from Escherichia coli	NextSeq 500 sequencing: Barcode sequencing of E. coli evolving in antibiotics	709153	35457650	ftp.sra.ebi.ac.uk/vol1/fastq/SRR105/083/SRR10554383/SRR10554383.fastq.gz	9a6d9fd61b662d8a4976dfa3d22a0e74	8123813	SINGLE
SRR10554387	SAMN13423551	SRX7236231	Microbe sample from Escherichia coli	NextSeq 500 sequencing: Barcode sequencing of E. coli evolving in antibiotics	484919	24245950	ftp.sra.ebi.ac.uk/vol1/fastq/SRR105/087/SRR10554387/SRR10554387.fastq.gz	923539780ae55c95863436f1c6e9d216	5959999	SINGLE
SRR10554404	SAMN13423751	SRX7236214	Microbe sample from Escherichia coli	NextSeq 500 sequencing: Barcode sequencing of E. coli evolving in antibiotics	574433	28721650	ftp.sra.ebi.ac.uk/vol1/fastq/SRR105/004/SRR10554404/SRR10554404.fastq.gz	c3515698a3fce760c05d4d0ad3a1aee9	6756237	SINGLE
SRR10554410	SAMN13423746	SRX7236208	Microbe sample from Escherichia coli	NextSeq 500 sequencing: Barcode sequencing of E. coli evolving in antibiotics	630148	31507400	ftp.sra.ebi.ac.uk/vol1/fastq/SRR105/010/SRR10554410/SRR10554410.fastq.gz	638c924210a5823feb1a7a739cdbbd42	8356856	SINGLE
SRR10554420	SAMN13423548	SRX7236198	Microbe sample from Escherichia coli	NextSeq 500 sequencing: Barcode sequencing of E. coli evolving in antibiotics	535147	26757350	ftp.sra.ebi.ac.uk/vol1/fastq/SRR105/020/SRR10554420/SRR10554420.fastq.gz	8325f3399590692b02b510747190c11f	5084248	SINGLE
SRR10554421	SAMN13423736	SRX7236197	Microbe sample from Escherichia coli	NextSeq 500 sequencing: Barcode sequencing of E. coli evolving in antibiotics	774675	38733750	ftp.sra.ebi.ac.uk/vol1/fastq/SRR105/021/SRR10554421/SRR10554421.fastq.gz	86f0fce092272e1558fd71a2261241bd	8733535	SINGLE
SRR10554426	SAMN13423731	SRX7236192	Microbe sample from Escherichia coli	NextSeq 500 sequencing: Barcode sequencing of E. coli evolving in antibiotics	712695	35634750	ftp.sra.ebi.ac.uk/vol1/fastq/SRR105/026/SRR10554426/SRR10554426.fastq.gz	650e2455014c79609e4d3d010c2c37d8	8850996	SINGLE
SRR10554433	SAMN13423726	SRX7236185	Microbe sample from Escherichia coli	NextSeq 500 sequencing: Barcode sequencing of E. coli evolving in antibiotics	925064	46253200	ftp.sra.ebi.ac.uk/vol1/fastq/SRR105/033/SRR10554433/SRR10554433.fastq.gz	ade5ab8825e58e1d7be25ba9c87130f9	16415244	SINGLE
SRR10554440	SAMN13423719	SRX7236178	Microbe sample from Escherichia coli	NextSeq 500 sequencing: Barcode sequencing of E. coli evolving in antibiotics	698928	34946400	ftp.sra.ebi.ac.uk/vol1/fastq/SRR105/040/SRR10554440/SRR10554440.fastq.gz	f33faaed9d4c8fc1f0455bd0e4cf746b	12306990	SINGLE
SRR10554443	SAMN13423546	SRX7236175	Microbe sample from Escherichia coli	NextSeq 500 sequencing: Barcode sequencing of E. coli evolving in antibiotics	651628	32581400	ftp.sra.ebi.ac.uk/vol1/fastq/SRR105/043/SRR10554443/SRR10554443.fastq.gz	0ebb93c7ef36876dfb0bf757fb6b58c0	7076457	SINGLE
SRR10554453	SAMN13423707	SRX7236165	Microbe sample from Escherichia coli	NextSeq 500 sequencing: Barcode sequencing of E. coli evolving in antibiotics	655677	38684943	ftp.sra.ebi.ac.uk/vol1/fastq/SRR105/053/SRR10554453/SRR10554453.fastq.gz	096bb11014b67bec3564abdeb7c15089	7245740	SINGLE
SRR10554457	SAMN13423704	SRX7236161	Microbe sample from Escherichia coli	NextSeq 500 sequencing: Barcode sequencing of E. coli evolving in antibiotics	649040	38293360	ftp.sra.ebi.ac.uk/vol1/fastq/SRR105/057/SRR10554457/SRR10554457.fastq.gz	b23a39dad3b93366a1a35e8617a5c504	7016944	SINGLE
SRR10554458	SAMN13423703	SRX7236160	Microbe sample from Escherichia coli	NextSeq 500 sequencing: Barcode sequencing of E. coli evolving in antibiotics	659260	38896340	ftp.sra.ebi.ac.uk/vol1/fastq/SRR105/058/SRR10554458/SRR10554458.fastq.gz	32b53d89bf696089c9207d683da6c2fa	7377312	SINGLE
SRR10554462	SAMN13423699	SRX7236156	Microbe sample from Escherichia coli	NextSeq 500 sequencing: Barcode sequencing of E. coli evolving in antibiotics	1054660	62224940	ftp.sra.ebi.ac.uk/vol1/fastq/SRR105/062/SRR10554462/SRR10554462.fastq.gz	dc59a56fbed3844ce43461ab97032a90	14841367	SINGLE
SRR10554468	SAMN13423694	SRX7236150	Microbe sample from Escherichia coli	NextSeq 500 sequencing: Barcode sequencing of E. coli evolving in antibiotics	695479	41033261	ftp.sra.ebi.ac.uk/vol1/fastq/SRR105/068/SRR10554468/SRR10554468.fastq.gz	73eeb9c4d2d3b3bc5d1b07da500848f4	8796353	SINGLE
SRR10554470	SAMN13423692	SRX7236148	Microbe sample from Escherichia coli	NextSeq 500 sequencing: Barcode sequencing of E. coli evolving in antibiotics	695594	41040046	ftp.sra.ebi.ac.uk/vol1/fastq/SRR105/070/SRR10554470/SRR10554470.fastq.gz	ae7b3363d8e8d53de46193f98d8a20d7	8015307	SINGLE
SRR10554471	SAMN13423691	SRX7236147	Microbe sample from Escherichia coli	NextSeq 500 sequencing: Barcode sequencing of E. coli evolving in antibiotics	706143	41662437	ftp.sra.ebi.ac.uk/vol1/fastq/SRR105/071/SRR10554471/SRR10554471.fastq.gz	392a9bbaf6b1e6666368b96373dd628c	8399572	SINGLE
SRR10554476	SAMN13423543	SRX7236142	Microbe sample from Escherichia coli	NextSeq 500 sequencing: Barcode sequencing of E. coli evolving in antibiotics	647813	32390650	ftp.sra.ebi.ac.uk/vol1/fastq/SRR105/076/SRR10554476/SRR10554476.fastq.gz	fb4da88cd8aa4a8411b0dfe3723ca821	7083000	SINGLE
SRR10554481	SAMN13424229	SRX7236745	Microbe sample from Escherichia coli	NextSeq 500 sequencing: Barcode sequencing of E. coli evolving in antibiotics	2179729	108986450	ftp.sra.ebi.ac.uk/vol1/fastq/SRR105/081/SRR10554481/SRR10554481.fastq.gz	b37dc084c450f7ac5954d77dd4809ab9	55657603	SINGLE
SRR10554482	SAMN13424228	SRX7236744	Microbe sample from Escherichia coli	NextSeq 500 sequencing: Barcode sequencing of E. coli evolving in antibiotics	2191784	109589200	ftp.sra.ebi.ac.uk/vol1/fastq/SRR105/082/SRR10554482/SRR10554482.fastq.gz	d0a7090d9f6714b6bca624142d709441	52874446	SINGLE
SRR10554491	SAMN13424221	SRX7236735	Microbe sample from Escherichia coli	NextSeq 500 sequencing: Barcode sequencing of E. coli evolving in antibiotics	2549962	127498100	ftp.sra.ebi.ac.uk/vol1/fastq/SRR105/091/SRR10554491/SRR10554491.fastq.gz	fb9684878c13184c007d6875d4df2204	65845840	SINGLE
SRR10554494	SAMN13424218	SRX7236732	Microbe sample from Escherichia coli	NextSeq 500 sequencing: Barcode sequencing of E. coli evolving in antibiotics	2236499	111824950	ftp.sra.ebi.ac.uk/vol1/fastq/SRR105/094/SRR10554494/SRR10554494.fastq.gz	18de41d831ab25cada8587a5650e206a	59281139	SINGLE
SRR10554522	SAMN13424193	SRX7236704	Microbe sample from Escherichia coli	NextSeq 500 sequencing: Barcode sequencing of E. coli evolving in antibiotics	955848	56395032	ftp.sra.ebi.ac.uk/vol1/fastq/SRR105/022/SRR10554522/SRR10554522.fastq.gz	a4433c9ff2ca8521ae7e5e20c8944c50	13508075	SINGLE
SRR10554524	SAMN13424191	SRX7236702	Microbe sample from Escherichia coli	NextSeq 500 sequencing: Barcode sequencing of E. coli evolving in antibiotics	964868	56927212	ftp.sra.ebi.ac.uk/vol1/fastq/SRR105/024/SRR10554524/SRR10554524.fastq.gz	6cefc0f3d1028f165bafe7f6c789e0b6	13028899	SINGLE
SRR10554527	SAMN13424188	SRX7236699	Microbe sample from Escherichia coli	NextSeq 500 sequencing: Barcode sequencing of E. coli evolving in antibiotics	857717	50605303	ftp.sra.ebi.ac.uk/vol1/fastq/SRR105/027/SRR10554527/SRR10554527.fastq.gz	7e114210dfffa00d1b30cd2ccad042d3	11843495	SINGLE
SRR10554531	SAMN13424185	SRX7236695	Microbe sample from Escherichia coli	NextSeq 500 sequencing: Barcode sequencing of E. coli evolving in antibiotics	931816	54977144	ftp.sra.ebi.ac.uk/vol1/fastq/SRR105/031/SRR10554531/SRR10554531.fastq.gz	4de422db141d9ea3d71dc462af0d1c75	14903886	SINGLE
SRR10554545	SAMN13424172	SRX7236681	Microbe sample from Escherichia coli	NextSeq 500 sequencing: Barcode sequencing of E. coli evolving in antibiotics	1318852	77812268	ftp.sra.ebi.ac.uk/vol1/fastq/SRR105/045/SRR10554545/SRR10554545.fastq.gz	4bfc79f174ca0c326da27b3418e1151d	24325790	SINGLE
SRR10554546	SAMN13424171	SRX7236680	Microbe sample from Escherichia coli	NextSeq 500 sequencing: Barcode sequencing of E. coli evolving in antibiotics	1354381	79908479	ftp.sra.ebi.ac.uk/vol1/fastq/SRR105/046/SRR10554546/SRR10554546.fastq.gz	8e02ac0335d2d691fd809e87d9c4d590	25430597	SINGLE
SRR10554556	SAMN13424162	SRX7236670	Microbe sample from Escherichia coli	NextSeq 500 sequencing: Barcode sequencing of E. coli evolving in antibiotics	1150284	67866756	ftp.sra.ebi.ac.uk/vol1/fastq/SRR105/056/SRR10554556/SRR10554556.fastq.gz	9a88db9047f9bb308a6b396530a7b040	23535184	SINGLE
SRR10554562	SAMN13423590	SRX7236664	Microbe sample from Escherichia coli	NextSeq 500 sequencing: Barcode sequencing of E. coli evolving in antibiotics	467167	23358350	ftp.sra.ebi.ac.uk/vol1/fastq/SRR105/062/SRR10554562/SRR10554562.fastq.gz	719e20ec6d26df60fd2caa5ced00decb	5600527	SINGLE
SRR10554566	SAMN13424153	SRX7236660	Microbe sample from Escherichia coli	NextSeq 500 sequencing: Barcode sequencing of E. coli evolving in antibiotics	1109863	65481917	ftp.sra.ebi.ac.uk/vol1/fastq/SRR105/066/SRR10554566/SRR10554566.fastq.gz	0370c044c09445ada4859be3972bc1a1	23269353	SINGLE
SRR10554572	SAMN13424147	SRX7236654	Microbe sample from Escherichia coli	NextSeq 500 sequencing: Barcode sequencing of E. coli evolving in antibiotics	1111141	65557319	ftp.sra.ebi.ac.uk/vol1/fastq/SRR105/072/SRR10554572/SRR10554572.fastq.gz	30458da4aadff0796297ff29daa62dc9	14475339	SINGLE
SRR10554577	SAMN13424143	SRX7236649	Microbe sample from Escherichia coli	NextSeq 500 sequencing: Barcode sequencing of E. coli evolving in antibiotics	1135443	66991137	ftp.sra.ebi.ac.uk/vol1/fastq/SRR105/077/SRR10554577/SRR10554577.fastq.gz	01164a37d15acfb347176b11f9394199	14756125	SINGLE
SRR10554581	SAMN13424139	SRX7236645	Microbe sample from Escherichia coli	NextSeq 500 sequencing: Barcode sequencing of E. coli evolving in antibiotics	1170553	69062627	ftp.sra.ebi.ac.uk/vol1/fastq/SRR105/081/SRR10554581/SRR10554581.fastq.gz	66ab3c4f8cfbc43982f4bee50b3c48b1	16478405	SINGLE
SRR10554582	SAMN13424138	SRX7236644	Microbe sample from Escherichia coli	NextSeq 500 sequencing: Barcode sequencing of E. coli evolving in antibiotics	1208896	71324864	ftp.sra.ebi.ac.uk/vol1/fastq/SRR105/082/SRR10554582/SRR10554582.fastq.gz	23e4fb5cce1f8f747b87a4990958282a	18602597	SINGLE
SRR10554584	SAMN13423588	SRX7236642	Microbe sample from Escherichia coli	NextSeq 500 sequencing: Barcode sequencing of E. coli evolving in antibiotics	470029	23501450	ftp.sra.ebi.ac.uk/vol1/fastq/SRR105/084/SRR10554584/SRR10554584.fastq.gz	ab56686ac2b0cfd74200cb2504e46d47	5078104	SINGLE
SRR10554588	SAMN13424133	SRX7236638	Microbe sample from Escherichia coli	NextSeq 500 sequencing: Barcode sequencing of E. coli evolving in antibiotics	1211791	71495669	ftp.sra.ebi.ac.uk/vol1/fastq/SRR105/088/SRR10554588/SRR10554588.fastq.gz	2ec3d0f6923585d799fe7ba5aed58cc3	18874723	SINGLE
SRR10554596	SAMN13423533	SRX7236630	Microbe sample from Escherichia coli	NextSeq 500 sequencing: Barcode sequencing of E. coli evolving in antibiotics	624124	31206200	ftp.sra.ebi.ac.uk/vol1/fastq/SRR105/096/SRR10554596/SRR10554596.fastq.gz	9ffbe8eb759d1274a09c0d8320b51276	7482364	SINGLE
SRR10554597	SAMN13424126	SRX7236629	Microbe sample from Escherichia coli	NextSeq 500 sequencing: Barcode sequencing of E. coli evolving in antibiotics	199	11741	ftp.sra.ebi.ac.uk/vol1/fastq/SRR105/097/SRR10554597/SRR10554597.fastq.gz	b4bf44bf89f22c74f4ce1597bd92d357	6131	SINGLE
SRR10554602	SAMN13424121	SRX7236624	Microbe sample from Escherichia coli	NextSeq 500 sequencing: Barcode sequencing of E. coli evolving in antibiotics	1094418	64570662	ftp.sra.ebi.ac.uk/vol1/fastq/SRR105/002/SRR10554602/SRR10554602.fastq.gz	e1cf3d42a1aa0928f9b26d7b5afdab17	18051468	SINGLE
SRR10554605	SAMN13424118	SRX7236621	Microbe sample from Escherichia coli	NextSeq 500 sequencing: Barcode sequencing of E. coli evolving in antibiotics	1097987	64781233	ftp.sra.ebi.ac.uk/vol1/fastq/SRR105/005/SRR10554605/SRR10554605.fastq.gz	044dee964d176885dc0e3b234a7ed2b5	19226404	SINGLE
SRR10554608	SAMN13424116	SRX7236618	Microbe sample from Escherichia coli	NextSeq 500 sequencing: Barcode sequencing of E. coli evolving in antibiotics	1122201	66209859	ftp.sra.ebi.ac.uk/vol1/fastq/SRR105/008/SRR10554608/SRR10554608.fastq.gz	a19af84f3169d369221393d15f26342e	18061531	SINGLE
SRR10554615	SAMN13424109	SRX7236611	Microbe sample from Escherichia coli	NextSeq 500 sequencing: Barcode sequencing of E. coli evolving in antibiotics	1219892	71973628	ftp.sra.ebi.ac.uk/vol1/fastq/SRR105/015/SRR10554615/SRR10554615.fastq.gz	42c603fd24ef17725133dc9835c7b02a	22640379	SINGLE
SRR10554619	SAMN13424106	SRX7236607	Microbe sample from Escherichia coli	NextSeq 500 sequencing: Barcode sequencing of E. coli evolving in antibiotics	1241925	73273575	ftp.sra.ebi.ac.uk/vol1/fastq/SRR105/019/SRR10554619/SRR10554619.fastq.gz	4225e134063fa366a134c1a0ed6e11d4	23902640	SINGLE
SRR10554625	SAMN13424100	SRX7236601	Microbe sample from Escherichia coli	NextSeq 500 sequencing: Barcode sequencing of E. coli evolving in antibiotics	1138046	67144714	ftp.sra.ebi.ac.uk/vol1/fastq/SRR105/025/SRR10554625/SRR10554625.fastq.gz	97ba128051f7e330e0e794d154fb2f26	22129949	SINGLE
SRR10554629	SAMN13423584	SRX7236597	Microbe sample from Escherichia coli	NextSeq 500 sequencing: Barcode sequencing of E. coli evolving in antibiotics	468383	23419150	ftp.sra.ebi.ac.uk/vol1/fastq/SRR105/029/SRR10554629/SRR10554629.fastq.gz	576e6018afebafe027616a3d40af2b63	4333414	SINGLE
SRR10554630	SAMN13424096	SRX7236596	Microbe sample from Escherichia coli	NextSeq 500 sequencing: Barcode sequencing of E. coli evolving in antibiotics	608	35872	ftp.sra.ebi.ac.uk/vol1/fastq/SRR105/030/SRR10554630/SRR10554630.fastq.gz	54ebedbe8f97140d4ca6fb9298b77353	13294	SINGLE
SRR10554632	SAMN13424094	SRX7236594	Microbe sample from Escherichia coli	NextSeq 500 sequencing: Barcode sequencing of E. coli evolving in antibiotics	1207267	71228753	ftp.sra.ebi.ac.uk/vol1/fastq/SRR105/032/SRR10554632/SRR10554632.fastq.gz	a24c2829e421287163f3d9d41c47386b	25097701	SINGLE
SRR10554656	SAMN13424072	SRX7236570	Microbe sample from Escherichia coli	NextSeq 500 sequencing: Barcode sequencing of E. coli evolving in antibiotics	1194458	59722900	ftp.sra.ebi.ac.uk/vol1/fastq/SRR105/056/SRR10554656/SRR10554656.fastq.gz	865a0c7d5db03c1b4f25de4d48f1e6c5	22445994	SINGLE
SRR10554673	SAMN13423580	SRX7236553	Microbe sample from Escherichia coli	NextSeq 500 sequencing: Barcode sequencing of E. coli evolving in antibiotics	545261	27263050	ftp.sra.ebi.ac.uk/vol1/fastq/SRR105/073/SRR10554673/SRR10554673.fastq.gz	3c9dd6aa5eac10543d9de092dd9c2ab6	5105456	SINGLE
SRR10554679	SAMN13424051	SRX7236547	Microbe sample from Escherichia coli	NextSeq 500 sequencing: Barcode sequencing of E. coli evolving in antibiotics	1898361	94918050	ftp.sra.ebi.ac.uk/vol1/fastq/SRR105/079/SRR10554679/SRR10554679.fastq.gz	48b86b056247f6b6ccecf90d671d44f4	37324494	SINGLE
SRR10554683	SAMN13424047	SRX7236543	Microbe sample from Escherichia coli	NextSeq 500 sequencing: Barcode sequencing of E. coli evolving in antibiotics	2373154	118657700	ftp.sra.ebi.ac.uk/vol1/fastq/SRR105/083/SRR10554683/SRR10554683.fastq.gz	86cfc9ab5ee451189ada9a752c977a90	47478925	SINGLE
SRR10554692	SAMN13424039	SRX7236534	Microbe sample from Escherichia coli	NextSeq 500 sequencing: Barcode sequencing of E. coli evolving in antibiotics	2209901	110495050	ftp.sra.ebi.ac.uk/vol1/fastq/SRR105/092/SRR10554692/SRR10554692.fastq.gz	9f34789336e25bd54c95377fbf09e8c1	55723927	SINGLE
SRR10554704	SAMN13424028	SRX7236522	Microbe sample from Escherichia coli	NextSeq 500 sequencing: Barcode sequencing of E. coli evolving in antibiotics	521672	26083600	ftp.sra.ebi.ac.uk/vol1/fastq/SRR105/004/SRR10554704/SRR10554704.fastq.gz	2aa577aa5609658bf031665451d49778	5318671	SINGLE
SRR10554706	SAMN13423577	SRX7236520	Microbe sample from Escherichia coli	NextSeq 500 sequencing: Barcode sequencing of E. coli evolving in antibiotics	519827	25991350	ftp.sra.ebi.ac.uk/vol1/fastq/SRR105/006/SRR10554706/SRR10554706.fastq.gz	6257cc5b1cd7e89d9c3d819b11e8479c	5341335	SINGLE
SRR10554712	SAMN13424022	SRX7236514	Microbe sample from Escherichia coli	NextSeq 500 sequencing: Barcode sequencing of E. coli evolving in antibiotics	595102	29755100	ftp.sra.ebi.ac.uk/vol1/fastq/SRR105/012/SRR10554712/SRR10554712.fastq.gz	203baaa90943477d255ffd4019af81d2	6824036	SINGLE
SRR10554714	SAMN13424020	SRX7236512	Microbe sample from Escherichia coli	NextSeq 500 sequencing: Barcode sequencing of E. coli evolving in antibiotics	595464	29773200	ftp.sra.ebi.ac.uk/vol1/fastq/SRR105/014/SRR10554714/SRR10554714.fastq.gz	c27859ce79fe695f3b0954470a6739e9	6282050	SINGLE
SRR10554716	SAMN13424018	SRX7236510	Microbe sample from Escherichia coli	NextSeq 500 sequencing: Barcode sequencing of E. coli evolving in antibiotics	646491	32324550	ftp.sra.ebi.ac.uk/vol1/fastq/SRR105/016/SRR10554716/SRR10554716.fastq.gz	a1be6a2a22a0c15cd1f95bce8ba71217	7331774	SINGLE
SRR10554717	SAMN13424017	SRX7236509	Microbe sample from Escherichia coli	NextSeq 500 sequencing: Barcode sequencing of E. coli evolving in antibiotics	654861	32743050	ftp.sra.ebi.ac.uk/vol1/fastq/SRR105/017/SRR10554717/SRR10554717.fastq.gz	0c87cb1e87272624d0083e47405442d3	7431723	SINGLE
SRR10554720	SAMN13424015	SRX7236506	Microbe sample from Escherichia coli	NextSeq 500 sequencing: Barcode sequencing of E. coli evolving in antibiotics	642401	32120050	ftp.sra.ebi.ac.uk/vol1/fastq/SRR105/020/SRR10554720/SRR10554720.fastq.gz	792dcf48c0d95bb4cfa6f324bdccd153	7533071	SINGLE
SRR10554724	SAMN13424011	SRX7236502	Microbe sample from Escherichia coli	NextSeq 500 sequencing: Barcode sequencing of E. coli evolving in antibiotics	568201	28410050	ftp.sra.ebi.ac.uk/vol1/fastq/SRR105/024/SRR10554724/SRR10554724.fastq.gz	a0e0c304e13a03a6d2665586a36ec956	6996425	SINGLE
SRR10554729	SAMN13423575	SRX7236497	Microbe sample from Escherichia coli	NextSeq 500 sequencing: Barcode sequencing of E. coli evolving in antibiotics	509401	25470050	ftp.sra.ebi.ac.uk/vol1/fastq/SRR105/029/SRR10554729/SRR10554729.fastq.gz	0570d354f16775a1c5fc049e628e4e4b	5396320	SINGLE
SRR10554733	SAMN13424003	SRX7236493	Microbe sample from Escherichia coli	NextSeq 500 sequencing: Barcode sequencing of E. coli evolving in antibiotics	1630	81500	ftp.sra.ebi.ac.uk/vol1/fastq/SRR105/033/SRR10554733/SRR10554733.fastq.gz	fccd1c7340cee36a366f9e67089e6262	19623	SINGLE
SRR10554737	SAMN13423999	SRX7236489	Microbe sample from Escherichia coli	NextSeq 500 sequencing: Barcode sequencing of E. coli evolving in antibiotics	615983	30799150	ftp.sra.ebi.ac.uk/vol1/fastq/SRR105/037/SRR10554737/SRR10554737.fastq.gz	3f6e95688c8303f4687722df66b929dd	7232028	SINGLE
SRR10554738	SAMN13423998	SRX7236488	Microbe sample from Escherichia coli	NextSeq 500 sequencing: Barcode sequencing of E. coli evolving in antibiotics	487946	24397300	ftp.sra.ebi.ac.uk/vol1/fastq/SRR105/038/SRR10554738/SRR10554738.fastq.gz	4ecc99f328d33661558e80caa7a6a9d6	6950905	SINGLE
SRR10553819	SAMN13423673	SRX7236127	Microbe sample from Escherichia coli	NextSeq 500 sequencing: Barcode sequencing of E. coli evolving in antibiotics	795547	46937273	ftp.sra.ebi.ac.uk/vol1/fastq/SRR105/019/SRR10553819/SRR10553819.fastq.gz	e268b4001c02ceec61a2d13ea592b256	10276208	SINGLE
SRR10553820	SAMN13423672	SRX7236126	Microbe sample from Escherichia coli	NextSeq 500 sequencing: Barcode sequencing of E. coli evolving in antibiotics	784502	46285618	ftp.sra.ebi.ac.uk/vol1/fastq/SRR105/020/SRR10553820/SRR10553820.fastq.gz	b5eda47d15bdac064b313e1a166f1799	9315122	SINGLE
SRR10553821	SAMN13423671	SRX7236125	Microbe sample from Escherichia coli	NextSeq 500 sequencing: Barcode sequencing of E. coli evolving in antibiotics	803080	47381720	ftp.sra.ebi.ac.uk/vol1/fastq/SRR105/021/SRR10553821/SRR10553821.fastq.gz	d63695ca7cde2c1bde24ef072c236450	9854024	SINGLE
SRR10553834	SAMN13423659	SRX7236112	Microbe sample from Escherichia coli	NextSeq 500 sequencing: Barcode sequencing of E. coli evolving in antibiotics	1038840	61291560	ftp.sra.ebi.ac.uk/vol1/fastq/SRR105/034/SRR10553834/SRR10553834.fastq.gz	11059791abf9af7e44ac8e9d1f0ef918	16371775	SINGLE
SRR10553835	SAMN13423658	SRX7236111	Microbe sample from Escherichia coli	NextSeq 500 sequencing: Barcode sequencing of E. coli evolving in antibiotics	17256	1018104	ftp.sra.ebi.ac.uk/vol1/fastq/SRR105/035/SRR10553835/SRR10553835.fastq.gz	51dd8cb61ae567ab7545501a234cd33c	325874	SINGLE
SRR10553842	SAMN13423652	SRX7236104	Microbe sample from Escherichia coli	NextSeq 500 sequencing: Barcode sequencing of E. coli evolving in antibiotics	382017	19100850	ftp.sra.ebi.ac.uk/vol1/fastq/SRR105/042/SRR10553842/SRR10553842.fastq.gz	81495210bd7297a5ea97767bace4ad3d	3928262	SINGLE
SRR10553848	SAMN13423539	SRX7236098	Microbe sample from Escherichia coli	NextSeq 500 sequencing: Barcode sequencing of E. coli evolving in antibiotics	503954	25197700	ftp.sra.ebi.ac.uk/vol1/fastq/SRR105/048/SRR10553848/SRR10553848.fastq.gz	7f6b83f223396c765bae5da4db26c571	5098354	SINGLE
SRR10553851	SAMN13423644	SRX7236095	Microbe sample from Escherichia coli	NextSeq 500 sequencing: Barcode sequencing of E. coli evolving in antibiotics	468377	23418850	ftp.sra.ebi.ac.uk/vol1/fastq/SRR105/051/SRR10553851/SRR10553851.fastq.gz	e03c9a32bbd05ef13b002b3039e441b9	4427678	SINGLE
SRR10553852	SAMN13423643	SRX7236094	Microbe sample from Escherichia coli	NextSeq 500 sequencing: Barcode sequencing of E. coli evolving in antibiotics	465100	23255000	ftp.sra.ebi.ac.uk/vol1/fastq/SRR105/052/SRR10553852/SRR10553852.fastq.gz	9de562619d1a154df7d234e2d13f5e72	4862090	SINGLE
SRR10553857	SAMN13423638	SRX7236089	Microbe sample from Escherichia coli	NextSeq 500 sequencing: Barcode sequencing of E. coli evolving in antibiotics	460636	23031800	ftp.sra.ebi.ac.uk/vol1/fastq/SRR105/057/SRR10553857/SRR10553857.fastq.gz	c37243fcdd636c5288d4629e63a3dcbc	4790378	SINGLE
SRR10553864	SAMN13423632	SRX7236082	Microbe sample from Escherichia coli	NextSeq 500 sequencing: Barcode sequencing of E. coli evolving in antibiotics	469765	23488250	ftp.sra.ebi.ac.uk/vol1/fastq/SRR105/064/SRR10553864/SRR10553864.fastq.gz	71804c57d7339c53f9a1d6d287d36185	4625788	SINGLE
SRR10553867	SAMN13423629	SRX7236079	Microbe sample from Escherichia coli	NextSeq 500 sequencing: Barcode sequencing of E. coli evolving in antibiotics	470032	23501600	ftp.sra.ebi.ac.uk/vol1/fastq/SRR105/067/SRR10553867/SRR10553867.fastq.gz	7578c267d2a20e0892905a5bd9099b40	4797341	SINGLE
SRR10553868	SAMN13423628	SRX7236078	Microbe sample from Escherichia coli	NextSeq 500 sequencing: Barcode sequencing of E. coli evolving in antibiotics	461891	23094550	ftp.sra.ebi.ac.uk/vol1/fastq/SRR105/068/SRR10553868/SRR10553868.fastq.gz	2ae75e3d49e803187f665ca2349b1425	4398441	SINGLE
SRR10553869	SAMN13423626	SRX7236077	Microbe sample from Escherichia coli	NextSeq 500 sequencing: Barcode sequencing of E. coli evolving in antibiotics	446664	22333200	ftp.sra.ebi.ac.uk/vol1/fastq/SRR105/069/SRR10553869/SRR10553869.fastq.gz	8c6b4c0cbf28e016eef696a35fd5b62a	4456046	SINGLE
SRR10553875	SAMN13424469	SRX7236071	Microbe sample from Escherichia coli	NextSeq 500 sequencing: Barcode sequencing of E. coli evolving in antibiotics	2620574	131028700	ftp.sra.ebi.ac.uk/vol1/fastq/SRR105/075/SRR10553875/SRR10553875.fastq.gz	5b6723eef9db5fa3de37905ca2ad30c1	50185423	SINGLE
SRR10553877	SAMN13424467	SRX7236069	Microbe sample from Escherichia coli	NextSeq 500 sequencing: Barcode sequencing of E. coli evolving in antibiotics	2681030	134051500	ftp.sra.ebi.ac.uk/vol1/fastq/SRR105/077/SRR10553877/SRR10553877.fastq.gz	3685f6b4237aa5e6afbb65542150833c	49633581	SINGLE
SRR10553880	SAMN13424465	SRX7236066	Microbe sample from Escherichia coli	NextSeq 500 sequencing: Barcode sequencing of E. coli evolving in antibiotics	2049021	102451050	ftp.sra.ebi.ac.uk/vol1/fastq/SRR105/080/SRR10553880/SRR10553880.fastq.gz	22fca7e1d77c4309e77b635d3db8ee65	41152520	SINGLE
SRR10553883	SAMN13424462	SRX7236063	Microbe sample from Escherichia coli	NextSeq 500 sequencing: Barcode sequencing of E. coli evolving in antibiotics	2798253	139912650	ftp.sra.ebi.ac.uk/vol1/fastq/SRR105/083/SRR10553883/SRR10553883.fastq.gz	ea5de4336c7d13165a9f62a0fb3f8ce4	55839280	SINGLE
SRR10553894	SAMN13424452	SRX7236052	Microbe sample from Escherichia coli	NextSeq 500 sequencing: Barcode sequencing of E. coli evolving in antibiotics	2069180	103459000	ftp.sra.ebi.ac.uk/vol1/fastq/SRR105/094/SRR10553894/SRR10553894.fastq.gz	ee14c75317a9f936d2220eb6cd36e7fb	41131707	SINGLE
SRR10553904	SAMN13424443	SRX7236042	Microbe sample from Escherichia coli	NextSeq 500 sequencing: Barcode sequencing of E. coli evolving in antibiotics	1963734	98186700	ftp.sra.ebi.ac.uk/vol1/fastq/SRR105/004/SRR10553904/SRR10553904.fastq.gz	afa4cf37906f472e904d0122db81fd7d	37141624	SINGLE
SRR10553907	SAMN13424440	SRX7236039	Microbe sample from Escherichia coli	NextSeq 500 sequencing: Barcode sequencing of E. coli evolving in antibiotics	2535657	126782850	ftp.sra.ebi.ac.uk/vol1/fastq/SRR105/007/SRR10553907/SRR10553907.fastq.gz	390e5a0a06f3e9fc6024409c78d03dfb	45779094	SINGLE
SRR10553908	SAMN13424439	SRX7236038	Microbe sample from Escherichia coli	NextSeq 500 sequencing: Barcode sequencing of E. coli evolving in antibiotics	2602977	130148850	ftp.sra.ebi.ac.uk/vol1/fastq/SRR105/008/SRR10553908/SRR10553908.fastq.gz	9b806dbb14fd20b03967f5b44f0b45ff	49306054	SINGLE
SRR10553911	SAMN13423618	SRX7236035	Microbe sample from Escherichia coli	NextSeq 500 sequencing: Barcode sequencing of E. coli evolving in antibiotics	388067	19403350	ftp.sra.ebi.ac.uk/vol1/fastq/SRR105/011/SRR10553911/SRR10553911.fastq.gz	802f9c02cc83d262cbe2234058be2c7a	4598237	SINGLE
SRR10553917	SAMN13424431	SRX7236029	Microbe sample from Escherichia coli	NextSeq 500 sequencing: Barcode sequencing of E. coli evolving in antibiotics	1906195	95309750	ftp.sra.ebi.ac.uk/vol1/fastq/SRR105/017/SRR10553917/SRR10553917.fastq.gz	0319436889bdc4a4c7a3d7ea13b89523	36683426	SINGLE
SRR10553920	SAMN13424428	SRX7236026	Microbe sample from Escherichia coli	NextSeq 500 sequencing: Barcode sequencing of E. coli evolving in antibiotics	2216917	110845850	ftp.sra.ebi.ac.uk/vol1/fastq/SRR105/020/SRR10553920/SRR10553920.fastq.gz	f281a27ef007e99a8f87c7d22eb6e296	41410815	SINGLE
SRR10553925	SAMN13424425	SRX7236021	Microbe sample from Escherichia coli	NextSeq 500 sequencing: Barcode sequencing of E. coli evolving in antibiotics	1897306	94865300	ftp.sra.ebi.ac.uk/vol1/fastq/SRR105/025/SRR10553925/SRR10553925.fastq.gz	36d075c03bd5ebb8669fe17bd1f595bb	38567291	SINGLE
SRR10553927	SAMN13424423	SRX7236019	Microbe sample from Escherichia coli	NextSeq 500 sequencing: Barcode sequencing of E. coli evolving in antibiotics	1939554	96977700	ftp.sra.ebi.ac.uk/vol1/fastq/SRR105/027/SRR10553927/SRR10553927.fastq.gz	20ca28c44ea5bca5b059e5e4075a7247	38138033	SINGLE
SRR10553935	SAMN13424416	SRX7236011	Microbe sample from Escherichia coli	NextSeq 500 sequencing: Barcode sequencing of E. coli evolving in antibiotics	2482621	124131050	ftp.sra.ebi.ac.uk/vol1/fastq/SRR105/035/SRR10553935/SRR10553935.fastq.gz	cb1eb6b1b8787156342555cc90a3f30b	61919693	SINGLE
SRR10553943	SAMN13424408	SRX7236003	Microbe sample from Escherichia coli	NextSeq 500 sequencing: Barcode sequencing of E. coli evolving in antibiotics	2359611	117980550	ftp.sra.ebi.ac.uk/vol1/fastq/SRR105/043/SRR10553943/SRR10553943.fastq.gz	41bf696f03cf81eca7b5abf40e89925f	58286491	SINGLE
SRR10553945	SAMN13423615	SRX7236001	Microbe sample from Escherichia coli	NextSeq 500 sequencing: Barcode sequencing of E. coli evolving in antibiotics	382208	19110400	ftp.sra.ebi.ac.uk/vol1/fastq/SRR105/045/SRR10553945/SRR10553945.fastq.gz	d0c6c93266b06510d900aff08a775b57	4618897	SINGLE
SRR10553964	SAMN13424389	SRX7235982	Microbe sample from Escherichia coli	NextSeq 500 sequencing: Barcode sequencing of E. coli evolving in antibiotics	866584	51128456	ftp.sra.ebi.ac.uk/vol1/fastq/SRR105/064/SRR10553964/SRR10553964.fastq.gz	e7dbfe93bde40bb569fbeb19a261d9c8	12634654	SINGLE
SRR10553966	SAMN13424387	SRX7235980	Microbe sample from Escherichia coli	NextSeq 500 sequencing: Barcode sequencing of E. coli evolving in antibiotics	875827	51673793	ftp.sra.ebi.ac.uk/vol1/fastq/SRR105/066/SRR10553966/SRR10553966.fastq.gz	9b44ec3c9fe4c21de7eab000bfcb2763	12145086	SINGLE
SRR10553971	SAMN13424383	SRX7235975	Microbe sample from Escherichia coli	NextSeq 500 sequencing: Barcode sequencing of E. coli evolving in antibiotics	896175	52874325	ftp.sra.ebi.ac.uk/vol1/fastq/SRR105/071/SRR10553971/SRR10553971.fastq.gz	064fc4d3c11cb4d35c169e89f9b9b142	12041744	SINGLE
SRR10553975	SAMN13424379	SRX7235971	Microbe sample from Escherichia coli	NextSeq 500 sequencing: Barcode sequencing of E. coli evolving in antibiotics	905877	53446743	ftp.sra.ebi.ac.uk/vol1/fastq/SRR105/075/SRR10553975/SRR10553975.fastq.gz	fb6f6d2e03c8598c06a1dfcd3985eac2	12739571	SINGLE
SRR10553976	SAMN13424378	SRX7235970	Microbe sample from Escherichia coli	NextSeq 500 sequencing: Barcode sequencing of E. coli evolving in antibiotics	827077	48797543	ftp.sra.ebi.ac.uk/vol1/fastq/SRR105/076/SRR10553976/SRR10553976.fastq.gz	601e9d2f50658473c63bfc302740cefd	13035381	SINGLE
SRR10553988	SAMN13424367	SRX7235958	Microbe sample from Escherichia coli	NextSeq 500 sequencing: Barcode sequencing of E. coli evolving in antibiotics	388285	22908815	ftp.sra.ebi.ac.uk/vol1/fastq/SRR105/088/SRR10553988/SRR10553988.fastq.gz	efe32747d78ad37dad3d579e7c84298f	5520145	SINGLE
SRR10553994	SAMN13424362	SRX7235952	Microbe sample from Escherichia coli	NextSeq 500 sequencing: Barcode sequencing of E. coli evolving in antibiotics	1188113	70098667	ftp.sra.ebi.ac.uk/vol1/fastq/SRR105/094/SRR10553994/SRR10553994.fastq.gz	9352bc51f163db9fdee8906f0a7eae55	18771208	SINGLE
SRR10554000	SAMN13423610	SRX7235946	Microbe sample from Escherichia coli	NextSeq 500 sequencing: Barcode sequencing of E. coli evolving in antibiotics	559309	27965450	ftp.sra.ebi.ac.uk/vol1/fastq/SRR105/000/SRR10554000/SRR10554000.fastq.gz	96769e8b23bd5c7fcf094e18fd652c6b	6951219	SINGLE
SRR10554010	SAMN13424347	SRX7235936	Microbe sample from Escherichia coli	NextSeq 500 sequencing: Barcode sequencing of E. coli evolving in antibiotics	1269765	74916135	ftp.sra.ebi.ac.uk/vol1/fastq/SRR105/010/SRR10554010/SRR10554010.fastq.gz	558cc4c08b766ba3163e0360c72ac0b1	25619186	SINGLE
SRR10554013	SAMN13424345	SRX7235933	Microbe sample from Escherichia coli	NextSeq 500 sequencing: Barcode sequencing of E. coli evolving in antibiotics	1185089	69920251	ftp.sra.ebi.ac.uk/vol1/fastq/SRR105/013/SRR10554013/SRR10554013.fastq.gz	f6308c75b935a78cd783d87760a3d173	24974839	SINGLE
SRR10554015	SAMN13424343	SRX7235931	Microbe sample from Escherichia coli	NextSeq 500 sequencing: Barcode sequencing of E. coli evolving in antibiotics	1207318	71231762	ftp.sra.ebi.ac.uk/vol1/fastq/SRR105/015/SRR10554015/SRR10554015.fastq.gz	98fd256c6ca41dbc664af1d0dc593f2d	24558085	SINGLE
SRR10554016	SAMN13424342	SRX7235930	Microbe sample from Escherichia coli	NextSeq 500 sequencing: Barcode sequencing of E. coli evolving in antibiotics	1067780	62999020	ftp.sra.ebi.ac.uk/vol1/fastq/SRR105/016/SRR10554016/SRR10554016.fastq.gz	b0acb45c87ba895ead8c417e149b3878	14636850	SINGLE
SRR10554017	SAMN13424341	SRX7235929	Microbe sample from Escherichia coli	NextSeq 500 sequencing: Barcode sequencing of E. coli evolving in antibiotics	1086588	64108692	ftp.sra.ebi.ac.uk/vol1/fastq/SRR105/017/SRR10554017/SRR10554017.fastq.gz	ebf07d0eb9acafd01b083d7aec2d643c	14815308	SINGLE
SRR10554029	SAMN13424330	SRX7235917	Microbe sample from Escherichia coli	NextSeq 500 sequencing: Barcode sequencing of E. coli evolving in antibiotics	942040	55580360	ftp.sra.ebi.ac.uk/vol1/fastq/SRR105/029/SRR10554029/SRR10554029.fastq.gz	c9dbb476c9007bad6869382bf3e3ff5d	12922576	SINGLE
SRR10554031	SAMN13424328	SRX7235915	Microbe sample from Escherichia coli	NextSeq 500 sequencing: Barcode sequencing of E. coli evolving in antibiotics	946408	55838072	ftp.sra.ebi.ac.uk/vol1/fastq/SRR105/031/SRR10554031/SRR10554031.fastq.gz	dabdd28d136da3e07fdb64e530d90a0a	11934607	SINGLE
SRR10554038	SAMN13424323	SRX7235908	Microbe sample from Escherichia coli	NextSeq 500 sequencing: Barcode sequencing of E. coli evolving in antibiotics	1080934	63775106	ftp.sra.ebi.ac.uk/vol1/fastq/SRR105/038/SRR10554038/SRR10554038.fastq.gz	b9ed0bf8a4d85c1b998d42c5536d8eb8	13708564	SINGLE
SRR10554041	SAMN13424320	SRX7235905	Microbe sample from Escherichia coli	NextSeq 500 sequencing: Barcode sequencing of E. coli evolving in antibiotics	1038598	61277282	ftp.sra.ebi.ac.uk/vol1/fastq/SRR105/041/SRR10554041/SRR10554041.fastq.gz	3fbceda68b5443c8f2e7d0c68ab7ece9	13443669	SINGLE
SRR10554046	SAMN13424316	SRX7235900	Microbe sample from Escherichia coli	NextSeq 500 sequencing: Barcode sequencing of E. coli evolving in antibiotics	955541	56376919	ftp.sra.ebi.ac.uk/vol1/fastq/SRR105/046/SRR10554046/SRR10554046.fastq.gz	29b9fbc6c83dad2072bd1cfffaf67510	12155219	SINGLE
SRR10554052	SAMN13424310	SRX7235894	Microbe sample from Escherichia coli	NextSeq 500 sequencing: Barcode sequencing of E. coli evolving in antibiotics	993689	58627651	ftp.sra.ebi.ac.uk/vol1/fastq/SRR105/052/SRR10554052/SRR10554052.fastq.gz	82ff26b7f3f8f5e44b196096bed21257	15402604	SINGLE
SRR10554053	SAMN13424309	SRX7235893	Microbe sample from Escherichia coli	NextSeq 500 sequencing: Barcode sequencing of E. coli evolving in antibiotics	1014804	59873436	ftp.sra.ebi.ac.uk/vol1/fastq/SRR105/053/SRR10554053/SRR10554053.fastq.gz	920245bb23bc67f5cfa203d6ca57ab1d	15630737	SINGLE
SRR10554057	SAMN13424306	SRX7235889	Microbe sample from Escherichia coli	NextSeq 500 sequencing: Barcode sequencing of E. coli evolving in antibiotics	1112764	65653076	ftp.sra.ebi.ac.uk/vol1/fastq/SRR105/057/SRR10554057/SRR10554057.fastq.gz	71ecdef19306e6f5dfa6f137d2277fe7	16325470	SINGLE
SRR10554064	SAMN13424299	SRX7235882	Microbe sample from Escherichia coli	NextSeq 500 sequencing: Barcode sequencing of E. coli evolving in antibiotics	1250461	73777199	ftp.sra.ebi.ac.uk/vol1/fastq/SRR105/064/SRR10554064/SRR10554064.fastq.gz	229d70ab487b8df94e831ae89a972f1a	17376198	SINGLE
SRR10554067	SAMN13423604	SRX7235879	Microbe sample from Escherichia coli	NextSeq 500 sequencing: Barcode sequencing of E. coli evolving in antibiotics	443092	22154600	ftp.sra.ebi.ac.uk/vol1/fastq/SRR105/067/SRR10554067/SRR10554067.fastq.gz	7e063267e5d041b57478d136140993e6	4056262	SINGLE
SRR10554070	SAMN13424294	SRX7235876	Microbe sample from Escherichia coli	NextSeq 500 sequencing: Barcode sequencing of E. coli evolving in antibiotics	1257604	74198636	ftp.sra.ebi.ac.uk/vol1/fastq/SRR105/070/SRR10554070/SRR10554070.fastq.gz	cc3be34a7f83c6599564f16cc77e63b9	21552528	SINGLE
SRR10554076	SAMN13424288	SRX7235870	Microbe sample from Escherichia coli	NextSeq 500 sequencing: Barcode sequencing of E. coli evolving in antibiotics	1238265	73057635	ftp.sra.ebi.ac.uk/vol1/fastq/SRR105/076/SRR10554076/SRR10554076.fastq.gz	17a7db3a43e908c0a5c9abf66771f8a1	24589367	SINGLE
SRR10554084	SAMN13424281	SRX7235862	Microbe sample from Escherichia coli	NextSeq 500 sequencing: Barcode sequencing of E. coli evolving in antibiotics	1242805	73325495	ftp.sra.ebi.ac.uk/vol1/fastq/SRR105/084/SRR10554084/SRR10554084.fastq.gz	11c45caea45b310fda77d20155488506	25723264	SINGLE
SRR10554090	SAMN13424276	SRX7235856	Microbe sample from Escherichia coli	NextSeq 500 sequencing: Barcode sequencing of E. coli evolving in antibiotics	2188264	109413200	ftp.sra.ebi.ac.uk/vol1/fastq/SRR105/090/SRR10554090/SRR10554090.fastq.gz	38f3248ae46740c909f6ee514d3621fc	38792235	SINGLE
SRR10554093	SAMN13424273	SRX7235853	Microbe sample from Escherichia coli	NextSeq 500 sequencing: Barcode sequencing of E. coli evolving in antibiotics	1925852	96292600	ftp.sra.ebi.ac.uk/vol1/fastq/SRR105/093/SRR10554093/SRR10554093.fastq.gz	b497e10178442e6e7063e0596e918cfc	39971726	SINGLE
SRR10554095	SAMN13424271	SRX7235851	Microbe sample from Escherichia coli	NextSeq 500 sequencing: Barcode sequencing of E. coli evolving in antibiotics	2029958	101497900	ftp.sra.ebi.ac.uk/vol1/fastq/SRR105/095/SRR10554095/SRR10554095.fastq.gz	d1d98e983e3c4ec573dfb47c1f770d5f	41400275	SINGLE
SRR10554096	SAMN13424270	SRX7235850	Microbe sample from Escherichia coli	NextSeq 500 sequencing: Barcode sequencing of E. coli evolving in antibiotics	2302549	115127450	ftp.sra.ebi.ac.uk/vol1/fastq/SRR105/096/SRR10554096/SRR10554096.fastq.gz	f06f14aae6c87c4ada27a7746481a02c	48677212	SINGLE
SRR10554097	SAMN13424269	SRX7235849	Microbe sample from Escherichia coli	NextSeq 500 sequencing: Barcode sequencing of E. coli evolving in antibiotics	2413575	120678750	ftp.sra.ebi.ac.uk/vol1/fastq/SRR105/097/SRR10554097/SRR10554097.fastq.gz	46f79bcce09e7d7a611f5db8ea772550	49150183	SINGLE
SRR10554102	SAMN13424265	SRX7235844	Microbe sample from Escherichia coli	NextSeq 500 sequencing: Barcode sequencing of E. coli evolving in antibiotics	2167679	108383950	ftp.sra.ebi.ac.uk/vol1/fastq/SRR105/002/SRR10554102/SRR10554102.fastq.gz	600f89095e03a86696d608ac16687510	45554834	SINGLE
SRR10554103	SAMN13424264	SRX7235843	Microbe sample from Escherichia coli	NextSeq 500 sequencing: Barcode sequencing of E. coli evolving in antibiotics	2177171	108858550	ftp.sra.ebi.ac.uk/vol1/fastq/SRR105/003/SRR10554103/SRR10554103.fastq.gz	c70c2ef7041aa10b6d94c1c143e23952	43515274	SINGLE
SRR10554131	SAMN13424238	SRX7235815	Microbe sample from Escherichia coli	NextSeq 500 sequencing: Barcode sequencing of E. coli evolving in antibiotics	2214859	110742950	ftp.sra.ebi.ac.uk/vol1/fastq/SRR105/031/SRR10554131/SRR10554131.fastq.gz	7c8329a4df7961f405666e2a7bdcf1e0	51024243	SINGLE
SRR10554144	SAMN13423986	SRX7236474	Microbe sample from Escherichia coli	NextSeq 500 sequencing: Barcode sequencing of E. coli evolving in antibiotics	591243	29562150	ftp.sra.ebi.ac.uk/vol1/fastq/SRR105/044/SRR10554144/SRR10554144.fastq.gz	a982e1a4a9b7ade9e2978e20f3b97cd7	7208588	SINGLE
SRR10554150	SAMN13423980	SRX7236468	Microbe sample from Escherichia coli	NextSeq 500 sequencing: Barcode sequencing of E. coli evolving in antibiotics	777653	38882650	ftp.sra.ebi.ac.uk/vol1/fastq/SRR105/050/SRR10554150/SRR10554150.fastq.gz	faf3a644de58c78dcddf7971b45cc4e5	9393789	SINGLE
SRR10554158	SAMN13423973	SRX7236460	Microbe sample from Escherichia coli	NextSeq 500 sequencing: Barcode sequencing of E. coli evolving in antibiotics	851760	42588000	ftp.sra.ebi.ac.uk/vol1/fastq/SRR105/058/SRR10554158/SRR10554158.fastq.gz	ca1516ea43718bfe6e9e4d869c62568e	14801816	SINGLE
SRR10554159	SAMN13423972	SRX7236459	Microbe sample from Escherichia coli	NextSeq 500 sequencing: Barcode sequencing of E. coli evolving in antibiotics	841990	42099500	ftp.sra.ebi.ac.uk/vol1/fastq/SRR105/059/SRR10554159/SRR10554159.fastq.gz	db1f8777fb1d1008da43959a954fbe48	13995773	SINGLE
SRR10554164	SAMN13423967	SRX7236454	Microbe sample from Escherichia coli	NextSeq 500 sequencing: Barcode sequencing of E. coli evolving in antibiotics	619850	30992500	ftp.sra.ebi.ac.uk/vol1/fastq/SRR105/064/SRR10554164/SRR10554164.fastq.gz	7910df681812ba573e956ab80005d03a	7166786	SINGLE
SRR10554175	SAMN13423957	SRX7236443	Microbe sample from Escherichia coli	NextSeq 500 sequencing: Barcode sequencing of E. coli evolving in antibiotics	677197	33859850	ftp.sra.ebi.ac.uk/vol1/fastq/SRR105/075/SRR10554175/SRR10554175.fastq.gz	5c38ec4e99a1465dcf950a6137ce2a61	7769405	SINGLE
SRR10554181	SAMN13423952	SRX7236437	Microbe sample from Escherichia coli	NextSeq 500 sequencing: Barcode sequencing of E. coli evolving in antibiotics	782606	39130300	ftp.sra.ebi.ac.uk/vol1/fastq/SRR105/081/SRR10554181/SRR10554181.fastq.gz	222acf7e67a95df3163c3b1ec6f1c76d	8532613	SINGLE
SRR10554186	SAMN13423947	SRX7236432	Microbe sample from Escherichia coli	NextSeq 500 sequencing: Barcode sequencing of E. coli evolving in antibiotics	540125	27006250	ftp.sra.ebi.ac.uk/vol1/fastq/SRR105/086/SRR10554186/SRR10554186.fastq.gz	dbfd2ba64e3bcd6e60bc7518f4c13737	5979912	SINGLE
SRR10554194	SAMN13423940	SRX7236424	Microbe sample from Escherichia coli	NextSeq 500 sequencing: Barcode sequencing of E. coli evolving in antibiotics	645058	32252900	ftp.sra.ebi.ac.uk/vol1/fastq/SRR105/094/SRR10554194/SRR10554194.fastq.gz	b266fc7e808e90f15ca925920a07f09e	6730935	SINGLE
SRR10554195	SAMN13423939	SRX7236423	Microbe sample from Escherichia coli	NextSeq 500 sequencing: Barcode sequencing of E. coli evolving in antibiotics	636521	31826050	ftp.sra.ebi.ac.uk/vol1/fastq/SRR105/095/SRR10554195/SRR10554195.fastq.gz	c288bca85241e4605d0f0d51367020a9	7349642	SINGLE
SRR10554197	SAMN13423937	SRX7236421	Microbe sample from Escherichia coli	NextSeq 500 sequencing: Barcode sequencing of E. coli evolving in antibiotics	695717	34785850	ftp.sra.ebi.ac.uk/vol1/fastq/SRR105/097/SRR10554197/SRR10554197.fastq.gz	2900d68cae080d1e235a8c8a7272d8f8	8166869	SINGLE
SRR10554203	SAMN13423932	SRX7236415	Microbe sample from Escherichia coli	NextSeq 500 sequencing: Barcode sequencing of E. coli evolving in antibiotics	645483	32274150	ftp.sra.ebi.ac.uk/vol1/fastq/SRR105/003/SRR10554203/SRR10554203.fastq.gz	cafa371e2d5b37a73eb480e86401cc47	7875620	SINGLE
SRR10554220	SAMN13423917	SRX7236398	Microbe sample from Escherichia coli	NextSeq 500 sequencing: Barcode sequencing of E. coli evolving in antibiotics	745468	37273400	ftp.sra.ebi.ac.uk/vol1/fastq/SRR105/020/SRR10554220/SRR10554220.fastq.gz	1be1fb0edd7a4d58b865d83709278b38	10943643	SINGLE
SRR10554225	SAMN13423913	SRX7236393	Microbe sample from Escherichia coli	NextSeq 500 sequencing: Barcode sequencing of E. coli evolving in antibiotics	733155	36657750	ftp.sra.ebi.ac.uk/vol1/fastq/SRR105/025/SRR10554225/SRR10554225.fastq.gz	bbc06333e02f38c8893d93b9ee3c756a	12542222	SINGLE
SRR10554241	SAMN13423898	SRX7236377	Microbe sample from Escherichia coli	NextSeq 500 sequencing: Barcode sequencing of E. coli evolving in antibiotics	683985	40355115	ftp.sra.ebi.ac.uk/vol1/fastq/SRR105/041/SRR10554241/SRR10554241.fastq.gz	bf200deb4bc5301077ecfb451cbb49f2	8417300	SINGLE
SRR10554242	SAMN13423897	SRX7236376	Microbe sample from Escherichia coli	NextSeq 500 sequencing: Barcode sequencing of E. coli evolving in antibiotics	689409	40675131	ftp.sra.ebi.ac.uk/vol1/fastq/SRR105/042/SRR10554242/SRR10554242.fastq.gz	21548fe37596412307b582de3d4ddcac	8454232	SINGLE
SRR10554254	SAMN13423563	SRX7236364	Microbe sample from Escherichia coli	NextSeq 500 sequencing: Barcode sequencing of E. coli evolving in antibiotics	581839	29091950	ftp.sra.ebi.ac.uk/vol1/fastq/SRR105/054/SRR10554254/SRR10554254.fastq.gz	a57a0bc414b823528ba82d9cceb2eef2	6252052	SINGLE
SRR10554255	SAMN13423886	SRX7236363	Microbe sample from Escherichia coli	NextSeq 500 sequencing: Barcode sequencing of E. coli evolving in antibiotics	748229	44145511	ftp.sra.ebi.ac.uk/vol1/fastq/SRR105/055/SRR10554255/SRR10554255.fastq.gz	447cedaf5269c945f29e59252efc0501	10066509	SINGLE
SRR10554262	SAMN13423879	SRX7236356	Microbe sample from Escherichia coli	NextSeq 500 sequencing: Barcode sequencing of E. coli evolving in antibiotics	821527	48470093	ftp.sra.ebi.ac.uk/vol1/fastq/SRR105/062/SRR10554262/SRR10554262.fastq.gz	7dc131b5b1cf020b65ac87d6b0c24947	10786928	SINGLE
SRR10554269	SAMN13423873	SRX7236349	Microbe sample from Escherichia coli	NextSeq 500 sequencing: Barcode sequencing of E. coli evolving in antibiotics	992383	58550597	ftp.sra.ebi.ac.uk/vol1/fastq/SRR105/069/SRR10554269/SRR10554269.fastq.gz	7eb08d0f2a4f27b044bae53e66d84150	15638695	SINGLE
SRR10554270	SAMN13423872	SRX7236348	Microbe sample from Escherichia coli	NextSeq 500 sequencing: Barcode sequencing of E. coli evolving in antibiotics	992986	58586174	ftp.sra.ebi.ac.uk/vol1/fastq/SRR105/070/SRR10554270/SRR10554270.fastq.gz	d90c61aaf81634746fd6fd76f17fb626	14403260	SINGLE
SRR10554273	SAMN13423869	SRX7236345	Microbe sample from Escherichia coli	NextSeq 500 sequencing: Barcode sequencing of E. coli evolving in antibiotics	1176292	69401228	ftp.sra.ebi.ac.uk/vol1/fastq/SRR105/073/SRR10554273/SRR10554273.fastq.gz	f3d6fba057d7d9453e66d9157a83ab28	17253865	SINGLE
SRR10554276	SAMN13423561	SRX7236342	Microbe sample from Escherichia coli	NextSeq 500 sequencing: Barcode sequencing of E. coli evolving in antibiotics	634824	31741200	ftp.sra.ebi.ac.uk/vol1/fastq/SRR105/076/SRR10554276/SRR10554276.fastq.gz	7a9024f8f8dea900c4088e779765cad5	6519547	SINGLE
SRR10554277	SAMN13423866	SRX7236341	Microbe sample from Escherichia coli	NextSeq 500 sequencing: Barcode sequencing of E. coli evolving in antibiotics	1128767	66597253	ftp.sra.ebi.ac.uk/vol1/fastq/SRR105/077/SRR10554277/SRR10554277.fastq.gz	23f6026a1c09edc7e62b9de604fbb248	16729397	SINGLE
SRR10554280	SAMN13423863	SRX7236338	Microbe sample from Escherichia coli	NextSeq 500 sequencing: Barcode sequencing of E. coli evolving in antibiotics	1160538	68471742	ftp.sra.ebi.ac.uk/vol1/fastq/SRR105/080/SRR10554280/SRR10554280.fastq.gz	1ba9f5e657e6373b78f81e21c0581363	16512288	SINGLE
SRR10554282	SAMN13423861	SRX7236336	Microbe sample from Escherichia coli	NextSeq 500 sequencing: Barcode sequencing of E. coli evolving in antibiotics	1118450	65988550	ftp.sra.ebi.ac.uk/vol1/fastq/SRR105/082/SRR10554282/SRR10554282.fastq.gz	26dd66d6664f1c1ea4ddaf1d53cc74da	17484128	SINGLE
SRR10554290	SAMN13423854	SRX7236328	Microbe sample from Escherichia coli	NextSeq 500 sequencing: Barcode sequencing of E. coli evolving in antibiotics	183	10797	ftp.sra.ebi.ac.uk/vol1/fastq/SRR105/090/SRR10554290/SRR10554290.fastq.gz	18b3f34c2d88efc3784b3c03301d1877	3764	SINGLE
SRR10554312	SAMN13423834	SRX7236306	Microbe sample from Escherichia coli	NextSeq 500 sequencing: Barcode sequencing of E. coli evolving in antibiotics	540367	27018350	ftp.sra.ebi.ac.uk/vol1/fastq/SRR105/012/SRR10554312/SRR10554312.fastq.gz	816fafbbb591024f5b37d05368bb8e90	5843878	SINGLE
SRR10554317	SAMN13423829	SRX7236301	Microbe sample from Escherichia coli	NextSeq 500 sequencing: Barcode sequencing of E. coli evolving in antibiotics	569505	28475250	ftp.sra.ebi.ac.uk/vol1/fastq/SRR105/017/SRR10554317/SRR10554317.fastq.gz	3a2aaf0bb6c361e45a020bd4775935d1	5879079	SINGLE
SRR10554322	SAMN13423826	SRX7236296	Microbe sample from Escherichia coli	NextSeq 500 sequencing: Barcode sequencing of E. coli evolving in antibiotics	555509	27775450	ftp.sra.ebi.ac.uk/vol1/fastq/SRR105/022/SRR10554322/SRR10554322.fastq.gz	3c657d9decea8dbf656a560e21f2cb40	6219621	SINGLE
SRR10554324	SAMN13423824	SRX7236294	Microbe sample from Escherichia coli	NextSeq 500 sequencing: Barcode sequencing of E. coli evolving in antibiotics	555445	27772250	ftp.sra.ebi.ac.uk/vol1/fastq/SRR105/024/SRR10554324/SRR10554324.fastq.gz	98940be5a12a52b26466bb624769763d	5700948	SINGLE
SRR10554325	SAMN13423823	SRX7236293	Microbe sample from Escherichia coli	NextSeq 500 sequencing: Barcode sequencing of E. coli evolving in antibiotics	552481	27624050	ftp.sra.ebi.ac.uk/vol1/fastq/SRR105/025/SRR10554325/SRR10554325.fastq.gz	026a7669b2124346cde505957fef3d3e	6256086	SINGLE
SRR10554327	SAMN13423821	SRX7236291	Microbe sample from Escherichia coli	NextSeq 500 sequencing: Barcode sequencing of E. coli evolving in antibiotics	661949	33097450	ftp.sra.ebi.ac.uk/vol1/fastq/SRR105/027/SRR10554327/SRR10554327.fastq.gz	313191a22e6222dabef1364fa2034a9e	7564763	SINGLE
SRR10554334	SAMN13423815	SRX7236284	Microbe sample from Escherichia coli	NextSeq 500 sequencing: Barcode sequencing of E. coli evolving in antibiotics	541087	27054350	ftp.sra.ebi.ac.uk/vol1/fastq/SRR105/034/SRR10554334/SRR10554334.fastq.gz	716804f4a3432f7a47ec0c154b02d48a	6207673	SINGLE
SRR10554335	SAMN13423814	SRX7236283	Microbe sample from Escherichia coli	NextSeq 500 sequencing: Barcode sequencing of E. coli evolving in antibiotics	642247	32112350	ftp.sra.ebi.ac.uk/vol1/fastq/SRR105/035/SRR10554335/SRR10554335.fastq.gz	243b78d9b9ed6108feee35d348e03cac	7550802	SINGLE
SRR10554346	SAMN13423804	SRX7236272	Microbe sample from Escherichia coli	NextSeq 500 sequencing: Barcode sequencing of E. coli evolving in antibiotics	529082	26454100	ftp.sra.ebi.ac.uk/vol1/fastq/SRR105/046/SRR10554346/SRR10554346.fastq.gz	cecbc5759a3a9c9fd5110217656a129e	5377419	SINGLE
SRR10554347	SAMN13423803	SRX7236271	Microbe sample from Escherichia coli	NextSeq 500 sequencing: Barcode sequencing of E. coli evolving in antibiotics	534079	26703950	ftp.sra.ebi.ac.uk/vol1/fastq/SRR105/047/SRR10554347/SRR10554347.fastq.gz	c574f450e5948d713b8a26b20f3ca206	6008279	SINGLE
SRR10554353	SAMN13423797	SRX7236265	Microbe sample from Escherichia coli	NextSeq 500 sequencing: Barcode sequencing of E. coli evolving in antibiotics	621031	31051550	ftp.sra.ebi.ac.uk/vol1/fastq/SRR105/053/SRR10554353/SRR10554353.fastq.gz	06aaeaee1956d9e6c9475466f3248b0e	6690792	SINGLE
SRR10554361	SAMN13423790	SRX7236257	Microbe sample from Escherichia coli	NextSeq 500 sequencing: Barcode sequencing of E. coli evolving in antibiotics	708592	35429600	ftp.sra.ebi.ac.uk/vol1/fastq/SRR105/061/SRR10554361/SRR10554361.fastq.gz	913fb8099669a0f09a22582b1ae1e9f6	9557706	SINGLE
SRR10554362	SAMN13423789	SRX7236256	Microbe sample from Escherichia coli	NextSeq 500 sequencing: Barcode sequencing of E. coli evolving in antibiotics	719364	35968200	ftp.sra.ebi.ac.uk/vol1/fastq/SRR105/062/SRR10554362/SRR10554362.fastq.gz	cba4378923234c6ab0bd50e2fcd5da89	9552447	SINGLE
SRR10554363	SAMN13423788	SRX7236255	Microbe sample from Escherichia coli	NextSeq 500 sequencing: Barcode sequencing of E. coli evolving in antibiotics	709534	35476700	ftp.sra.ebi.ac.uk/vol1/fastq/SRR105/063/SRR10554363/SRR10554363.fastq.gz	6a08e71183a5b233f78dea54d34436d3	8905049	SINGLE
SRR10554366	SAMN13423786	SRX7236252	Microbe sample from Escherichia coli	NextSeq 500 sequencing: Barcode sequencing of E. coli evolving in antibiotics	713831	35691550	ftp.sra.ebi.ac.uk/vol1/fastq/SRR105/066/SRR10554366/SRR10554366.fastq.gz	066a9ae82f628a77daf71ab5348e257e	12398324	SINGLE
SRR10554369	SAMN13423783	SRX7236249	Microbe sample from Escherichia coli	NextSeq 500 sequencing: Barcode sequencing of E. coli evolving in antibiotics	703239	35161950	ftp.sra.ebi.ac.uk/vol1/fastq/SRR105/069/SRR10554369/SRR10554369.fastq.gz	a2fffec505f7bf2829e52103225c0376	12306930	SINGLE
SRR10554379	SAMN13423774	SRX7236239	Microbe sample from Escherichia coli	NextSeq 500 sequencing: Barcode sequencing of E. coli evolving in antibiotics	589514	29475700	ftp.sra.ebi.ac.uk/vol1/fastq/SRR105/079/SRR10554379/SRR10554379.fastq.gz	5b5e5c28c83737ba0bacae3115ebe305	6884822	SINGLE
SRR10554382	SAMN13423771	SRX7236236	Microbe sample from Escherichia coli	NextSeq 500 sequencing: Barcode sequencing of E. coli evolving in antibiotics	585806	29290300	ftp.sra.ebi.ac.uk/vol1/fastq/SRR105/082/SRR10554382/SRR10554382.fastq.gz	336665e8dbc9f32dfc226261c29057c6	6904628	SINGLE
SRR10554386	SAMN13423767	SRX7236232	Microbe sample from Escherichia coli	NextSeq 500 sequencing: Barcode sequencing of E. coli evolving in antibiotics	706708	35335400	ftp.sra.ebi.ac.uk/vol1/fastq/SRR105/086/SRR10554386/SRR10554386.fastq.gz	e1c7b1ace89ec2e114dc950c01155fe6	8166947	SINGLE
SRR10554388	SAMN13423766	SRX7236230	Microbe sample from Escherichia coli	NextSeq 500 sequencing: Barcode sequencing of E. coli evolving in antibiotics	707955	35397750	ftp.sra.ebi.ac.uk/vol1/fastq/SRR105/088/SRR10554388/SRR10554388.fastq.gz	50624ab92f5e605a79357c48ae163b8f	8398941	SINGLE
SRR10554397	SAMN13423757	SRX7236221	Microbe sample from Escherichia coli	NextSeq 500 sequencing: Barcode sequencing of E. coli evolving in antibiotics	636375	31818750	ftp.sra.ebi.ac.uk/vol1/fastq/SRR105/097/SRR10554397/SRR10554397.fastq.gz	f9fabbb79294c3ac7fa6523292ce4e04	8718675	SINGLE
SRR10554399	SAMN13423756	SRX7236219	Microbe sample from Escherichia coli	NextSeq 500 sequencing: Barcode sequencing of E. coli evolving in antibiotics	609481	30474050	ftp.sra.ebi.ac.uk/vol1/fastq/SRR105/099/SRR10554399/SRR10554399.fastq.gz	a451781aaded3179f6801d9fbd2c9923	8107782	SINGLE
SRR10554401	SAMN13423754	SRX7236217	Microbe sample from Escherichia coli	NextSeq 500 sequencing: Barcode sequencing of E. coli evolving in antibiotics	579192	28959600	ftp.sra.ebi.ac.uk/vol1/fastq/SRR105/001/SRR10554401/SRR10554401.fastq.gz	963e7579c03503614e031aa351eceeea	6742080	SINGLE
SRR10554411	SAMN13423745	SRX7236207	Microbe sample from Escherichia coli	NextSeq 500 sequencing: Barcode sequencing of E. coli evolving in antibiotics	634737	31736850	ftp.sra.ebi.ac.uk/vol1/fastq/SRR105/011/SRR10554411/SRR10554411.fastq.gz	3b438806f3e92f88d7b499f5c2038c0a	8279138	SINGLE
SRR10554412	SAMN13423744	SRX7236206	Microbe sample from Escherichia coli	NextSeq 500 sequencing: Barcode sequencing of E. coli evolving in antibiotics	635561	31778050	ftp.sra.ebi.ac.uk/vol1/fastq/SRR105/012/SRR10554412/SRR10554412.fastq.gz	f39f1a91fc9352d0beaf57717e6453c9	7694266	SINGLE
SRR10554416	SAMN13423740	SRX7236202	Microbe sample from Escherichia coli	NextSeq 500 sequencing: Barcode sequencing of E. coli evolving in antibiotics	627201	31360050	ftp.sra.ebi.ac.uk/vol1/fastq/SRR105/016/SRR10554416/SRR10554416.fastq.gz	ba9f10e07aa6cd2819188e8de303d785	7647105	SINGLE
SRR10554422	SAMN13423735	SRX7236196	Microbe sample from Escherichia coli	NextSeq 500 sequencing: Barcode sequencing of E. coli evolving in antibiotics	763897	38194850	ftp.sra.ebi.ac.uk/vol1/fastq/SRR105/022/SRR10554422/SRR10554422.fastq.gz	8aeda2b65c6049a568e37189b8036387	9376266	SINGLE
SRR10554429	SAMN13423728	SRX7236189	Microbe sample from Escherichia coli	NextSeq 500 sequencing: Barcode sequencing of E. coli evolving in antibiotics	897267	44863350	ftp.sra.ebi.ac.uk/vol1/fastq/SRR105/029/SRR10554429/SRR10554429.fastq.gz	b82e59c5a938fa9a3325e3f303034761	13374766	SINGLE
SRR10554430	SAMN13423727	SRX7236188	Microbe sample from Escherichia coli	NextSeq 500 sequencing: Barcode sequencing of E. coli evolving in antibiotics	879411	43970550	ftp.sra.ebi.ac.uk/vol1/fastq/SRR105/030/SRR10554430/SRR10554430.fastq.gz	70e85e7d1518fe23880325b1fc071c37	14037561	SINGLE
SRR10554444	SAMN13423716	SRX7236174	Microbe sample from Escherichia coli	NextSeq 500 sequencing: Barcode sequencing of E. coli evolving in antibiotics	666517	39324503	ftp.sra.ebi.ac.uk/vol1/fastq/SRR105/044/SRR10554444/SRR10554444.fastq.gz	7dc353d97948ca93046d225c521db5e5	7031373	SINGLE
SRR10554446	SAMN13423714	SRX7236172	Microbe sample from Escherichia coli	NextSeq 500 sequencing: Barcode sequencing of E. coli evolving in antibiotics	662762	39102958	ftp.sra.ebi.ac.uk/vol1/fastq/SRR105/046/SRR10554446/SRR10554446.fastq.gz	0b6fa8bd91c2fa1e53cb6bb9db6eb3ac	7961601	SINGLE
SRR10554447	SAMN13423713	SRX7236171	Microbe sample from Escherichia coli	NextSeq 500 sequencing: Barcode sequencing of E. coli evolving in antibiotics	670146	39538614	ftp.sra.ebi.ac.uk/vol1/fastq/SRR105/047/SRR10554447/SRR10554447.fastq.gz	e453619ed82d6bacfae77435a1aa28f3	8034468	SINGLE
SRR10554454	SAMN13423545	SRX7236164	Microbe sample from Escherichia coli	NextSeq 500 sequencing: Barcode sequencing of E. coli evolving in antibiotics	661578	33078900	ftp.sra.ebi.ac.uk/vol1/fastq/SRR105/054/SRR10554454/SRR10554454.fastq.gz	7b4a8fcb25740d1eac3997a0f5107fbe	7012477	SINGLE
SRR10554455	SAMN13423706	SRX7236163	Microbe sample from Escherichia coli	NextSeq 500 sequencing: Barcode sequencing of E. coli evolving in antibiotics	648609	38267931	ftp.sra.ebi.ac.uk/vol1/fastq/SRR105/055/SRR10554455/SRR10554455.fastq.gz	4c33be11d48b88a6525c5acd87f45a70	7720643	SINGLE
SRR10554460	SAMN13423701	SRX7236158	Microbe sample from Escherichia coli	NextSeq 500 sequencing: Barcode sequencing of E. coli evolving in antibiotics	1050100	61955900	ftp.sra.ebi.ac.uk/vol1/fastq/SRR105/060/SRR10554460/SRR10554460.fastq.gz	c0f5b162065fd4400d3368665e74eafa	15452761	SINGLE
SRR10554461	SAMN13423700	SRX7236157	Microbe sample from Escherichia coli	NextSeq 500 sequencing: Barcode sequencing of E. coli evolving in antibiotics	1032652	60926468	ftp.sra.ebi.ac.uk/vol1/fastq/SRR105/061/SRR10554461/SRR10554461.fastq.gz	345986318208292f344ef8457aec1d1e	14084983	SINGLE
SRR10554474	SAMN13423688	SRX7236144	Microbe sample from Escherichia coli	NextSeq 500 sequencing: Barcode sequencing of E. coli evolving in antibiotics	549900	32444100	ftp.sra.ebi.ac.uk/vol1/fastq/SRR105/074/SRR10554474/SRR10554474.fastq.gz	88c6eb1d1d2aaad974e5b6521c6f5f32	6633286	SINGLE
SRR10554478	SAMN13424232	SRX7236748	Microbe sample from Escherichia coli	NextSeq 500 sequencing: Barcode sequencing of E. coli evolving in antibiotics	2001382	100069100	ftp.sra.ebi.ac.uk/vol1/fastq/SRR105/078/SRR10554478/SRR10554478.fastq.gz	de1c91d7161b239c1ed99cf188deb810	46052532	SINGLE
SRR10554479	SAMN13424231	SRX7236747	Microbe sample from Escherichia coli	NextSeq 500 sequencing: Barcode sequencing of E. coli evolving in antibiotics	2051633	102581650	ftp.sra.ebi.ac.uk/vol1/fastq/SRR105/079/SRR10554479/SRR10554479.fastq.gz	6a243e9a5ad843d31f85b1d83568506d	48831855	SINGLE
SRR10554480	SAMN13424230	SRX7236746	Microbe sample from Escherichia coli	NextSeq 500 sequencing: Barcode sequencing of E. coli evolving in antibiotics	2078721	103936050	ftp.sra.ebi.ac.uk/vol1/fastq/SRR105/080/SRR10554480/SRR10554480.fastq.gz	7b5c29fb5bdc7f5cf15228d44fe960e2	54420854	SINGLE
SRR10554487	SAMN13424225	SRX7236739	Microbe sample from Escherichia coli	NextSeq 500 sequencing: Barcode sequencing of E. coli evolving in antibiotics	2424188	121209400	ftp.sra.ebi.ac.uk/vol1/fastq/SRR105/087/SRR10554487/SRR10554487.fastq.gz	3669482710d6581acaa9f1fe5617207a	62493010	SINGLE
SRR10554504	SAMN13424209	SRX7236722	Microbe sample from Escherichia coli	NextSeq 500 sequencing: Barcode sequencing of E. coli evolving in antibiotics	814883	48078097	ftp.sra.ebi.ac.uk/vol1/fastq/SRR105/004/SRR10554504/SRR10554504.fastq.gz	f7d7430431d013f65b5536a600def9e1	10899704	SINGLE
SRR10554507	SAMN13423595	SRX7236719	Microbe sample from Escherichia coli	NextSeq 500 sequencing: Barcode sequencing of E. coli evolving in antibiotics	612632	30631600	ftp.sra.ebi.ac.uk/vol1/fastq/SRR105/007/SRR10554507/SRR10554507.fastq.gz	982ae38af6688174c14d2962468aae5d	7455436	SINGLE
SRR10554508	SAMN13424206	SRX7236718	Microbe sample from Escherichia coli	NextSeq 500 sequencing: Barcode sequencing of E. coli evolving in antibiotics	633312	37365408	ftp.sra.ebi.ac.uk/vol1/fastq/SRR105/008/SRR10554508/SRR10554508.fastq.gz	9f2b27cc0499c230bc830e1dfe1c32df	10871858	SINGLE
SRR10554510	SAMN13424204	SRX7236716	Microbe sample from Escherichia coli	NextSeq 500 sequencing: Barcode sequencing of E. coli evolving in antibiotics	652068	38472012	ftp.sra.ebi.ac.uk/vol1/fastq/SRR105/010/SRR10554510/SRR10554510.fastq.gz	ef6b87937c60878e6b66134ed028335d	10211379	SINGLE
SRR10554517	SAMN13424197	SRX7236709	Microbe sample from Escherichia coli	NextSeq 500 sequencing: Barcode sequencing of E. coli evolving in antibiotics	916310	54062290	ftp.sra.ebi.ac.uk/vol1/fastq/SRR105/017/SRR10554517/SRR10554517.fastq.gz	520bec5d147246fb7d80342c5c0aec1c	12949023	SINGLE
SRR10554519	SAMN13424196	SRX7236707	Microbe sample from Escherichia coli	NextSeq 500 sequencing: Barcode sequencing of E. coli evolving in antibiotics	906147	53462673	ftp.sra.ebi.ac.uk/vol1/fastq/SRR105/019/SRR10554519/SRR10554519.fastq.gz	794ae083339008c5448911848638d215	11871971	SINGLE
SRR10554520	SAMN13424195	SRX7236706	Microbe sample from Escherichia coli	NextSeq 500 sequencing: Barcode sequencing of E. coli evolving in antibiotics	922575	54431925	ftp.sra.ebi.ac.uk/vol1/fastq/SRR105/020/SRR10554520/SRR10554520.fastq.gz	73c3c6c0c72a565c2161563e7aa2e4d5	12474012	SINGLE
SRR10554525	SAMN13424190	SRX7236701	Microbe sample from Escherichia coli	NextSeq 500 sequencing: Barcode sequencing of E. coli evolving in antibiotics	853034	50329006	ftp.sra.ebi.ac.uk/vol1/fastq/SRR105/025/SRR10554525/SRR10554525.fastq.gz	97819c9f2bee0f98f2e5addf4b7108cd	12769887	SINGLE
SRR10554533	SAMN13424183	SRX7236693	Microbe sample from Escherichia coli	NextSeq 500 sequencing: Barcode sequencing of E. coli evolving in antibiotics	952372	56189948	ftp.sra.ebi.ac.uk/vol1/fastq/SRR105/033/SRR10554533/SRR10554533.fastq.gz	2cd1680e14a67acf92c33c3342a9fc0d	14483781	SINGLE
SRR10554548	SAMN13424169	SRX7236678	Microbe sample from Escherichia coli	NextSeq 500 sequencing: Barcode sequencing of E. coli evolving in antibiotics	1236875	72975625	ftp.sra.ebi.ac.uk/vol1/fastq/SRR105/048/SRR10554548/SRR10554548.fastq.gz	95085a7c9d69bed775265329a0705910	24162136	SINGLE
SRR10554550	SAMN13424167	SRX7236676	Microbe sample from Escherichia coli	NextSeq 500 sequencing: Barcode sequencing of E. coli evolving in antibiotics	1255928	74099752	ftp.sra.ebi.ac.uk/vol1/fastq/SRR105/050/SRR10554550/SRR10554550.fastq.gz	28a08c42c67421fca80561be92b109fd	23689351	SINGLE
SRR10554554	SAMN13424164	SRX7236672	Microbe sample from Escherichia coli	NextSeq 500 sequencing: Barcode sequencing of E. coli evolving in antibiotics	1221917	72093103	ftp.sra.ebi.ac.uk/vol1/fastq/SRR105/054/SRR10554554/SRR10554554.fastq.gz	27149e6acffef5fa90edc3199dbe9300	23824076	SINGLE
SRR10554559	SAMN13424159	SRX7236667	Microbe sample from Escherichia coli	NextSeq 500 sequencing: Barcode sequencing of E. coli evolving in antibiotics	1182919	69792221	ftp.sra.ebi.ac.uk/vol1/fastq/SRR105/059/SRR10554559/SRR10554559.fastq.gz	e9d4f3a4ec658713e442b6e74d97ca6a	23457140	SINGLE
SRR10554568	SAMN13424151	SRX7236658	Microbe sample from Escherichia coli	NextSeq 500 sequencing: Barcode sequencing of E. coli evolving in antibiotics	1127711	66534949	ftp.sra.ebi.ac.uk/vol1/fastq/SRR105/068/SRR10554568/SRR10554568.fastq.gz	29b2b57f1c05d0d53a63ecdc83a3f847	22837993	SINGLE
SRR10554569	SAMN13424150	SRX7236657	Microbe sample from Escherichia coli	NextSeq 500 sequencing: Barcode sequencing of E. coli evolving in antibiotics	1082044	63840596	ftp.sra.ebi.ac.uk/vol1/fastq/SRR105/069/SRR10554569/SRR10554569.fastq.gz	1ecb3ee6be62cfb997f24435aee95e4d	14809721	SINGLE
SRR10554578	SAMN13424142	SRX7236648	Microbe sample from Escherichia coli	NextSeq 500 sequencing: Barcode sequencing of E. coli evolving in antibiotics	1140345	67280355	ftp.sra.ebi.ac.uk/vol1/fastq/SRR105/078/SRR10554578/SRR10554578.fastq.gz	33e1a870cb1bc37c866a7600ab17d09e	16898840	SINGLE
SRR10554580	SAMN13424140	SRX7236646	Microbe sample from Escherichia coli	NextSeq 500 sequencing: Barcode sequencing of E. coli evolving in antibiotics	1144284	67512756	ftp.sra.ebi.ac.uk/vol1/fastq/SRR105/080/SRR10554580/SRR10554580.fastq.gz	44b72b221c34ec3a5ed3da6c176fe861	15652897	SINGLE
SRR10554585	SAMN13424136	SRX7236641	Microbe sample from Escherichia coli	NextSeq 500 sequencing: Barcode sequencing of E. coli evolving in antibiotics	1207784	71259256	ftp.sra.ebi.ac.uk/vol1/fastq/SRR105/085/SRR10554585/SRR10554585.fastq.gz	788652d31a0914c1192966f85ff7b78a	17304331	SINGLE
SRR10554589	SAMN13424132	SRX7236637	Microbe sample from Escherichia coli	NextSeq 500 sequencing: Barcode sequencing of E. coli evolving in antibiotics	1199643	70778937	ftp.sra.ebi.ac.uk/vol1/fastq/SRR105/089/SRR10554589/SRR10554589.fastq.gz	a39192cf2db74a94ba5d896e4ea642e4	17247055	SINGLE
SRR10554590	SAMN13424131	SRX7236636	Microbe sample from Escherichia coli	NextSeq 500 sequencing: Barcode sequencing of E. coli evolving in antibiotics	1233447	72773373	ftp.sra.ebi.ac.uk/vol1/fastq/SRR105/090/SRR10554590/SRR10554590.fastq.gz	632a207cb8973da2d32f013cfe88a377	18326223	SINGLE
SRR10554592	SAMN13424129	SRX7236634	Microbe sample from Escherichia coli	NextSeq 500 sequencing: Barcode sequencing of E. coli evolving in antibiotics	891698	52610182	ftp.sra.ebi.ac.uk/vol1/fastq/SRR105/092/SRR10554592/SRR10554592.fastq.gz	4df77d12953e600aed0b66a9d5d23fcc	13773430	SINGLE
SRR10554594	SAMN13424127	SRX7236632	Microbe sample from Escherichia coli	NextSeq 500 sequencing: Barcode sequencing of E. coli evolving in antibiotics	906760	53498840	ftp.sra.ebi.ac.uk/vol1/fastq/SRR105/094/SRR10554594/SRR10554594.fastq.gz	5e3553d6f49bbd4da5a2e1653cee8628	13394835	SINGLE
SRR10554598	SAMN13424125	SRX7236628	Microbe sample from Escherichia coli	NextSeq 500 sequencing: Barcode sequencing of E. coli evolving in antibiotics	192	11328	ftp.sra.ebi.ac.uk/vol1/fastq/SRR105/098/SRR10554598/SRR10554598.fastq.gz	08b67ad66cceed209eb9e82e2a814d1f	5912	SINGLE
SRR10554603	SAMN13424120	SRX7236623	Microbe sample from Escherichia coli	NextSeq 500 sequencing: Barcode sequencing of E. coli evolving in antibiotics	1093195	64498505	ftp.sra.ebi.ac.uk/vol1/fastq/SRR105/003/SRR10554603/SRR10554603.fastq.gz	701e13cf5cdc1130735f21a43048dd60	16628238	SINGLE
SRR10554609	SAMN13424115	SRX7236617	Microbe sample from Escherichia coli	NextSeq 500 sequencing: Barcode sequencing of E. coli evolving in antibiotics	1154382	68108538	ftp.sra.ebi.ac.uk/vol1/fastq/SRR105/009/SRR10554609/SRR10554609.fastq.gz	dc39ddfb33888e3cdfbc5131140ee8a3	19073837	SINGLE
SRR10554612	SAMN13424112	SRX7236614	Microbe sample from Escherichia coli	NextSeq 500 sequencing: Barcode sequencing of E. coli evolving in antibiotics	1164712	68718008	ftp.sra.ebi.ac.uk/vol1/fastq/SRR105/012/SRR10554612/SRR10554612.fastq.gz	1d2a35e90426b35ac73fd58fc0ac108f	16931381	SINGLE
SRR10554622	SAMN13424103	SRX7236604	Microbe sample from Escherichia coli	NextSeq 500 sequencing: Barcode sequencing of E. coli evolving in antibiotics	1277852	75393268	ftp.sra.ebi.ac.uk/vol1/fastq/SRR105/022/SRR10554622/SRR10554622.fastq.gz	f1daf011b798c085341bba752d6cd6a6	23832017	SINGLE
SRR10554624	SAMN13424101	SRX7236602	Microbe sample from Escherichia coli	NextSeq 500 sequencing: Barcode sequencing of E. coli evolving in antibiotics	1151873	67960507	ftp.sra.ebi.ac.uk/vol1/fastq/SRR105/024/SRR10554624/SRR10554624.fastq.gz	b400f556f845500b8a515ac21e30aabf	23724820	SINGLE
SRR10554628	SAMN13424097	SRX7236598	Microbe sample from Escherichia coli	NextSeq 500 sequencing: Barcode sequencing of E. coli evolving in antibiotics	621	36639	ftp.sra.ebi.ac.uk/vol1/fastq/SRR105/028/SRR10554628/SRR10554628.fastq.gz	39db23a20deb446f7f91722be7625b14	13885	SINGLE
SRR10554633	SAMN13424093	SRX7236593	Microbe sample from Escherichia coli	NextSeq 500 sequencing: Barcode sequencing of E. coli evolving in antibiotics	1229341	72531119	ftp.sra.ebi.ac.uk/vol1/fastq/SRR105/033/SRR10554633/SRR10554633.fastq.gz	f5435fe6e5d3b99ac15f65f03c4ed6ae	25664827	SINGLE
SRR10554639	SAMN13424087	SRX7236587	Microbe sample from Escherichia coli	NextSeq 500 sequencing: Barcode sequencing of E. coli evolving in antibiotics	910206	53702154	ftp.sra.ebi.ac.uk/vol1/fastq/SRR105/039/SRR10554639/SRR10554639.fastq.gz	3245b32174db2c0ade15243fd4f86544	18429330	SINGLE
SRR10554654	SAMN13424074	SRX7236572	Microbe sample from Escherichia coli	NextSeq 500 sequencing: Barcode sequencing of E. coli evolving in antibiotics	1161529	58076450	ftp.sra.ebi.ac.uk/vol1/fastq/SRR105/054/SRR10554654/SRR10554654.fastq.gz	c3debacecae01c26b8fc10a34e291412	24060181	SINGLE
SRR10554660	SAMN13424068	SRX7236566	Microbe sample from Escherichia coli	NextSeq 500 sequencing: Barcode sequencing of E. coli evolving in antibiotics	1554289	77714450	ftp.sra.ebi.ac.uk/vol1/fastq/SRR105/060/SRR10554660/SRR10554660.fastq.gz	7d1275befba0a7fb7b115049de15756a	33354410	SINGLE
SRR10554663	SAMN13424066	SRX7236563	Microbe sample from Escherichia coli	NextSeq 500 sequencing: Barcode sequencing of E. coli evolving in antibiotics	1197311	59865550	ftp.sra.ebi.ac.uk/vol1/fastq/SRR105/063/SRR10554663/SRR10554663.fastq.gz	fea8bb1cf503d5f69bc3a5026a52234f	23101901	SINGLE
SRR10554666	SAMN13424063	SRX7236560	Microbe sample from Escherichia coli	NextSeq 500 sequencing: Barcode sequencing of E. coli evolving in antibiotics	1265028	63251400	ftp.sra.ebi.ac.uk/vol1/fastq/SRR105/066/SRR10554666/SRR10554666.fastq.gz	6205b48796896cf8d0d1c63f72c3bef0	22653689	SINGLE
SRR10554668	SAMN13424061	SRX7236558	Microbe sample from Escherichia coli	NextSeq 500 sequencing: Barcode sequencing of E. coli evolving in antibiotics	1187001	59350050	ftp.sra.ebi.ac.uk/vol1/fastq/SRR105/068/SRR10554668/SRR10554668.fastq.gz	cf54537e29085718388673c3a8b561cb	22190917	SINGLE
SRR10554671	SAMN13424058	SRX7236555	Microbe sample from Escherichia coli	NextSeq 500 sequencing: Barcode sequencing of E. coli evolving in antibiotics	1317080	65854000	ftp.sra.ebi.ac.uk/vol1/fastq/SRR105/071/SRR10554671/SRR10554671.fastq.gz	d0a52dc61c1d104b87bf201c276d0fff	25821812	SINGLE
SRR10554675	SAMN13424055	SRX7236551	Microbe sample from Escherichia coli	NextSeq 500 sequencing: Barcode sequencing of E. coli evolving in antibiotics	1394192	69709600	ftp.sra.ebi.ac.uk/vol1/fastq/SRR105/075/SRR10554675/SRR10554675.fastq.gz	74a754a34dab4482100c6f12de5981f6	25552673	SINGLE
SRR10554681	SAMN13424049	SRX7236545	Microbe sample from Escherichia coli	NextSeq 500 sequencing: Barcode sequencing of E. coli evolving in antibiotics	2324433	116221650	ftp.sra.ebi.ac.uk/vol1/fastq/SRR105/081/SRR10554681/SRR10554681.fastq.gz	82124581c435eee79b2d35e02281f0d1	47896262	SINGLE
SRR10554684	SAMN13423579	SRX7236542	Microbe sample from Escherichia coli	NextSeq 500 sequencing: Barcode sequencing of E. coli evolving in antibiotics	548038	27401900	ftp.sra.ebi.ac.uk/vol1/fastq/SRR105/084/SRR10554684/SRR10554684.fastq.gz	70796f0c8f14220ecc85bf5f1734e432	5686550	SINGLE
SRR10554688	SAMN13424043	SRX7236538	Microbe sample from Escherichia coli	NextSeq 500 sequencing: Barcode sequencing of E. coli evolving in antibiotics	2066197	103309850	ftp.sra.ebi.ac.uk/vol1/fastq/SRR105/088/SRR10554688/SRR10554688.fastq.gz	666b12f054a65aee6283e5aec7b7169c	42735841	SINGLE
SRR10554703	SAMN13424029	SRX7236523	Microbe sample from Escherichia coli	NextSeq 500 sequencing: Barcode sequencing of E. coli evolving in antibiotics	525265	26263250	ftp.sra.ebi.ac.uk/vol1/fastq/SRR105/003/SRR10554703/SRR10554703.fastq.gz	168e73536edb3d8a9206cf4f0bea7bf3	5865850	SINGLE
SRR10554709	SAMN13424025	SRX7236517	Microbe sample from Escherichia coli	NextSeq 500 sequencing: Barcode sequencing of E. coli evolving in antibiotics	352642	17632100	ftp.sra.ebi.ac.uk/vol1/fastq/SRR105/009/SRR10554709/SRR10554709.fastq.gz	0f2961f6e1144a3a53eb1183ab542d45	4182103	SINGLE
SRR10554710	SAMN13424024	SRX7236516	Microbe sample from Escherichia coli	NextSeq 500 sequencing: Barcode sequencing of E. coli evolving in antibiotics	346961	17348050	ftp.sra.ebi.ac.uk/vol1/fastq/SRR105/010/SRR10554710/SRR10554710.fastq.gz	69bdbbd309bb86ad91ce0ef7bc318c35	3788545	SINGLE
SRR10554715	SAMN13424019	SRX7236511	Microbe sample from Escherichia coli	NextSeq 500 sequencing: Barcode sequencing of E. coli evolving in antibiotics	590561	29528050	ftp.sra.ebi.ac.uk/vol1/fastq/SRR105/015/SRR10554715/SRR10554715.fastq.gz	7bbe1c744802e0d8ede101d98fa1b8e5	7044129	SINGLE
SRR10554726	SAMN13424009	SRX7236500	Microbe sample from Escherichia coli	NextSeq 500 sequencing: Barcode sequencing of E. coli evolving in antibiotics	545961	27298050	ftp.sra.ebi.ac.uk/vol1/fastq/SRR105/026/SRR10554726/SRR10554726.fastq.gz	beedf2d30bfd7307512cda1bb37eb3ba	6494809	SINGLE
SRR10554731	SAMN13424005	SRX7236495	Microbe sample from Escherichia coli	NextSeq 500 sequencing: Barcode sequencing of E. coli evolving in antibiotics	1629	81450	ftp.sra.ebi.ac.uk/vol1/fastq/SRR105/031/SRR10554731/SRR10554731.fastq.gz	686d574580bb804182f46d1c7c1781d3	18569	SINGLE
SRR10554739	SAMN13423997	SRX7236487	Microbe sample from Escherichia coli	NextSeq 500 sequencing: Barcode sequencing of E. coli evolving in antibiotics	494391	24719550	ftp.sra.ebi.ac.uk/vol1/fastq/SRR105/039/SRR10554739/SRR10554739.fastq.gz	a6d6be997ba984dbb1f82fe28fc6e4ec	7050689	SINGLE
SRR10554741	SAMN13423996	SRX7236485	Microbe sample from Escherichia coli	NextSeq 500 sequencing: Barcode sequencing of E. coli evolving in antibiotics	491994	24599700	ftp.sra.ebi.ac.uk/vol1/fastq/SRR105/041/SRR10554741/SRR10554741.fastq.gz	8ebaa292093dff0801de719f8e7d4ea1	6473664	SINGLE
SRR10554748	SAMN13423989	SRX7236478	Microbe sample from Escherichia coli	NextSeq 500 sequencing: Barcode sequencing of E. coli evolving in antibiotics	748714	37435700	ftp.sra.ebi.ac.uk/vol1/fastq/SRR105/048/SRR10554748/SRR10554748.fastq.gz	3a6557b6d951ca861f48df8a55647081	9040825	SINGLE
